0.88,0.44,0.21,-0.24,-1.28,-0.91,70
0.86,0.45,0.23,-1.46,-1.49,-1.13,70
0.87,0.42,0.25,-2.53,-1.37,-1.19,70
0.88,0.45,0.27,-1.8,-0.7,-0.4,70
0.86,0.47,0.15,-1.19,-0.37,-0.18,70
0.86,0.46,0.1,-0.4,-0.3,-0.3,70
0.86,0.45,0.1,-0.24,-0.12,-0.34,70
0.86,0.46,0.14,-0.67,0,-0.12,70
0.86,0.45,0.26,-1.65,-0.46,-0.06,70
0.88,0.42,0.32,-2.04,-0.12,-0.15,70
0.89,0.44,0.13,-1.13,-0.03,-0.27,70
0.85,0.44,0.28,-1.19,-0.09,-0.64,70
0.88,0.44,0.12,0.09,0.12,-0.58,70
0.85,0.46,0.17,-0.46,-0.18,-0.7,70
0.85,0.45,0.17,-1.13,-0.15,-0.85,70
0.88,0.45,0.26,-1.52,0.21,-0.91,70
0.87,0.49,0.21,-1.07,0.52,-0.82,70
0.87,0.47,0.19,0.43,0.18,-0.82,70
0.87,0.44,0.2,0.43,0.7,-1.22,70
0.86,0.44,0.21,0.37,0.24,-1.22,70
0.87,0.44,0.21,0.3,0.15,-1.68,70
0.86,0.44,0.21,0.03,-0.21,-1.55,70
0.87,0.44,0.21,-0.37,-0.09,-1.55,70
0.87,0.43,0.21,0.12,0.46,-1.59,70
0.86,0.43,0.2,2.41,1.07,-1.46,70
0.88,0.44,0.23,6.4,3.57,-3.75,70
0.89,0.48,0.28,12.96,12.29,-13.84,70
0.91,0.57,0.32,20.88,26.68,-37.38,70
0.95,0.7,0.36,23.9,42.38,-71.1,70
1.01,0.84,0.4,20.85,55.95,-105.61,70
1.07,0.93,0.42,25.12,66.92,-139.3,70
1.11,0.96,0.57,38.96,84.54,-174.09,70
1.12,1.1,0.66,40.7,106.8,-205.85,70
1.06,1.29,0.72,21.65,120.98,-234.42,70
0.98,1.44,0.84,-8.26,133.93,-262.04,70
0.94,1.42,0.82,-33.51,154.85,-282.65,70
0.82,1.28,0.8,-42.96,174.02,-286.04,70
0.65,1.11,0.81,-39.88,191.34,-277.38,70
0.5,0.96,0.85,-37.01,211.34,-267.01,70
0.33,0.78,0.77,-32.16,226.98,-253.99,70
0.13,0.6,0.63,-22.9,225.67,-235.64,70
0.01,0.5,0.53,-24.09,215.37,-216.62,70
-0.08,0.46,0.5,-46.46,201.65,-196.92,70
-0.13,0.41,0.47,-78.51,188.26,-173.57,70
-0.14,0.31,0.43,-102.65,174.76,-143.38,70
-0.13,0.25,0.29,-112.62,156.46,-104.54,70
-0.14,0.22,0.29,-106.71,135.3,-66.62,70
-0.15,0.22,0.38,-85.4,120.34,-35.46,70
-0.11,0.28,0.39,-63.29,106.1,-6.95,70
-0.03,0.45,0.36,-57.47,87.56,13.96,70
0.03,0.59,0.34,-56.68,73.87,25.95,70
-0.01,0.5,0.2,-38.14,57.8,36.13,70
-0.07,0.35,0.15,-2.93,40.49,47.29,70
-0.03,0.35,0.24,19.57,34.33,58.93,70
-0.01,0.53,0.39,13.51,29.45,68.26,70
0.08,0.88,0.58,-15.95,27.23,67.71,70
0.21,1.13,0.67,-39.57,24.36,56.52,70
0.23,0.9,0.47,-20.4,19.05,55.24,70
0.08,0.55,0.18,32.04,9.02,60.4,70
0.01,0.49,0.25,62.62,3.93,56.22,70
0.06,0.76,0.5,36.13,6.46,47.74,70
0.09,0.95,0.59,-17.32,3.51,47.65,70
0.04,0.88,0.52,-45.06,-6.95,53.17,70
-0.08,0.7,0.38,-31.01,-25.24,55.95,70
-0.13,0.68,0.22,-1.07,-39.7,51.59,70
-0.07,0.54,0.35,28.14,-55.06,52.5,70
0.05,0.45,0.47,16.04,-54.33,70.82,70
0.02,0.53,0.64,-20.52,-49.18,91.13,70
-0.14,0.77,0.94,-35.91,-33.35,100.58,70
-0.29,1.12,0.77,-1.16,-31.37,77.01,70
-0.46,1.43,0.77,37.16,-37.87,24.18,70
-0.38,2.54,1.11,25.18,-35.46,-56.92,70
0.39,1.07,0.72,37.23,-47.13,-63.11,70
0.69,0.04,0.68,71.71,-26.52,12.93,70
0.09,0.93,0.73,55.24,-21.16,56.16,70
-0.35,1.27,0.68,16.31,-44.02,13.6,70
-0.26,0.8,0.64,2.65,-53.81,-18.17,70
0.07,0.94,0.64,-1.83,-42.13,2.87,70
0.11,1.01,0.52,2.65,-44.73,40.85,70
0.02,0.93,0.45,20.09,-45.46,61.04,70
-0.05,0.97,0.51,30,-41.04,61.71,70
0.05,1,0.55,25.15,-39.54,66.25,70
0.14,1.03,0.54,12.5,-40.88,90.27,70
0.07,1.02,0.6,4.33,-42.01,111.65,70
0.08,0.94,0.62,5.58,-40.55,116.92,70
0.18,0.96,0.58,7.87,-39.39,124.39,70
0.25,0.93,0.53,14.97,-35.67,144.09,70
0.19,1,0.45,16.8,-35.95,161.4,70
0.1,0.95,0.49,13.32,-38.57,162.47,70
0.25,0.87,0.54,13.38,-35.49,158.81,70
0.4,0.82,0.55,17.01,-33.57,166.89,70
0.41,0.7,0.5,26.95,-34.33,177.16,70
0.34,0.69,0.5,35.73,-36.59,170.4,70
0.36,0.66,0.49,36.37,-38.81,153.41,70
0.4,0.74,0.49,25.46,-40.64,141.04,70
0.54,0.75,0.46,16.16,-37.23,134.85,70
0.64,0.69,0.43,18.81,-31.62,135.15,70
0.62,0.65,0.41,25.49,-28.17,137.32,70
0.61,0.64,0.41,22.16,-25.82,130.46,70
0.61,0.6,0.46,8.48,-24.48,119.36,70
0.64,0.58,0.43,-3.99,-23.48,111.37,70
0.69,0.58,0.41,-4.82,-23.2,106.98,70
0.68,0.46,0.44,3.35,-22.99,108.81,70
0.75,0.56,0.38,6.31,-20.37,107.01,70
0.8,0.47,0.4,8.48,-16.22,106.55,70
0.87,0.5,0.29,13.93,-15.15,106.25,70
0.95,0.46,0.24,27.1,-18.54,103.81,70
0.84,0.36,0.21,32.74,-23.57,102.01,70
0.78,0.87,0.12,11.43,-28.87,84.12,70
0.69,0.36,0.47,6.19,-33.29,79.39,70
0.88,0.26,0.45,9.82,-23.63,81.62,70
0.84,0.3,0.37,5.58,-21.13,77.9,70
0.76,0.32,0.31,0.73,-22.01,70,70
0.72,0.32,0.29,-1.31,-21.1,60.55,70
0.76,0.24,0.35,-0.76,-17.68,56.01,70
0.84,0.21,0.3,-1.16,-12.65,53.41,70
0.83,0.26,0.29,-3.02,-10.09,48.84,70
0.78,0.22,0.31,-5.91,-8.29,46.34,70
0.81,0.28,0.32,-8.26,-4.36,48.26,70
0.89,0.25,0.32,-5.82,-4.15,50.88,70
0.98,0.23,0.32,-6.22,-1.1,50.43,70
1,0.23,0.37,-9.48,4.88,52.44,70
0.95,0.25,0.27,-11.34,2.1,57.23,70
0.87,0.29,0.3,-13.32,-0.95,53.14,70
0.96,0.23,0.34,-15.49,-3.35,55.37,70
1.06,0.26,0.32,-17.2,-3.66,59.51,70
1.17,0.28,0.22,-10.91,-8.78,57.77,70
1.17,0.25,0.18,2.68,-15.52,60.82,70
1.09,0.29,0.28,8.84,-16.55,64.79,70
1.1,0.29,0.31,16.92,-17.68,68.38,70
1.22,0.27,0.25,29.27,-24.7,72.93,70
1.28,0.35,0.23,27.56,-39.09,70.85,70
1.51,0.47,0.4,8.66,-58.29,63.14,70
1.54,0.45,0.46,-12.47,-71.52,57.65,70
1.62,0.45,0.66,-36.8,-85.06,50.3,70
1.41,0.57,0.59,-66.1,-82.38,37.8,70
1.33,0.34,0.59,-73.93,-77.1,2.62,70
1.21,0.22,0.55,-44.48,-54.97,-35.98,70
0.95,0.19,0.65,9.76,-23.75,-59.79,70
0.82,0.28,0.88,55.03,-0.03,-81.74,70
0.73,0.26,0.91,72.23,32.07,-101.28,70
0.73,0.27,0.86,63.41,57.07,-117.62,70
0.74,0.62,0.44,16.43,69.63,-131.49,70
0.72,1.01,-0.08,-75.61,63.38,-149.24,70
1.01,1.01,-0.11,-172.84,31.43,-198.02,70
1.35,1.12,-0.11,-219.66,9.45,-270.52,70
1.42,0.99,-0.1,-216.62,17.23,-318.54,70
1.22,0.75,0.07,-163.29,41.92,-328.63,70
0.94,0.69,0.2,-79.91,71.46,-331.4,70
0.75,0.67,0.33,-4.63,94.6,-348.11,70
0.7,0.68,0.42,39.66,109.33,-373.63,70
0.74,0.69,0.43,44.39,123.66,-396.65,70
0.75,0.61,0.39,15.52,134.73,-404.6,70
0.69,0.41,0.23,-24.79,135.49,-390.52,70
0.53,0.27,0.26,-55.34,131.92,-361.16,70
0.4,0.28,0.4,-78.26,128.96,-327.32,70
0.28,0.3,0.5,-106.1,140.64,-301.46,70
0.14,0.26,0.55,-132.35,164.57,-289.66,70
0.12,0.26,0.53,-146.89,176.43,-280.15,70
0.13,0.22,0.56,-153.9,178.57,-260.95,70
0.09,0.19,0.61,-161.37,175.37,-226.52,70
0.13,0.28,0.63,-171.8,166.52,-176.98,70
0.13,0.31,0.64,-183.48,156.62,-117.26,70
0.13,0.4,0.69,-180.52,139.82,-54.66,70
0.09,0.57,0.73,-155.95,122.59,-0.91,70
0.07,0.63,0.68,-116.65,108.05,26.34,70
-0.01,0.58,0.64,-83.2,94.3,25.49,70
-0.04,0.39,0.57,-68.93,74.54,23.29,70
0.04,0.43,0.64,-62.71,51.49,43.26,70
0.07,0.75,0.75,-61.28,32.99,65.27,70
0.01,0.85,0.71,-65.73,21.43,64.15,70
-0.04,0.62,0.53,-61.86,9.02,50.79,70
-0.04,0.44,0.37,-29.88,-4.76,50.37,70
-0.04,0.44,0.29,25.79,-19.42,62.99,70
-0.03,0.54,0.3,77.8,-37.44,78.51,70
0.01,0.57,0.2,107.01,-53.84,96.19,70
-0.18,1.13,0.82,116.8,-71.04,126.25,70
0.54,3.02,1.52,122.62,-99.24,125.4,70
0.15,0.54,1.22,49.85,-1.86,50.37,70
0.08,0.36,1.15,45.55,-51.71,134.33,70
-0.15,1.13,1.38,39.76,-96.19,239.45,70
-0.65,1.08,0.71,19.24,-37.16,264.6,70
-1.1,0.51,0.42,17.9,16.04,200.91,70
-0.5,0.64,0.34,16.86,-63.11,116.98,70
0.1,0.7,0.48,10.98,-110.88,61.86,70
0.31,0.63,0.55,19.97,-94.12,80.34,70
0.19,0.59,0.49,38.63,-68.75,150.37,70
0,0.75,0.66,44.51,-59.48,194.09,70
-0.01,0.93,0.73,25.18,-66.59,178.78,70
0.07,0.78,0.68,-0.82,-59.39,136.71,70
0.19,0.66,0.64,-4.3,-50.09,118.51,70
0.27,0.66,0.75,11.07,-52.99,128.84,70
0.29,0.69,0.87,22.77,-66.95,142.8,70
0.32,0.67,0.89,8.87,-73.93,139.02,70
0.36,0.69,0.75,-21.46,-74.66,118.72,70
0.35,0.66,0.58,-45.98,-75.67,99.45,70
0.38,0.59,0.48,-46.74,-76.92,94.85,70
0.43,0.44,0.48,-27.35,-72.62,90.61,70
0.47,0.5,0.49,-5.34,-63.99,76.62,70
0.49,0.54,0.48,0.61,-52.32,61.49,70
0.53,0.5,0.46,-3.26,-38.6,52.84,70
0.55,0.53,0.43,-3.26,-25.37,46.22,70
0.53,0.47,0.52,3.02,-16.55,36.59,70
0.55,0.54,0.52,10.98,-11.62,27.35,70
0.56,0.53,0.53,12.29,-2.99,22.23,70
0.5,0.5,0.54,15.67,2.26,25.95,70
0.48,0.71,0.64,24.79,1.59,38.51,70
0.64,0.76,0.71,30.06,-8.23,40.43,70
0.76,0.66,0.67,28.6,-18.38,30.21,70
0.67,0.69,0.67,16.37,-26.49,36.4,70
0.57,0.62,0.58,-0.85,-32.44,59.91,70
0.55,0.6,0.6,-6.8,-33.29,69.57,70
0.66,0.55,0.56,0.49,-40.55,57.1,70
0.74,0.56,0.5,9.66,-45.85,50.21,70
0.71,0.57,0.45,9.36,-39.39,62.44,70
0.66,0.6,0.39,5.24,-32.1,77.04,70
0.64,0.59,0.45,7.71,-32.01,78.9,70
0.74,0.55,0.47,12.77,-30,75.95,70
0.83,0.58,0.45,17.23,-26.37,80.52,70
0.8,0.52,0.55,18.87,-25.12,94.7,70
0.82,0.5,0.55,19.05,-29.09,110.37,70
0.85,0.46,0.63,16.04,-34.3,115.76,70
0.85,0.45,0.44,12.59,-40.03,116.83,70
0.91,0.37,0.39,8.75,-47.16,121.4,70
0.81,0.32,0.77,15.7,-58.23,122.1,70
1.08,0.56,0.26,19.15,-67.9,120.27,70
0.93,0.41,0.3,3.6,-51.01,107.9,70
0.9,0.34,0.37,-0.82,-64.33,105.64,70
0.98,0.3,0.22,11.83,-61.16,117.1,70
1.11,0.29,0.27,30.7,-52.65,114.3,70
1.01,0.28,0.34,47.29,-56.49,110.52,70
0.93,0.42,0.25,48.32,-54.21,123.02,70
1.05,0.34,0.11,34.85,-56.4,110.67,70
1.07,0.25,0.03,34.02,-66.37,81.68,70
0.96,0.42,0.16,35.03,-77.04,65.24,70
1.06,0.59,0.18,9.91,-96.49,41.07,70
1.33,0.77,0.16,-15.67,-114.18,-9.97,70
1.55,0.96,0.03,-7.53,-128.81,-77.44,70
1.66,0.96,0.07,93.93,-143.84,-160.95,70
1.84,0.63,0.09,361.95,-144.79,-272.26,70
1.39,0.03,0.1,710.24,-104.45,-362.41,70
0.77,0,1.51,900.4,-80.61,-351.59,70
0.53,2.46,1.2,588.29,-41.62,-256.46,70
0.41,0.63,-0.05,42.2,-50.09,-126.31,70
0.75,-0.3,-1.26,-77.1,-100.03,-146.89,70
0.67,0.47,-0.48,89.12,-127.99,-165.82,70
0.57,0.66,0.05,46.1,-163.81,-136.92,70
0.24,0.9,-0.44,-142.07,-140.98,-92.1,70
-0.1,1.24,-0.45,-291.37,-151.07,-79.45,70
-0.18,1.16,-0.57,-397.56,-155.34,-134.91,70
-0.03,1.23,-0.54,-417.5,-137.1,-193.02,70
0.08,1.38,-0.41,-382.9,-114.24,-227.62,70
0.16,1.4,-0.21,-336.74,-89.05,-265.4,70
0.25,1.29,-0.1,-305.43,-66.92,-300.52,70
0.39,1.3,-0.1,-295.37,-45.55,-324.3,70
0.51,1.41,-0.15,-302.07,-20.95,-338.75,70
0.58,1.3,-0.02,-315.3,1.07,-342.07,70
0.59,1.17,0.21,-305.88,17.8,-328.57,70
0.41,1.07,0.48,-275.21,41.25,-302.07,70
0.19,1.09,0.72,-244.85,56.92,-264.79,70
0.11,1.13,0.82,-232.41,67.8,-224.36,70
0.05,1.09,0.8,-241.71,91.43,-191.43,70
-0.05,0.86,0.71,-252.87,108.9,-166.25,70
-0.09,0.58,0.58,-236.34,109.97,-145,70
-0.17,0.34,0.56,-186.74,109.12,-118.23,70
-0.18,0.24,0.74,-129.3,98.26,-82.53,70
-0.09,0.37,0.98,-104.05,74.88,-50.34,70
-0.01,0.68,1.05,-130.34,54.21,-29.3,70
0,0.8,0.94,-176.83,40.03,-14.66,70
0,0.52,0.66,-184.09,29.05,-1.46,70
-0.1,0.16,0.43,-133.17,22.35,10.49,70
-0.23,0.05,0.28,-59.57,13.99,17.29,70
-0.21,0.07,0.22,-11.68,-3.17,23.72,70
-0.08,0.13,0.25,2.13,-18.57,40.09,70
0.01,0.38,0.46,5.4,-25.85,70.58,70
0.15,0.82,0.61,3.45,-23.78,95.37,70
0.19,0.75,0.54,-11.77,-13.75,87.04,70
0.21,0.45,0.39,-22.65,-14.42,70.85,70
0.18,0.25,0.3,-14.76,-14.15,80.18,70
0.15,0.37,0.29,10.09,-9.51,97.96,70
0.16,0.61,0.37,32.65,-2.9,94.24,70
0.21,0.55,0.15,35.64,0.15,65.3,70
0.58,0.75,-0.03,21.8,-5.76,42.59,70
0.82,0.81,0.91,23.96,-31.28,3.63,70
0.31,0.75,1.43,55.09,-30.03,-0.52,70
-0.24,0.9,0.99,61.83,23.96,54.63,70
-0.78,0.22,0.62,56.1,83.41,79.42,70
-0.9,0.54,0.7,89.42,62.07,53.51,70
-0.89,1.12,0.84,104.54,40.24,-8.17,70
-0.54,0.83,0.97,55.37,18.23,-69.91,70
-0.09,0.8,0.91,-3.02,6.98,-79.7,70
0.07,0.71,0.81,-43.11,10.67,-39.42,70
-0.03,0.55,0.69,-40.37,0.98,18.08,70
-0.33,0.54,0.67,-0.18,-12.77,58.29,70
-0.53,0.74,0.7,45.37,-24.97,61.01,70
-0.5,0.83,0.76,56.37,-33.84,31.43,70
-0.31,0.86,0.75,32.96,-36.71,5.09,70
-0.18,0.84,0.67,2.44,-32.41,12.99,70
-0.22,0.85,0.64,-7.99,-29.27,46.83,70
-0.32,0.88,0.67,-1.86,-32.99,72.8,70
-0.34,0.87,0.74,5.52,-42.23,78.08,70
-0.23,0.83,0.8,13.6,-47.8,81.46,70
-0.09,0.8,0.82,27.26,-52.96,98.99,70
-0.08,0.77,0.83,45.7,-63.05,129.02,70
-0.16,0.74,0.86,58.32,-77.87,157.96,70
-0.17,0.73,0.84,56.13,-90.79,164.24,70
-0.11,0.76,0.75,40.34,-100.18,151.13,70
-0.04,0.71,0.66,20.34,-105.43,138.81,70
0.05,0.72,0.56,14.73,-107.13,136.13,70
0.09,0.63,0.58,25.61,-105.12,134.88,70
0.16,0.7,0.57,42.71,-104.94,130.67,70
0.2,0.73,0.58,44.27,-97.96,123.75,70
0.24,0.72,0.57,32.84,-90.52,115.55,70
0.29,0.69,0.53,23.29,-85.88,107.74,70
0.32,0.64,0.52,20.21,-76.4,99.51,70
0.4,0.63,0.43,23.6,-67.84,86.65,70
0.35,0.68,0.46,29.73,-58.05,75.98,70
0.39,0.74,0.51,31.55,-51.16,70.18,70
0.48,0.71,0.48,26.62,-44.05,58.99,70
0.49,0.73,0.45,19.51,-36.19,51.59,70
0.47,0.67,0.41,12.8,-28.14,55.95,70
0.43,0.67,0.47,14.15,-21.13,59.48,70
0.49,0.67,0.49,16.07,-17.96,51.25,70
0.54,0.76,0.55,10.18,-18.45,39.05,70
0.59,0.73,0.54,-3.72,-17.29,35.37,70
0.56,0.65,0.45,-13.63,-15.85,34.05,70
0.46,0.68,0.42,-14.24,-14.6,38.75,70
0.48,0.83,0.43,-8.87,-10.82,50.43,70
0.64,0.62,0.48,3.51,-10,48.32,70
0.63,0.68,0.53,19.33,-12.07,45.95,70
0.58,0.74,0.57,10.88,-12.23,61.07,70
0.6,0.73,0.46,-10.58,-11.16,66.13,70
0.62,0.59,0.4,-12.47,-10.4,66.92,70
0.61,0.59,0.44,13.96,-9.48,78.81,70
0.66,0.66,0.52,40.82,-11.04,91.43,70
0.7,0.82,0.55,43.84,-15.61,94.6,70
0.7,0.77,0.61,15.27,-19.97,99.88,70
0.77,0.67,0.44,-18.51,-23.51,111.74,70
0.77,0.63,0.36,-24.85,-23.6,124.45,70
0.92,0.53,0.2,-11.49,-27.84,134.63,70
0.86,0.56,0.7,11.25,-36.71,140.03,70
0.92,0.7,0.42,21.13,-41.68,157.9,70
0.78,0.7,0.33,0.12,-24.85,163.26,70
1.04,0.43,0.51,-19.54,-47.9,145.98,70
1.12,0.35,0.48,-18.69,-53.57,131.31,70
0.9,0.39,0.12,-19.82,-47.2,136.01,70
0.94,0.49,0.31,-21.55,-67.2,129.27,70
1.1,0.39,0.14,-7.47,-64.57,97.96,70
1.17,0.5,0.12,12.26,-68.05,67.99,70
1.28,0.62,0.13,25.73,-73.23,58.81,70
1.32,0.69,0.11,41.43,-62.13,34.6,70
1.36,0.77,0.1,72.35,-48.08,-1.19,70
1.24,1,0.28,114.15,-28.05,-32.47,70
1.02,1.2,0.71,155.15,-8.9,-74.09,70
0.84,0.88,1.28,195.27,11.25,-138.14,70
0.81,0.37,1.6,227.93,51.74,-198.32,70
1.05,0.12,1.8,235.15,114.15,-220.91,70
1.07,0.14,2.25,173.84,193.38,-196.22,70
0.86,0.04,0.88,56.34,250.12,-146.92,70
0.31,1.61,-0.08,-65.52,253.93,-122.56,70
0.06,2.48,-0.06,-229.33,162.13,-152.23,70
0.87,1.04,-0.08,-378.81,57.29,-276.92,70
1.25,0.86,-0.23,-370.91,46.68,-340.34,70
0.77,0.63,-0.19,-237.8,97.68,-329.39,70
0.18,0.46,0.07,-75.73,108.38,-334.73,70
0.06,0.36,0.44,46.1,83.57,-369.51,70
0.13,0.35,0.52,115.3,80.06,-392.35,70
0.08,0.31,0.56,143.78,107.16,-389.73,70
-0.07,0.37,0.5,152.35,132.47,-373.99,70
-0.21,0.47,0.39,141.71,139.54,-361.43,70
-0.35,0.72,0.34,108.45,129.02,-353.45,70
-0.43,1.11,0.35,44.51,106.19,-342.13,70
-0.5,0.86,0.28,-44.85,87.96,-329.3,70
-0.49,0.54,0.42,-108.35,73.2,-317.93,70
-0.37,0.26,0.52,-122.71,57.87,-296.1,70
-0.33,0.18,0.75,-107.84,57.87,-262.62,70
-0.37,0.35,0.86,-98.11,60.88,-216.04,70
-0.41,0.46,0.81,-121.65,54.6,-166.77,70
-0.41,0.51,0.75,-156.49,38.2,-124.39,70
-0.39,0.53,0.65,-171.01,25.27,-86.74,70
-0.39,0.49,0.68,-143.96,16.83,-49.97,70
-0.37,0.39,0.75,-80.43,6.49,-14.15,70
-0.39,0.4,0.8,-11.8,-4.05,23.2,70
-0.46,0.52,0.83,27.07,-10.61,61.46,70
-0.49,0.62,0.87,28.45,-18.69,88.69,70
-0.41,0.74,0.89,14.94,-28.57,94.02,70
-0.26,0.7,0.85,6.07,-29.24,81.83,70
-0.14,0.61,0.74,11.43,-24.3,71.62,70
-0.11,0.46,0.62,22.68,-21.77,76.77,70
-0.15,0.34,0.53,31.19,-25.15,95.15,70
-0.2,0.52,0.62,35.06,-32.56,114.18,70
-0.08,1.01,0.76,31.95,-38.75,119.39,70
0.16,1.02,0.48,23.48,-35.34,97.87,70
0.09,0.74,0.43,28.87,-39.39,76.07,70
0.14,0.55,0.29,52.13,-61.74,78.6,70
0.33,0.54,0.06,76.68,-67.68,88.38,70
0.77,0.6,0.91,89.76,-74.91,76.01,70
0.77,1.04,0.95,86.04,-61.86,57.1,70
-0.01,0.88,0.76,38.93,-38.84,85.4,70
-0.43,0.54,0.58,7.59,-41.49,136.65,70
-0.62,0.44,0.54,39.36,-28.11,145.46,70
-0.81,0.79,0.59,95.64,-5.88,100.24,70
-0.87,1.03,0.54,102.29,-8.08,50.76,70
-0.57,0.89,0.69,56.13,-39.05,26.19,70
-0.12,0.7,0.71,0.88,-50.7,12.65,70
0.05,0.83,0.62,-29.76,-31.13,1.34,70
0.05,0.86,0.54,-42.26,-23.87,-0.37,70
-0.01,0.74,0.59,-37.77,-39.05,18.17,70
-0.11,0.73,0.62,-16.31,-46.49,46.01,70
-0.26,0.81,0.61,6.4,-36.68,59.36,70
-0.22,0.82,0.54,15.82,-30.09,49.6,70
-0.12,1.02,0.64,17.87,-32.77,36.28,70
-0.02,0.99,0.7,9.63,-40.82,42.74,70
-0.05,0.85,0.69,-4.73,-40.43,72.77,70
-0.12,0.91,0.69,-13.69,-36.65,100,70
-0.07,0.9,0.71,-17.68,-42.23,97.77,70
0.04,0.88,0.64,-16.34,-49.54,86.34,70
0.07,0.83,0.62,-12.16,-50.52,98.41,70
0.06,0.87,0.58,-5.49,-48.93,124.51,70
0.03,0.91,0.59,1.65,-45.15,138.41,70
0.08,0.8,0.62,7.47,-46.62,138.26,70
0.15,0.7,0.66,18.23,-50.43,140.37,70
0.22,0.69,0.73,32.41,-55.3,147.84,70
0.3,0.76,0.72,42.04,-59.88,149.12,70
0.31,0.83,0.61,39.12,-60.27,144.15,70
0.31,0.77,0.53,28.32,-57.2,141.49,70
0.32,0.76,0.47,26.86,-54.94,138.99,70
0.32,0.75,0.45,33.63,-50.88,135.3,70
0.36,0.76,0.53,38.23,-50.76,131.8,70
0.44,0.73,0.59,29.85,-52.07,126.43,70
0.52,0.7,0.54,7.84,-48.26,119.94,70
0.55,0.72,0.49,-15.34,-44.7,115.49,70
0.57,0.59,0.42,-24.63,-41.37,113.02,70
0.54,0.47,0.36,-13.63,-34.79,109.76,70
0.57,0.61,0.37,7.13,-31.55,108.69,70
0.62,0.54,0.53,17.93,-31.71,100.88,70
0.63,0.57,0.47,15.03,-33.45,91.4,70
0.61,0.6,0.51,-4.54,-38.23,90.67,70
0.67,0.5,0.52,-23.72,-43.26,84.73,70
0.74,0.35,0.36,-22.74,-40.95,72.74,70
0.8,0.29,0.32,-1.25,-34.36,66.8,70
0.73,0.46,0.46,26.71,-30.37,67.96,70
0.71,0.49,0.46,25.24,-23.2,67.68,70
0.73,0.46,0.31,0.98,-6.62,50.55,70
0.73,0.45,0.39,-5.95,-4.97,43.84,70
0.77,0.37,0.36,7.9,1.74,52.13,70
0.73,0.42,0.45,21.34,5.79,50.91,70
0.74,0.49,0.51,17.38,4.24,52.1,70
0.84,0.43,0.48,1.86,3.96,49.18,70
0.91,0.37,0.4,-3.87,1.46,42.16,70
0.83,0.35,0.4,2.99,2.74,44.76,70
0.72,0.38,0.46,8.63,3.35,49.15,70
0.7,0.54,0.42,3.6,5.15,53.05,70
0.9,0.41,0.38,-4.85,3.23,51.01,70
0.96,0.28,0.39,3.05,0.64,46.25,70
0.73,0.39,0.52,13.72,6.86,61.16,70
0.82,0.41,0.48,4.12,5.34,70.85,70
0.97,0.35,0.46,-6.59,-0.7,55.03,70
0.94,0.31,0.45,-2.29,3.23,60.15,70
0.96,0.45,0.32,5.91,2.47,81.95,70
1.11,0.36,0.36,16.28,-4.24,87.56,70
1.18,0.31,0.5,31.13,-8.9,87.04,70
1.1,0.5,0.46,29.91,-11.04,108.41,70
1.06,0.47,0.42,18.69,-28.32,116.8,70
1.15,0.38,0.34,19.7,-49.45,101.46,70
1.23,0.34,0.48,28.9,-69.63,88.93,70
1.17,0.33,0.57,24.91,-79.6,88.54,70
1.08,0.29,0.58,1.4,-84.57,89.82,70
1.04,0.28,0.53,-30.58,-85.85,83.2,70
1.11,0.2,0.47,-57.16,-81.1,67.84,70
1.21,0.19,0.4,-63.57,-68.2,44.24,70
1.25,0.19,0.38,-53.51,-50.61,24.63,70
1.16,0.21,0.38,-42.65,-27.84,6.86,70
1.05,0.39,0.38,-38.63,-5.15,-12.47,70
0.91,0.5,0.4,-35.98,12.74,-36.77,70
0.82,0.52,0.49,-23.54,24.79,-66.83,70
0.72,0.52,0.58,-8.66,37.68,-96.01,70
0.71,0.49,0.68,1.31,52.65,-120.43,70
0.73,0.41,0.48,2.29,70.27,-145.24,70
0.77,0.13,0.47,-9.57,75.52,-160.55,70
0.88,0.19,0.29,-32.32,68.93,-169.85,70
0.88,0.49,0.16,-54.27,58.08,-177.16,70
0.85,0.72,0.1,-71.65,35.82,-187.62,70
0.8,0.62,0.03,-67.2,20.91,-211.01,70
0.73,0.4,0.02,-20.79,23.54,-245.37,70
0.58,0.47,0.06,48.29,30.4,-271.95,70
0.45,0.63,0.13,102.13,27.23,-278.66,70
0.35,0.73,0.21,120.55,18.57,-273.78,70
0.27,0.81,0.29,109.7,12.23,-272.74,70
0.23,0.91,0.37,81.01,8.11,-281.71,70
0.24,0.98,0.42,40.12,5.91,-296.62,70
0.29,1.1,0.47,-2.5,8.41,-308.23,70
0.35,1.14,0.55,-41.52,18.38,-311.34,70
0.39,1.12,0.66,-71.74,33.02,-306.62,70
0.41,1.09,0.73,-90.98,49.27,-294.63,70
0.36,1.04,0.84,-100.21,66.46,-279.97,70
0.31,0.98,0.91,-104.21,78.99,-261.92,70
0.21,0.97,0.88,-106.65,91.4,-244.91,70
0.1,0.97,0.92,-110.06,97.96,-229.39,70
0.12,1,0.96,-117.35,98.14,-214.91,70
0.17,0.93,0.96,-132.56,101.4,-197.9,70
0.14,0.91,0.96,-149.09,100.76,-165.76,70
0.02,0.85,0.9,-163.78,99.6,-121.1,70
-0.16,0.77,0.83,-168.35,101.1,-80.34,70
-0.28,0.6,0.72,-161.55,96.55,-52.99,70
-0.29,0.5,0.67,-147.99,85.76,-31.8,70
-0.21,0.43,0.73,-138.14,66.07,-7.8,70
-0.09,0.37,0.84,-129.85,47.96,15.88,70
-0.05,0.33,0.78,-114.57,42.62,34.7,70
-0.1,0.35,0.65,-90.76,37.23,46.86,70
-0.11,0.53,0.66,-69.66,25.27,52.26,70
-0.06,0.51,0.59,-62.87,16.8,46.65,70
0.02,0.34,0.47,-58.48,4.51,47.68,70
0.05,0.24,0.35,-42.47,-8.75,69.42,70
0.05,0.36,0.44,-16.16,-22.35,96.28,70
0.13,0.66,0.54,6.8,-29.12,105.18,70
0.22,0.77,0.54,14.6,-28.51,90.58,70
0.28,0.53,0.41,13.99,-32.16,72.23,70
0.24,0.36,0.36,20.98,-36.68,74.57,70
0.16,0.37,0.36,31.95,-40.95,90.15,70
0.08,0.44,0.47,33.11,-45.85,98.54,70
0.1,0.58,0.54,22.84,-48.78,94.76,70
0.11,0.51,0.39,12.41,-44.42,80.49,70
0.13,0.34,0.27,16.4,-42.23,71.95,70
0.22,0.54,0.66,36.83,-46.28,71.07,70
0.09,0.83,0.58,52.74,-25.95,57.53,70
-0.15,0.63,0.77,38.45,-18.11,42.65,70
-0.1,0.68,1.06,26.59,-24.94,38.14,70
-0.13,1.09,1.06,19.54,4.24,35.58,70
-0.19,0.91,0.85,2.1,29.12,10.95,70
-0.04,0.52,0.66,-4.24,19.63,-15.7,70
0.01,0.36,0.62,9.91,8.69,-11.83,70
-0.09,0.55,0.82,32.62,0.21,15.67,70
-0.13,1.12,0.99,42.41,-6.1,38.26,70
-0.12,0.94,0.9,15.67,-2.59,26.13,70
-0.03,0.64,0.76,-10.15,-12.23,8.81,70
-0.01,0.57,0.73,-10.18,-22.96,25.79,70
-0.01,0.82,0.75,12.5,-27.74,57.68,70
0,0.77,0.78,29.63,-29.79,63.02,70
0.03,0.83,0.78,33.2,-40.58,57.93,70
0,0.88,0.7,19.51,-40.03,77.04,70
-0.07,0.98,0.62,7.2,-30.09,103.14,70
-0.04,0.82,0.72,18.11,-33.29,110.46,70
0.11,0.72,0.85,50.37,-45.15,111.16,70
0.19,0.72,0.96,70.85,-50.4,126.25,70
0.22,0.8,0.95,59.18,-60.18,143.35,70
0.19,0.82,0.86,31.16,-72.93,147.62,70
0.16,0.68,0.74,16.52,-83.6,146.16,70
0.21,0.6,0.62,26.25,-92.59,143.08,70
0.26,0.7,0.61,44.24,-96.52,136.28,70
0.31,0.7,0.69,47.44,-101.07,131.1,70
0.44,0.66,0.66,37.1,-102.13,128.26,70
0.49,0.67,0.57,31.77,-99.39,123.84,70
0.45,0.61,0.58,32.56,-97.23,123.05,70
0.53,0.75,0.48,30.58,-94.66,121.25,70
0.59,0.58,0.44,27.5,-89.48,108.32,70
0.61,0.66,0.44,22.87,-83.72,100.58,70
0.63,0.62,0.44,13.48,-75.91,100.12,70
0.71,0.59,0.4,9.7,-70.46,90.12,70
0.81,0.63,0.36,11.68,-66.49,77.53,70
0.9,0.5,-0.03,14.66,-64.63,66.55,70
0.93,0.59,0.51,23.84,-74.24,53.29,70
0.86,0.97,0.53,35.24,-62.84,47.99,70
0.64,0.45,0.37,28.41,-29.27,38.72,70
0.64,0.71,0.48,35.61,-26.62,23.23,70
0.67,0.68,0.46,43.96,-13.63,7.62,70
0.74,0.63,0.32,36.04,0.67,-18.45,70
0.88,0.62,0.35,16.37,7.71,-31.62,70
0.9,0.71,0.41,-3.72,18.08,-31.89,70
0.76,0.99,0.62,-25.37,33.99,-37.41,70
0.62,1.14,0.78,-43.02,51.98,-57.2,70
0.47,0.99,0.63,-48.2,76.49,-82.29,70
0.31,0.84,0.57,-41.22,87.01,-97.53,70
0.13,0.77,0.46,-17.44,87.1,-99.21,70
-0.09,0.61,0.25,10,88.75,-102.01,70
-0.1,0.45,0.34,32.59,75.52,-109.27,70
-0.04,0.5,0.39,48.05,60.67,-117.07,70
-0.08,0.53,0.41,49.88,51.22,-120.73,70
-0.05,0.53,0.4,44.48,30.55,-112.47,70
-0.03,0.6,0.41,48.48,13.29,-92.87,70
0,0.74,0.4,65.58,0.91,-73.32,70
0.06,0.89,0.43,83.38,-13.69,-58.26,70
0.18,1.19,0.57,87.53,-32.47,-41.98,70
0.32,1.33,0.64,65.79,-43.81,-31.46,70
0.36,1.08,0.57,30.52,-46.62,-28.57,70
0.31,0.87,0.51,15.34,-53.41,-16.13,70
0.25,0.98,0.53,25.61,-60.09,1.01,70
0.2,1.04,0.52,33.99,-60.15,-5.49,70
0.27,1.02,0.52,31.8,-67.9,-33.23,70
0.46,0.99,0.54,27.29,-81.92,-50.43,70
0.58,1.01,0.56,22.1,-83.78,-46.62,70
0.62,1.21,0.6,9.39,-77.5,-37.16,70
0.66,1.18,0.55,-23.41,-69.97,-42.65,70
0.72,1,0.44,-58.57,-63.02,-56.25,70
0.8,0.83,0.33,-74.57,-55.61,-55.03,70
0.86,0.68,0.27,-70.76,-43.05,-38.72,70
0.9,0.69,0.26,-53.93,-28.75,-17.56,70
0.93,0.79,0.28,-33.54,-15.58,2.26,70
0.89,0.77,0.21,-19.57,-1.37,11.83,70
0.83,0.68,0.17,-4.57,7.68,14.33,70
0.79,0.6,0.21,15.58,10.76,15.43,70
0.76,0.54,0.25,29.91,13.69,16.52,70
0.72,0.53,0.32,29.45,17.16,18.6,70
0.68,0.64,0.41,14.18,18.38,22.04,70
0.65,0.72,0.43,-14.21,22.01,17.93,70
0.6,0.62,0.38,-41.55,29.3,-0.98,70
0.58,0.48,0.28,-50.64,34.76,-22.13,70
0.56,0.37,0.19,-37.26,40.34,-31.37,70
0.52,0.34,0.15,-11.62,45.12,-29.45,70
0.48,0.39,0.17,13.72,45.09,-23.38,70
0.47,0.5,0.24,31.34,42.07,-19.76,70
0.49,0.59,0.31,37.16,42.26,-19.94,70
0.51,0.62,0.34,32.1,47.99,-22.13,70
0.51,0.61,0.33,21.95,54.33,-20.21,70
0.49,0.59,0.32,12.29,57.29,-10.67,70
0.44,0.58,0.3,8.08,57.2,3.05,70
0.37,0.62,0.33,11.19,54.97,16.13,70
0.32,0.67,0.36,18.41,51.68,24.05,70
0.29,0.68,0.39,25.61,48.54,26.16,70
0.29,0.69,0.43,31.25,44.21,25.85,70
0.3,0.74,0.46,33.41,39.85,27.38,70
0.3,0.79,0.49,28.41,35.18,29.88,70
0.31,0.83,0.5,18.51,29.18,29.88,70
0.34,0.86,0.51,8.57,23.9,25.85,70
0.39,0.88,0.51,1.74,20.76,21.04,70
0.44,0.9,0.5,-0.58,21.77,16.68,70
0.48,0.9,0.48,2.71,26.62,11.43,70
0.54,0.95,0.47,10.73,31.1,5.88,70
0.64,1.02,0.5,19.02,31.62,3.57,70
0.76,1.07,0.53,21.74,32.77,6.01,70
0.79,1.11,0.53,18.48,39.76,14.33,70
0.72,1.05,0.49,15.79,51.4,28.02,70
0.6,0.96,0.42,24.63,65.58,36.16,70
0.49,0.91,0.36,43.48,78.45,32.32,70
0.44,0.88,0.36,59.02,84.85,21.13,70
0.43,0.91,0.38,61.07,86.1,9.6,70
0.45,0.96,0.41,47.2,88.51,1.95,70
0.44,0.97,0.4,24.63,94.18,-2.13,70
0.44,0.93,0.36,6.55,101.55,-3.72,70
0.43,0.89,0.3,3.02,112.5,-3.75,70
0.42,0.87,0.24,13.48,125.61,-3.84,70
0.42,0.89,0.22,29.91,136.22,-6.89,70
0.45,0.93,0.25,40.52,143.14,-11.37,70
0.48,0.96,0.27,38.2,151.01,-13.78,70
0.47,0.97,0.27,26.68,160.18,-12.68,70
0.46,0.94,0.24,16.59,167.04,-10.98,70
0.44,0.88,0.22,16.77,171.52,-10.06,70
0.4,0.89,0.24,26.71,173.69,-7.23,70
0.36,0.91,0.28,36.13,173.41,-3.96,70
0.32,0.9,0.33,36.89,170.61,-2.87,70
0.3,0.91,0.36,29.79,167.16,-1.59,70
0.29,0.91,0.4,16.77,163.87,0.06,70
0.29,0.87,0.39,2.56,161.22,1.77,70
0.28,0.82,0.39,-6.46,160.09,5.55,70
0.27,0.79,0.37,-9.57,160.73,11.86,70
0.24,0.85,0.39,-11.49,164.24,19.97,70
0.21,0.91,0.41,-19.54,169.15,27.07,70
0.2,0.92,0.4,-33.05,173.69,30.67,70
0.22,0.93,0.4,-46.98,177.84,33.72,70
0.25,0.96,0.41,-59.94,182.13,38.96,70
0.29,0.98,0.39,-71.49,188.05,45.88,70
0.3,0.99,0.4,-77.2,194.33,52.71,70
0.32,1.03,0.42,-76.01,199.12,58.11,70
0.34,1.08,0.45,-74.63,206.77,57.74,70
0.35,1.11,0.44,-83.14,216.25,51.95,70
0.36,1.19,0.45,-99.09,221.25,51.52,70
0.38,1.23,0.47,-118.99,220.21,62.01,70
0.36,1.18,0.46,-134.27,219.05,77.26,70
0.26,1.07,0.43,-129.63,218.35,94.24,70
0.14,1,0.42,-103.02,214.7,109.7,70
0.03,1.01,0.5,-75.85,206.43,115.82,70
-0.03,1.06,0.6,-71.83,193.23,112.47,70
-0.06,1.02,0.64,-93.2,182.01,104.45,70
-0.09,0.92,0.57,-121.4,174.88,97.74,70
-0.14,0.82,0.52,-139.24,165.55,96.68,70
-0.2,0.75,0.49,-141.92,155.06,100.98,70
-0.26,0.7,0.47,-134.76,147.16,106.31,70
-0.31,0.62,0.4,-125.03,141.62,109.15,70
-0.38,0.49,0.35,-114.94,132.99,114.12,70
-0.44,0.46,0.42,-105.55,118.84,125,70
-0.45,0.54,0.43,-102.56,109.21,134.51,70
-0.46,0.61,0.44,-104.3,101.49,133.66,70
-0.4,0.64,0.36,-100.98,88.84,126.74,70
-0.41,0.59,0.34,-86.77,79.88,121.19,70
-0.41,0.49,0.33,-60.82,67.41,118.08,70
-0.4,0.5,0.35,-29.02,53.2,114.39,70
-0.39,0.69,0.49,-5.95,39.91,106.31,70
-0.3,0.84,0.44,-9.05,32.59,90.98,70
-0.2,0.99,0.52,-35.37,26.01,72.26,70
-0.29,0.89,0.64,-74.33,26.37,59.66,70
-0.29,0.62,0.67,-85.64,16.77,48.17,70
-0.24,0.66,0.52,-46.46,11.4,36.4,70
-0.24,0.78,0.73,-1.13,11.07,25.37,70
-0.21,0.73,0.86,4.48,14.48,14.09,70
-0.2,0.59,0.85,-14.76,21.16,11.62,70
-0.06,0.67,0.87,-21.89,22.77,15.76,70
0.1,0.81,1.08,-23.9,28.29,10.37,70
0.1,0.73,1.02,-30.24,33.02,-3.45,70
-0.05,0.46,0.8,-20.3,31.49,6.37,70
-0.23,0.48,0.59,8.93,32.93,38.11,70
-0.25,0.56,0.58,26.95,25.21,48.78,70
-0.14,0.49,0.71,34.66,-4.66,40.7,70
-0.14,0.68,1.02,35.03,-42.68,63.63,70
-0.2,0.68,1.19,7.44,-69.12,100.58,70
-0.2,0.75,1.08,-6.1,-75.67,113.81,70
-0.14,0.52,0.8,47.9,-65.67,103.11,70
0.09,0.52,0.72,143.32,-79.88,97.99,70
0.2,0.87,0.95,195.73,-101.37,119.36,70
0,0.97,0.98,167.13,-97.07,153.51,70
-0.21,0.89,0.77,101.34,-87.29,172.35,70
-0.21,0.83,0.62,60.98,-84.76,162.65,70
0.07,0.75,0.6,63.69,-88.6,136.52,70
0.29,0.66,0.58,87.71,-81.52,128.23,70
0.34,0.68,0.61,108.78,-71.98,147.32,70
0.29,0.75,0.56,112.53,-65.52,162.35,70
0.22,0.9,0.67,96.1,-60.55,158.72,70
0.28,0.91,0.51,73.78,-53.02,140.27,70
0.27,0.75,0.39,71.4,-36.43,124.39,70
0.41,0.85,0.47,93.17,-39.85,119.51,70
0.38,0.71,0.33,102.9,-31.71,114.94,70
0.32,0.71,0.49,83.29,-22.35,114.73,70
0.53,0.73,0.46,47.96,-26.68,105.98,70
0.58,0.64,0.38,22.68,-13.48,91.31,70
0.54,0.66,0.37,14.18,-7.99,89.63,70
0.52,0.59,0.39,14.82,-7.9,95.18,70
0.51,0.58,0.43,17.44,-1.59,87.04,70
0.56,0.59,0.39,13.02,2.59,72.2,70
0.63,0.68,0.41,1.86,5.52,67.44,70
0.68,0.65,0.39,-7.96,9.66,66.34,70
0.65,0.67,0.36,-8.11,15.79,66.59,70
0.59,0.65,0.37,-1.1,18.23,70.27,70
0.61,0.59,0.41,6.37,20.3,70.37,70
0.68,0.67,0.42,11.37,21.4,67.47,70
0.75,0.58,0.44,11.37,24.66,69.21,70
0.7,0.69,0.39,14.66,26.59,77.53,70
0.57,0.69,0.47,9.63,26.43,92.29,70
0.68,0.66,0.49,-0.55,20.76,93.9,70
0.89,0.61,0.46,1.71,16.07,85.09,70
0.85,0.5,0.45,14.85,18.17,91.83,70
0.77,0.58,0.44,23.02,17.71,114.54,70
0.74,0.58,0.46,16.34,17.9,121.46,70
0.9,0.47,0.35,6.46,13.48,118.63,70
1.01,0.49,0.37,16.74,6.37,128.23,70
0.94,0.71,0.41,23.48,9.36,144.63,70
1,0.71,0.61,14.63,-6.71,144.3,70
0.98,0.47,0.59,3.81,-28.45,121.8,70
0.98,0.36,0.93,-7.8,-44.57,114.24,70
0.99,0.31,0.6,-31.59,-52.04,127.59,70
0.88,0.44,0.46,-49.88,-60.12,136.98,70
0.87,0.3,0.47,-56.65,-73.81,131.22,70
0.96,0.27,0.31,-50.06,-76.31,103.05,70
0.95,0.3,0.41,-44.66,-76.86,82.35,70
0.98,0.33,0.42,-61.07,-73.51,89.97,70
1.05,0.32,0.09,-85.67,-68.35,92.71,70
1.18,0.3,0.08,-82.29,-67.68,76.01,70
1.23,0.28,0.13,-59.42,-55.67,50.91,70
1.18,0.32,0.13,-34.6,-38.23,24.54,70
1.2,0.48,0.34,-14.79,-26.52,-7.38,70
1.1,0.53,0.46,-0.12,-1.52,-41.16,70
0.99,0.42,0.8,19.48,25.82,-91.52,70
0.97,0.27,1.17,41.28,49.94,-146.34,70
0.9,-0.09,1.24,52.59,82.5,-175.79,70
0.75,-0.13,1.17,44.15,108.6,-179.36,70
0.57,0.19,0.85,-6.55,115.82,-153.66,70
0.59,0.26,0.17,-85.82,102.44,-111.65,70
0.59,0.41,-0.14,-153.32,79.05,-89.18,70
0.6,0.49,-0.16,-182.07,49.51,-96.43,70
0.59,0.45,-0.27,-164.21,38.02,-128.14,70
0.54,0.26,-0.26,-94.48,48.6,-160.76,70
0.45,0.39,-0.13,3.93,53.6,-177.44,70
0.38,0.6,0.08,73.48,44.91,-176.68,70
0.31,0.73,0.26,95.98,38.81,-170,70
0.25,0.92,0.38,84.66,39.42,-168.66,70
0.24,1.11,0.44,53.78,42.56,-178.23,70
0.28,1.06,0.52,21.28,44.63,-197.62,70
0.36,1.04,0.63,10.7,42.01,-214.6,70
0.43,1.06,0.76,17.16,40.27,-221.62,70
0.45,1.15,0.93,25.09,47.16,-227.77,70
0.52,1.22,1.06,19.42,56.01,-247.26,70
0.65,1.07,1.13,-0.79,58.45,-270.88,70
0.75,1.03,1.14,-14.45,59.91,-280.73,70
0.7,1.08,1.18,-21.01,62.01,-271.37,70
0.51,1.13,1.16,-31.31,61.04,-254.63,70
0.32,1.12,1.14,-39.24,59.91,-241.1,70
0.24,1.14,1.14,-33.84,64.05,-230.85,70
0.2,1.12,1.09,-20.64,70.55,-221.92,70
0.24,1.04,1.07,-6.28,67.96,-213.72,70
0.27,0.95,1.04,-0.73,63.9,-204.7,70
0.21,0.82,1,-11.22,63.14,-192.29,70
0.13,0.73,0.9,-36.34,59.76,-177.59,70
0.06,0.66,0.83,-67.23,58.23,-162.44,70
0,0.56,0.7,-95.43,62.5,-148.35,70
0.01,0.39,0.56,-113.05,65.79,-130.12,70
0,0.32,0.5,-117.93,66.25,-99.36,70
-0.03,0.34,0.46,-114.66,64.79,-57.41,70
-0.06,0.4,0.48,-108.51,63.6,-18.63,70
-0.09,0.4,0.49,-100.21,63.02,3.51,70
-0.08,0.34,0.48,-86.46,60.91,10.27,70
-0.06,0.37,0.5,-69.02,60.88,13.54,70
-0.02,0.52,0.5,-61.59,62.77,17.68,70
0.02,0.61,0.44,-63.05,68.02,18.99,70
0.02,0.56,0.39,-61.74,69.05,17.16,70
0.02,0.45,0.34,-55.43,66.55,17.5,70
-0.06,0.4,0.28,-46.71,65.09,17.77,70
-0.1,0.48,0.29,-40.58,56.1,15.88,70
-0.13,0.48,0.31,-39.94,45.67,8.35,70
-0.16,0.37,0.3,-37.53,34.21,-0.4,70
-0.19,0.34,0.32,-27.77,21.13,-0.58,70
-0.19,0.47,0.41,-17.77,9.79,5.95,70
-0.18,0.6,0.52,-18.96,3.23,9.66,70
-0.13,0.6,0.59,-27.23,-3.05,11.98,70
-0.14,0.53,0.59,-28.17,-8.38,22.04,70
-0.21,0.51,0.54,-18.26,-16.1,39.24,70
-0.29,0.48,0.57,-6.68,-29.6,52.04,70
-0.25,1.54,1.88,9.24,-41.59,52.93,70
-0.2,1.31,0.65,14.12,3.96,-6.13,70
-0.37,0.25,0.53,0.09,1.07,-25.18,70
-0.15,0.13,0.83,2.59,-53.23,51.34,70
-0.4,0.49,1.01,73.63,-27.41,116.49,70
-0.64,0.97,1.01,148.66,-30.18,125.18,70
-0.59,0.79,0.74,175.15,-60.4,119.15,70
-0.66,0.96,0.73,157.8,-70.73,135.12,70
-0.54,1.19,1,92.62,-87.23,143.87,70
-0.15,0.96,0.99,3.75,-99.66,134.79,70
-0.06,0.66,0.71,-53.96,-93.05,150.15,70
-0.21,0.55,0.66,-45.12,-94.79,191.16,70
-0.24,0.58,0.61,10.95,-107.74,204.97,70
-0.25,0.73,0.65,58.57,-110.18,175.91,70
-0.11,0.83,0.7,57.65,-109.51,144.3,70
0.06,0.8,0.71,27.04,-99.7,137.01,70
0.1,0.69,0.65,6.07,-87.84,144.33,70
0.12,0.63,0.64,11.37,-87.13,149.24,70
0.15,0.63,0.65,29.27,-86.4,142.44,70
0.22,0.68,0.59,42.47,-81.89,130.61,70
0.24,0.74,0.57,44.7,-74.63,124.12,70
0.25,0.74,0.57,38.32,-68.63,123.81,70
0.3,0.68,0.56,29.12,-63.29,119.57,70
0.36,0.67,0.54,20.18,-56.13,105.85,70
0.37,0.64,0.51,12.56,-47.96,92.68,70
0.35,0.61,0.5,9.12,-42.5,87.84,70
0.41,0.63,0.52,9.09,-40,83.93,70
0.49,0.56,0.52,8.11,-35.24,69.24,70
0.53,0.65,0.5,8.2,-28.81,57.84,70
0.5,0.62,0.49,4.7,-21.52,55.67,70
0.49,0.61,0.48,1.65,-15.82,53.57,70
0.52,0.67,0.47,2.16,-11.46,47.07,70
0.51,0.65,0.5,3.63,-7.41,43.2,70
0.52,0.64,0.56,5.85,-8.69,46.74,70
0.55,0.66,0.59,4.02,-11.43,49.85,70
0.57,0.68,0.63,-3.9,-15.18,47.84,70
0.6,0.66,0.58,-11.98,-19.48,48.87,70
0.59,0.71,0.58,-13.75,-22.38,58.32,70
0.62,0.6,0.56,-9.63,-27.68,67.77,70
0.64,0.64,0.57,-1.74,-31.59,72.99,70
0.67,0.6,0.56,-0.27,-34.45,77.47,70
0.69,0.61,0.5,-4.27,-33.78,80.55,70
0.69,0.55,0.44,-8.08,-30.49,82.26,70
0.68,0.51,0.38,-3.11,-24.97,83.84,70
0.69,0.53,0.38,8.45,-19.63,86.37,70
0.71,0.57,0.45,19.05,-16.1,89.33,70
0.79,0.53,0.47,23.96,-16.01,93.84,70
0.86,0.54,0.54,29.91,-18.6,103.08,70
0.91,0.46,0.55,38.45,-22.87,114.12,70
1.05,0.16,0.04,42.62,-31.74,119.21,70
0.86,1.02,0.79,57.23,-53.72,123.17,70
0.96,0.28,0.5,57.01,-59.33,118.6,70
0.95,0.4,0.61,39.27,-65.88,87.07,70
0.98,0.48,0.59,22.04,-76.52,97.1,70
0.75,0.25,0.11,-4.39,-64.79,104.3,70
0.71,0.6,0.25,-14.6,-82.62,94.24,70
0.79,0.26,0.26,0.21,-91.55,88.84,70
0.93,0.22,0.37,23.02,-83.75,77.71,70
1.07,0.25,0.36,28.69,-77.23,84.97,70
0.96,0.25,0.28,15.06,-64.42,94.15,70
0.85,0.22,0.2,1.74,-62.8,89.7,70
0.76,0.16,0.17,2.99,-60.95,82.16,70
0.76,0.09,0.22,9.12,-55.7,73.17,70
0.81,0.09,0.21,10.21,-51.31,68.81,70
0.88,0.05,0.12,1.95,-40.09,69.91,70
0.91,-0.02,0.01,2.62,-31.86,64.73,70
0.8,-0.01,0.13,15.4,-26.43,56.95,70
0.76,-0.01,0.24,20.46,-20.52,56.07,70
0.87,-0.04,0.19,17.2,-14.57,56.4,70
0.98,-0.11,0.14,17.2,-6.83,55.12,70
0.99,-0.11,0.17,22.47,-1.22,51.31,70
0.94,-0.05,0.22,22.29,2.99,49.7,70
0.94,-0.03,0.24,14.02,5.12,48.78,70
0.99,-0.03,0.22,6.83,6.49,49.97,70
1.11,-0.02,0.15,3.63,6.98,52.29,70
1.13,0.03,0.07,6.07,11.19,55.73,70
1.12,0.13,0.04,12.65,12.44,59.66,70
1.15,0.14,0.02,16.1,10.18,57.07,70
1.19,0.13,0.08,21.8,5.06,49.94,70
1.21,0.16,0.12,23.51,4.79,49.18,70
1.23,0.21,0.13,21.1,1.1,49.33,70
1.31,0.25,0.17,17.99,-3.93,41.01,70
1.41,0.28,0.29,14.02,-7.71,24.97,70
1.48,0.3,0.37,8.87,-4.05,14.39,70
1.42,0.34,0.41,15.03,6.43,7.2,70
1.33,0.45,0.53,40.21,16.89,-7.47,70
1.2,0.46,0.64,83.96,28.87,-35.37,70
1.13,0.27,0.63,140.03,41.8,-70.21,70
1.08,-0.11,0.62,197.47,47.62,-100.09,70
1.14,-0.38,0.56,236.92,33.69,-108.99,70
1.12,-0.29,0.49,228.32,19.85,-98.72,70
0.92,0.28,0.21,141.37,7.84,-90.27,70
0.87,0.92,0.03,5.27,-12.01,-94.39,70
0.81,1.43,-0.29,-129.54,-40.82,-133.93,70
1.04,0.96,-0.44,-215.82,-87.84,-263.51,70
1.21,0.64,-0.38,-218.11,-141.16,-400.91,70
1.51,0.75,-0.32,-162.04,-181.83,-481.22,70
1.83,0.68,-0.1,-113.41,-170.46,-493.87,70
1.83,0.43,0.26,-92.5,-95.7,-428.41,70
1.31,0.45,0.54,-99.24,-2.8,-322.99,70
0.78,0.76,0.61,-140.27,38.81,-241.8,70
0.54,0.95,0.61,-205.67,35.73,-226.65,70
0.57,0.71,0.54,-258.26,40.12,-280.95,70
0.7,0.41,0.4,-259.73,69.3,-349.39,70
0.75,0.26,0.27,-204.27,104.79,-361.16,70
0.58,0.25,0.21,-119.79,132.59,-317.07,70
0.27,0.43,0.22,-46.04,143.75,-273.38,70
0.04,0.58,0.38,-11.43,132.41,-269.66,70
-0.01,0.59,0.61,-25.15,107.23,-301.8,70
0.12,0.61,0.77,-76.74,88.02,-334.39,70
0.2,0.61,0.67,-147.16,95.52,-333.99,70
0.07,0.59,0.52,-208.75,113.72,-296.13,70
-0.09,0.51,0.43,-243.41,119.21,-244.73,70
-0.23,0.46,0.49,-242.93,121.83,-200.15,70
-0.3,0.48,0.62,-213.29,126.83,-165.21,70
-0.28,0.49,0.71,-165.27,131.43,-138.35,70
-0.29,0.56,0.71,-115.18,134.27,-114.94,70
-0.39,0.54,0.68,-85.76,128.9,-93.2,70
-0.48,0.45,0.67,-77.9,110.49,-76.1,70
-0.52,0.33,0.81,-77.41,90.61,-62.62,70
-0.47,0.44,0.9,-74.18,80.79,-51.31,70
-0.45,0.68,0.83,-76.43,80.79,-40.95,70
-0.45,0.65,0.7,-76.77,74.51,-35.46,70
-0.4,0.38,0.58,-54.36,56.55,-28.96,70
-0.38,0.24,0.55,-9.66,37.96,-8.11,70
-0.44,0.32,0.62,26.92,19.48,24.15,70
-0.47,0.47,0.75,31.8,0.82,49.48,70
-0.45,0.61,0.77,14.33,-11.37,61.19,70
-0.41,0.52,0.65,1.01,-16.65,64.7,70
-0.35,0.33,0.5,12.65,-24.91,67.53,70
-0.3,0.29,0.49,37.77,-35.21,75.52,70
-0.21,0.48,0.65,50.43,-42.74,85,70
-0.11,0.81,0.77,40.37,-42.77,89.76,70
-0.05,0.81,0.68,17.9,-40.09,86.59,70
-0.03,0.52,0.52,7.8,-42.71,81.37,70
-0.06,0.37,0.38,20.06,-44.24,85.95,70
-0.06,0.32,0.32,37.8,-47.77,94.6,70
-0.03,0.47,0.18,50.27,-53.9,100.82,70
0.17,1.32,0.73,45.09,-64.94,101.1,70
0.61,1.49,0.86,19.21,-73.75,51.92,70
0.36,0.33,0.59,1.13,-54.88,8.99,70
-0.12,0.18,0.52,17.93,-43.57,70.4,70
-0.47,0.43,0.72,58.45,-28.17,151.16,70
-0.73,0.98,0.68,97.44,-15.67,147.07,70
-1.08,0.86,0.91,83.2,-18.23,80.4,70
-0.87,0.56,0.63,35.09,-38.17,27.07,70
-0.38,0.51,0.68,-4.21,-36.71,4.42,70
0.11,0.86,0.8,-24.51,-43.35,-17.38,70
0.25,0.8,0.66,-32.87,-34.66,-15.03,70
-0.07,0.57,0.54,-19.54,-18.99,24.09,70
-0.38,0.61,0.57,13.2,-19.94,60.49,70
-0.46,0.84,0.75,39.39,-23.14,49.76,70
-0.27,0.91,0.77,33.63,-23.9,8.81,70
-0.11,0.84,0.72,5.03,-23.63,-0.03,70
-0.1,0.72,0.69,-19.73,-25.24,35.24,70
-0.19,0.77,0.66,-21.31,-24.36,71.1,70
-0.2,0.81,0.7,-6.68,-24.97,73.14,70
-0.11,0.83,0.7,10.61,-30.37,61.13,70
-0.05,0.85,0.75,18.63,-34.18,70.95,70
-0.07,0.85,0.74,15.76,-35.09,100.67,70
-0.12,0.88,0.71,8.54,-34.36,123.72,70
-0.09,0.88,0.68,3.66,-35.34,129.21,70
-0.05,0.83,0.67,6.28,-38.78,131.22,70
-0.04,0.77,0.74,15.88,-45.27,142.8,70
0.01,0.72,0.84,25.64,-55.09,152.99,70
0.11,0.68,0.83,30.95,-65.95,151.37,70
0.2,0.67,0.75,33.35,-73.38,145.76,70
0.2,0.71,0.65,37.16,-75.06,145.3,70
0.15,0.7,0.54,42.38,-71.86,145.95,70
0.15,0.78,0.52,48.29,-68.96,139.3,70
0.25,0.78,0.56,49.94,-68.14,125.06,70
0.36,0.73,0.58,48.26,-65.46,115.79,70
0.4,0.71,0.61,42.84,-61.22,117.16,70
0.41,0.74,0.58,27.74,-57.32,120.27,70
0.41,0.74,0.55,8.35,-54.24,119.39,70
0.46,0.65,0.49,-1.13,-54.82,110.98,70
0.51,0.57,0.5,6.89,-55.06,101.34,70
0.56,0.62,0.49,22.41,-53.99,98.14,70
0.58,0.56,0.52,29.02,-52.04,93.14,70
0.6,0.57,0.48,23.26,-48.54,85.46,70
0.61,0.6,0.43,10.82,-42.96,81.8,70
0.64,0.51,0.37,4.6,-37.41,79.57,70
0.63,0.59,0.32,12.04,-29.21,74.05,70
0.64,0.49,0.37,21.16,-25.34,67.23,70
0.6,0.39,0.43,26.4,-16.19,55.91,70
0.62,0.5,0.41,19.12,-5.82,50.4,70
0.69,0.53,0.35,5.49,0.79,46.68,70
0.74,0.5,0.33,3.9,8.81,37.68,70
0.76,0.54,0.3,19.09,17.35,30.91,70
0.66,0.52,0.41,33.63,25.21,30.91,70
0.6,0.59,0.47,31.52,26.92,31.8,70
0.64,0.51,0.5,18.05,23.75,26.22,70
0.71,0.51,0.55,10.03,17.29,19.39,70
0.78,0.59,0.53,7.8,15.58,26.89,70
0.8,0.59,0.52,3.78,11.1,32.2,70
0.77,0.54,0.53,3.93,5.88,36.01,70
0.73,0.52,0.54,5.82,-1.74,41.77,70
0.7,0.53,0.6,1.16,-11.83,43.41,70
0.72,0.51,0.57,-14.05,-20,43.69,70
0.74,0.58,0.49,-29.42,-22.9,48.32,70
0.8,0.48,0.37,-35.4,-25.79,54.21,70
0.84,0.55,0.35,-23.84,-26.28,56.59,70
0.9,0.47,0.32,-6.74,-20.64,65.67,70
0.9,0.44,0.18,9.6,-14.39,75.46,70
0.86,0.7,0.33,25.64,-7.74,91.55,70
0.86,0.51,0.34,29.57,-0.98,96.74,70
1.01,0.52,0.34,37.8,-10.34,89.48,70
1.17,0.41,0.44,49.05,-21.04,91.52,70
1.21,0.38,0.58,55.43,-30.18,92.38,70
1.05,0.62,0.6,45.7,-37.71,105,70
0.86,0.48,0.51,19.82,-54.27,113.78,70
0.8,0.38,0.54,2.93,-76.07,100,70
0.92,0.32,0.38,-0.34,-89.73,86.07,70
0.98,0.26,0.39,-2.8,-93.48,77.26,70
0.98,0.38,0.31,-6.28,-91.98,82.41,70
0.9,0.33,0.29,-13.87,-86.13,91.28,70
0.94,0.3,0.2,-19.3,-87.2,85.52,70
0.95,0.26,0.16,-13.81,-81.04,84.48,70
0.93,0.21,0.12,0.73,-71.86,88.87,70
0.96,0.27,0.1,14.7,-65.21,85.21,70
1,0.25,0.16,18.02,-59.88,74.05,70
0.98,0.17,0.21,10.37,-53.72,60.06,70
0.91,0.01,0.2,-6.13,-47.9,51.01,70
0.85,-0.03,0.19,-18.45,-43.38,49.45,70
0.76,0,0.13,-19.15,-34.7,49.51,70
0.7,0.01,0.07,-13.66,-29.51,43.05,70
0.69,-0.09,0.09,-5.27,-28.72,26.49,70
0.78,-0.14,0.21,0,-27.77,12.23,70
0.82,-0.21,0.23,-10.12,-19.66,18.9,70
0.81,-0.31,0.15,-14.36,-13.11,39.36,70
0.77,-0.2,0.07,-11.43,-8.35,53.08,70
0.76,-0.16,0.06,-10.12,-8.23,53.41,70
0.89,-0.24,0.04,-13.69,-11.55,42.65,70
1.04,-0.17,0.05,-18.05,-10.88,39.57,70
1.06,-0.02,0.02,-20.3,-4.7,43.75,70
1.09,0.09,0.04,-14.54,0.73,36.49,70
1.17,0.12,0.05,-5.67,2.93,20.43,70
1.16,0.13,0.1,7.23,7.26,10.79,70
1.15,0.16,0.19,26.86,10.95,4.51,70
1.16,0.22,0.3,48.99,17.71,-2.23,70
1.19,0.25,0.39,73.57,29.48,-10.67,70
1.18,0.22,0.55,113.17,45.98,-19.36,70
1.1,0.21,0.3,147.13,61.07,-29.42,70
0.97,0.32,0.11,132.62,56.01,-34.12,70
1.13,0.39,0.13,72.5,22.44,-38.17,70
1.26,0.51,-0.21,4.91,-2.9,-60.61,70
1.31,0.66,-0.32,-66.59,-23.02,-79.66,70
1.41,0.61,-0.28,-120.73,-47.8,-98.72,70
1.5,0.47,-0.26,-138.32,-56.31,-136.46,70
1.48,0.44,-0.22,-127.99,-45.91,-166.16,70
1.35,0.46,-0.11,-110.06,-34.33,-169.79,70
1.2,0.51,0.07,-93.02,-25.46,-168.72,70
1.07,0.64,0.28,-83.2,-17.44,-185.3,70
1.05,0.79,0.48,-91.46,-13.6,-224.09,70
1.21,0.87,0.56,-124.88,-13.26,-275.34,70
1.46,0.86,0.56,-171.89,-6.37,-317.71,70
1.66,0.82,0.51,-208.26,13.51,-333.72,70
1.69,0.71,0.39,-219.12,46.34,-328.72,70
1.56,0.59,0.28,-198.69,82.56,-317.38,70
1.34,0.48,0.23,-153.29,109.85,-304.45,70
1.11,0.44,0.2,-97.16,129.15,-291.25,70
0.88,0.46,0.24,-47.74,140.91,-282.13,70
0.71,0.54,0.36,-18.14,139.12,-278.38,70
0.61,0.61,0.4,-21.16,128.23,-278.2,70
0.53,0.65,0.48,-59.36,118.45,-275.58,70
0.48,0.59,0.49,-121.83,116.71,-265.7,70
0.42,0.46,0.33,-182.26,127.35,-247.32,70
0.35,0.3,0.29,-218.6,141.8,-224.73,70
0.31,0.29,0.29,-225.91,148.26,-202.71,70
0.28,0.25,0.36,-211.92,151.16,-183.6,70
0.22,0.19,0.41,-179.54,158.17,-168.29,70
0.12,0.28,0.5,-137.53,167.29,-153.45,70
0.09,0.46,0.54,-106.43,170.82,-141.16,70
0.05,0.49,0.53,-91.95,170.34,-133.14,70
0,0.4,0.56,-86.55,160.85,-124.02,70
-0.05,0.33,0.68,-80.61,149.85,-105.03,70
-0.13,0.43,0.79,-76.68,142.44,-78.08,70
-0.21,0.51,0.73,-78.32,135.21,-54.39,70
-0.32,0.45,0.62,-76.25,121.01,-40.4,70
-0.43,0.37,0.56,-63.32,101.13,-32.9,70
-0.49,0.3,0.66,-45.18,80.43,-29.57,70
-0.45,0.34,0.76,-34.54,63.81,-31.07,70
-0.43,0.45,0.74,-41.07,55.82,-27.74,70
-0.42,0.49,0.63,-57.38,44.54,-16.28,70
-0.4,0.42,0.56,-63.93,30.4,-4.33,70
-0.3,0.39,0.62,-50.15,15.88,0.34,70
-0.21,0.46,0.66,-26.92,7.59,6.65,70
-0.2,0.6,0.68,-10.21,-0.85,23.35,70
-0.26,0.66,0.67,0.24,-13.9,47.47,70
-0.29,0.56,0.62,13.35,-32.35,68.66,70
-0.28,0.43,0.57,37.53,-49.09,86.37,70
-0.22,0.35,0.58,65.49,-63.32,105,70
-0.14,0.33,0.53,81.8,-74.85,123.63,70
-0.08,0.17,0,84.21,-84.97,143.02,70
-0.04,0.11,0.53,84.02,-110.82,167.87,70
0.4,3.08,1.37,107.62,-159.57,163.48,70
0.2,1.28,0.79,89.51,-126.07,93.08,70
0.21,-0.04,0.97,89.73,-127.77,47.71,70
0.11,0.46,0.92,145.49,-108.84,123.11,70
-0.3,1.07,0.84,175.49,-57.99,213.32,70
-0.7,1.03,0.74,154.51,-53.75,200.21,70
-0.68,0.92,0.68,97.96,-85,128.41,70
-0.4,0.75,0.59,38.05,-92.2,82.5,70
-0.14,0.68,0.51,-1.98,-85.73,70.03,70
0.05,0.63,0.5,-13.87,-86.89,66.46,70
0.17,0.59,0.5,-2.8,-82.71,58.81,70
0.2,0.6,0.51,14.57,-67.62,47.5,70
0.2,0.68,0.5,21.8,-54.24,37.1,70
0.22,0.79,0.57,11.01,-44.33,29.24,70
0.2,0.79,0.48,-9.18,-26.31,22.77,70
0.1,0.73,0.41,-16.28,-6.65,19.02,70
0.07,0.72,0.45,-1.25,0.24,14.94,70
0.1,0.74,0.54,18.14,3.41,6.62,70
0.11,0.89,0.63,22.93,9.6,3.23,70
0.14,0.97,0.63,10.34,13.63,10.12,70
0.16,0.94,0.61,-2.16,15.3,21.98,70
0.16,0.89,0.56,-0.15,15.18,39.15,70
0.13,0.91,0.61,14.51,11.4,61.83,70
0.1,0.93,0.69,28.51,1.8,80.73,70
0.16,0.9,0.75,28.87,-8.32,88.81,70
0.27,0.77,0.73,19.12,-18.11,86.86,70
0.34,0.69,0.67,13.08,-25.06,89.97,70
0.25,0.83,0.6,11.86,-25.61,106.71,70
0.15,0.99,0.57,5.61,-28.6,125.46,70
0.21,0.82,0.53,-5.24,-37.04,122.13,70
0.35,0.84,0.47,0.18,-36.43,114.6,70
0.43,0.8,0.45,18.32,-27.84,124.36,70
0.43,0.84,0.53,42.9,-23.2,141.37,70
0.38,0.81,0.65,58.23,-22.53,150.03,70
0.4,0.74,0.74,52.47,-29.24,146.13,70
0.53,0.72,0.74,28.84,-40.95,136.22,70
0.61,0.64,0.59,4.15,-47.32,128.11,70
0.59,0.61,0.45,1.07,-47.32,127.96,70
0.56,0.64,0.36,23.78,-49.27,128.23,70
0.62,0.62,0.48,48.48,-54.66,120.06,70
0.81,0.7,0.47,51.59,-58.14,109.24,70
0.99,0.61,0.57,27.8,-59.57,107.38,70
1,0.53,0.45,1.07,-55.82,117.29,70
0.85,0.54,0.01,-18.05,-49.09,136.8,70
0.71,0.97,0.81,-11.62,-62.13,138.02,70
0.56,0.35,0.13,-10.34,-43.14,113.48,70
0.57,0.42,0.34,3.81,-44.27,90.34,70
0.77,0.46,0.37,15.58,-59.27,98.35,70
0.7,0.39,0.35,13.84,-42.71,99.39,70
0.77,0.4,0.28,1.52,-44.21,86.65,70
0.77,0.18,0.25,-3.32,-44.57,77.38,70
0.62,0.1,0.37,7.84,-34.88,69.73,70
0.61,0.21,0.37,8.32,-22.9,71.1,70
0.66,0.15,0.33,-5.34,-14.09,67.32,70
0.72,0.07,0.25,-8.6,-7.29,56.95,70
0.76,0.2,0.23,-2.74,2.5,53.11,70
0.8,0.21,0.34,-3.41,9.36,49.79,70
0.93,0.29,0.18,-2.62,13.99,44.88,70
1.06,0.35,0.22,3.08,17.1,37.9,70
1.14,0.36,0.19,11.22,16.13,28.41,70
1.09,0.41,0.34,16.07,16.71,23.81,70
0.95,0.39,0.37,13.69,16.22,35.37,70
0.96,0.38,0.29,8.69,7.68,45.82,70
1,0.34,0.31,14.54,-2.59,49.3,70
1.03,0.31,0.36,24.7,-12.47,52.07,70
0.98,0.29,0.42,23.14,-16.59,57.07,70
0.94,0.23,0.41,11.01,-19.33,65.27,70
0.91,0.17,0.33,3.29,-22.16,70.52,70
0.91,0.16,0.29,5.76,-24.15,70,70
0.96,0.19,0.27,11.74,-25.09,67.87,70
1.06,0.23,0.18,12.62,-26.49,65.43,70
1.1,0.28,0.18,12.59,-29.3,65.52,70
1.16,0.36,0.2,15.46,-35.58,62.1,70
1.24,0.38,0.23,17.13,-42.2,55.09,70
1.33,0.34,0.22,20.4,-46.83,49.54,70
1.3,0.39,0.26,32.16,-47.41,56.31,70
1.29,0.5,0.3,42.93,-52.74,64.73,70
1.32,0.59,0.34,45.55,-59.97,56.04,70
1.29,0.42,0.41,40.73,-66.37,35.58,70
1.21,0.35,0.48,35.24,-66.86,15.03,70
1,0.21,0.54,31.01,-53.81,1.77,70
0.83,0.12,0.55,31.92,-38.63,-14.36,70
0.74,0.09,0.63,37.9,-22.62,-35.06,70
0.83,0.02,0.79,47.38,-7.62,-54.6,70
1.01,-0.11,0.79,60.03,19.36,-69.27,70
1.04,-0.07,0.71,58.54,53.96,-68.17,70
0.98,0.14,0.44,29.45,57.9,-42.87,70
0.82,0.19,0.14,-13.11,33.57,-10.98,70
0.64,0.3,-0.14,-58.9,-4.85,0.49,70
0.54,0.55,-0.35,-126.65,-51.65,-5.3,70
0.5,0.7,-0.05,-218.23,-90.52,-19.76,70
0.55,0.66,-0.23,-307.93,-111.8,-43.08,70
0.57,0.26,-0.29,-339.42,-93.9,-69.02,70
0.56,0.11,-0.37,-277.2,-62.5,-97.74,70
0.65,0.16,-0.43,-167.23,-40.91,-119.91,70
0.78,0.1,-0.24,-55.82,-22.47,-136.95,70
0.86,0.11,-0.15,32.29,-0.37,-144.51,70
0.81,0.19,-0.12,81.07,27.16,-132.9,70
0.7,0.27,-0.09,90.7,46.46,-114.02,70
0.66,0.33,-0.05,71.22,46.4,-105.61,70
0.72,0.39,-0.03,35.52,33.48,-108.11,70
0.83,0.44,0.08,0.27,24.24,-110.06,70
0.91,0.57,0.24,-22.47,29.97,-104.79,70
0.92,0.6,0.27,-27.68,44.15,-99.88,70
0.93,0.59,0.2,-18.57,51.62,-100.43,70
0.96,0.61,0.23,-0.34,49.91,-101.92,70
1.04,0.6,0.2,23.02,50.58,-109.02,70
1.04,0.54,0.13,50.18,58.17,-122.2,70
0.99,0.48,0.09,79.33,59.33,-129.63,70
0.96,0.49,0.13,96.19,48.08,-129.05,70
1,0.56,0.18,84.09,32.41,-125.52,70
1.13,0.62,0.2,42.44,22.07,-121.4,70
1.24,0.61,0.11,-12.26,20.7,-118.75,70
1.26,0.53,-0.04,-54.82,18.66,-110.73,70
1.19,0.44,-0.15,-67.87,10.82,-92.38,70
1.05,0.4,-0.14,-51.46,4.27,-71.19,70
0.89,0.38,-0.06,-21.19,0.73,-59.6,70
0.75,0.39,0.04,6.37,-6.25,-60.12,70
0.69,0.41,0.16,20.27,-18.29,-63.81,70
0.69,0.45,0.23,15.79,-29.3,-62.29,70
0.69,0.47,0.25,-3.48,-34.45,-54.12,70
0.68,0.47,0.21,-27.56,-36.16,-41.65,70
0.69,0.46,0.15,-46.34,-39.3,-28.99,70
0.71,0.44,0.11,-53.51,-44.54,-17.84,70
0.75,0.44,0.1,-50.06,-49.12,-5.76,70
0.79,0.46,0.12,-41.49,-49.7,9.66,70
0.81,0.47,0.15,-33.81,-46.04,26.89,70
0.8,0.47,0.17,-27.07,-40.58,43.14,70
0.79,0.46,0.16,-18.23,-34.24,56.83,70
0.79,0.45,0.13,-5.95,-28.81,66.68,70
0.8,0.45,0.13,8.29,-26.52,73.75,70
0.82,0.48,0.17,19.45,-26.77,79.94,70
0.85,0.51,0.23,21.77,-26.95,85.61,70
0.86,0.53,0.26,14.36,-26.59,90.79,70
0.88,0.53,0.26,2.01,-26.43,95.73,70
0.9,0.53,0.25,-8.17,-27.35,99.76,70
0.92,0.53,0.24,-10.82,-29.09,101.74,70
0.93,0.53,0.23,-6.22,-30.85,101.1,70
0.95,0.55,0.25,0.12,-31.28,98.96,70
0.94,0.58,0.27,0.15,-30.43,96.77,70
0.94,0.6,0.27,-9.73,-29.94,94.54,70
0.93,0.6,0.25,-25.37,-30.55,90.46,70
0.93,0.58,0.23,-39.12,-32.01,84.82,70
0.94,0.55,0.19,-45.79,-31.74,78.81,70
0.94,0.53,0.17,-43.54,-29.18,72.77,70
0.92,0.51,0.17,-33.75,-25.55,66.8,70
0.91,0.5,0.16,-20.91,-20.52,60.61,70
0.9,0.52,0.17,-9.7,-14.48,53.72,70
0.89,0.53,0.17,-3.17,-8.84,46.8,70
0.88,0.54,0.17,-1.22,-4.76,40,70
0.89,0.54,0.17,-0.82,-1.59,34.24,70
0.88,0.53,0.15,1.1,1.59,29.54,70
0.87,0.51,0.13,6.65,5.7,25.18,70
0.86,0.5,0.13,15.98,10.34,19.36,70
0.86,0.51,0.13,25.88,14.66,11.89,70