0.89,-0.16,0.42,2.29,0.15,0.37,70
0.89,-0.16,0.42,4.18,0.58,0.12,70
0.88,-0.17,0.42,4.09,0.4,-0.21,70
0.89,-0.18,0.46,2.41,0.98,-0.58,70
0.9,-0.14,0.42,1.77,1.01,-0.46,70
0.88,-0.15,0.41,0.61,0.82,-0.49,70
0.88,-0.16,0.34,0.85,1.04,-0.21,70
0.88,-0.16,0.34,1.22,1.1,0.06,70
0.88,-0.16,0.36,2.13,0.76,0.12,70
0.88,-0.15,0.39,3.02,0.3,0.06,70
0.88,-0.16,0.45,2.29,-0.09,-0.09,70
0.9,-0.19,0.42,0.95,0.85,-0.27,70
0.9,-0.16,0.41,-0.73,-0.06,-0.06,70
0.87,-0.17,0.43,-0.95,-0.09,0.34,70
0.89,-0.19,0.43,1.19,-0.09,0.7,70
0.9,-0.18,0.48,1.92,-0.24,0.79,70
0.89,-0.16,0.37,1.86,-0.46,0.43,70
0.89,-0.17,0.41,0.09,-0.88,0.43,70
0.88,-0.16,0.42,-0.73,-0.67,0.24,70
0.87,-0.17,0.41,-1.04,-1.07,0.55,70
0.88,-0.16,0.41,-0.76,-0.82,0,70
0.87,-0.17,0.41,-1.31,-1.01,-0.34,70
0.85,-0.16,0.41,-3.54,-0.98,-0.58,70
0.83,-0.16,0.41,-5.91,-1.34,-0.43,70
0.82,-0.15,0.41,-8.05,-1.86,0.49,70
0.82,-0.15,0.41,-7.16,-2.71,1.13,70
0.84,-0.18,0.4,-1.13,-4.09,2.2,70
0.85,-0.17,0.4,4.39,-5.61,4.02,70
0.85,-0.15,0.41,5.67,-8.35,5.55,70
0.84,-0.14,0.41,4.18,-12.5,7.53,70
0.84,-0.13,0.42,2.8,-16.55,9.57,70
0.82,-0.14,0.43,4.33,-19.7,10.3,70
0.8,-0.17,0.42,11.04,-22.26,9.76,70
0.8,-0.21,0.4,23.96,-25.73,8.23,70
0.82,-0.24,0.4,40.82,-28.99,4.91,70
0.82,-0.24,0.42,53.32,-29.88,-0.64,70
0.82,-0.22,0.44,55.3,-29.88,-7.41,70
0.81,-0.18,0.46,47.77,-28.26,-13.63,70
0.81,-0.16,0.48,36.65,-24.21,-19.88,70
0.83,-0.16,0.51,27.65,-19.6,-26.07,70
0.89,-0.21,0.52,25.88,-15.24,-28.66,70
0.94,-0.26,0.51,30.09,-10.34,-28.63,70
0.98,-0.26,0.5,31.4,-5.52,-25.52,70
0.96,-0.2,0.44,23.75,-1.22,-23.02,70
0.91,-0.14,0.4,11.89,3.26,-20.27,70
0.87,-0.13,0.36,0.79,5.64,-13.78,70
0.84,-0.13,0.37,-11.22,8.81,-8.2,70
0.79,-0.12,0.37,-19.57,12.26,-6.31,70
0.77,-0.18,0.36,-21.13,16.59,-3.6,70
0.73,-0.21,0.34,-20.58,20.12,0.58,70
0.67,-0.2,0.33,-20.46,22.96,2.71,70
0.59,-0.19,0.31,-19.91,26.49,3.57,70
0.54,-0.19,0.29,-18.63,29.33,3.72,70
0.5,-0.17,0.27,-19.18,30.03,3.66,70
0.49,-0.17,0.27,-19.48,30.7,1.49,70
0.5,-0.21,0.26,-13.87,30.82,-2.04,70
0.52,-0.24,0.27,-5.34,31.34,-4.6,70
0.53,-0.24,0.29,-1.43,33.96,-7.53,70
0.51,-0.2,0.29,-5.73,36.49,-9.79,70
0.51,-0.17,0.27,-13.38,37.1,-10.52,70
0.53,-0.15,0.26,-17.71,35.98,-11.01,70
0.56,-0.15,0.27,-19.36,35.58,-10.85,70
0.62,-0.16,0.3,-20.15,35.09,-10.91,70
0.79,-0.18,0.34,-17.77,32.01,-13.23,70
1.06,-0.2,0.4,-13.08,28.14,-19.94,70
1.47,-0.23,0.51,-11.16,23.08,-33.08,70
1.93,-0.24,0.68,-20.73,13.84,-49.18,70
2.25,-0.17,0.86,-54.09,-7.9,-55,70
2.09,-0.04,0.91,-98.02,-35.27,-48.78,70
1.62,0.01,0.84,-121.34,-55.88,-24.66,70
1.25,0.04,0.77,-112.71,-53.17,8.99,70
1.11,0,0.64,-54.3,-41.04,28.93,70
1.15,-0.08,0.57,40.24,-36.8,30.58,70
1.27,-0.13,0.63,114.18,-25.82,37.04,70
1.28,0,0.76,121.19,-10.21,41.8,70
1.14,0.12,0.84,70.43,-2.38,30.34,70
0.94,0.15,0.82,6.4,1.95,13.93,70
0.79,0.11,0.73,-36.13,6.74,2.29,70
0.72,0.04,0.61,-47.26,10.09,-3.84,70
0.64,-0.06,0.48,-33.48,10.24,-5.03,70
0.57,-0.13,0.4,-13.23,9.97,-3.11,70
0.5,-0.13,0.32,5.37,7.01,-1.46,70
0.46,-0.13,0.28,20.76,2.5,0.34,70
0.46,-0.18,0.26,35.61,-1.01,4.3,70
0.48,-0.22,0.26,51.46,-4.27,8.78,70
0.52,-0.24,0.29,66.16,-6.19,11.19,70
0.56,-0.27,0.31,78.32,-7.32,12.41,70
0.59,-0.22,0.34,82.1,-8.14,12.07,70
0.59,-0.17,0.38,74.02,-7.41,10.79,70
0.58,-0.13,0.38,56.95,-5.61,10.37,70
0.57,-0.09,0.36,37.13,-4.09,11.16,70
0.56,-0.08,0.34,21.01,-2.2,13.29,70
0.55,-0.09,0.31,12.2,-0.61,16.37,70
0.54,-0.11,0.29,9.27,1.4,20.49,70
0.54,-0.13,0.29,10.43,2.8,24.76,70
0.55,-0.15,0.3,14.6,4.18,28.87,70
0.63,-0.17,0.34,18.63,5,32.38,70
0.69,-0.17,0.35,20.43,4.94,33.96,70
0.75,-0.17,0.37,20.85,4.3,33.48,70
0.76,-0.15,0.39,19.76,2.93,32.59,70
0.72,-0.11,0.39,13.48,2.59,32.8,70
0.74,-0.09,0.37,0.55,2.68,34.21,70
0.86,-0.14,0.37,-8.63,-0.12,34.54,70
1.03,-0.2,0.41,-2.74,-4.48,32.87,70
1.22,-0.23,0.47,11.59,-5.24,28.57,70
1.41,-0.24,0.5,24.42,-2.23,20.64,70
1.61,-0.22,0.55,30.43,1.01,10.82,70
1.81,-0.16,0.6,22.2,2.87,1.43,70
1.9,-0.15,0.63,-0.7,-0.27,-12.13,70
1.75,-0.11,0.65,-30.58,-12.84,-29.66,70
1.58,-0.08,0.63,-69.88,-19.73,-36.55,70
1.47,-0.1,0.53,-105.98,-18.75,-34.18,70
1.41,-0.18,0.46,-110.88,-25.58,-32.26,70
1.33,-0.26,0.46,-77.62,-30.88,-29.18,70
1.19,-0.26,0.47,-32.38,-28.05,-21.01,70
1.02,-0.21,0.46,-3.11,-22.74,-11.77,70
0.85,-0.13,0.42,4.6,-17.53,-3.38,70
0.71,-0.07,0.38,-2.96,-11.52,5.67,70
0.59,-0.04,0.34,-17.77,-6.19,12.53,70
0.52,-0.04,0.33,-33.05,-4.33,12.87,70
0.47,-0.1,0.34,-44.57,-2.56,8.66,70
0.44,-0.15,0.34,-49.48,0.85,4.54,70
0.42,-0.21,0.33,-47.65,5.73,0.91,70
0.41,-0.24,0.32,-38.81,10.82,-3.38,70
0.4,-0.25,0.32,-26.83,15.85,-7.5,70
0.41,-0.23,0.31,-17.84,20.55,-11.34,70
0.4,-0.21,0.3,-13.17,23.48,-16.28,70
0.42,-0.2,0.31,-10.79,24.91,-22.1,70
0.44,-0.19,0.3,-9.76,26.46,-27.96,70
0.47,-0.19,0.31,-11.19,27.62,-33.57,70
0.5,-0.19,0.31,-15.06,28.45,-38.99,70
0.55,-0.2,0.31,-20.15,29.05,-43.84,70
0.59,-0.2,0.31,-25.24,29.21,-47.53,70
0.63,-0.2,0.32,-29.66,29.09,-49.79,70
0.68,-0.18,0.34,-34.79,28.75,-50.37,70
0.71,-0.17,0.35,-40.3,27.99,-49.54,70
0.74,-0.15,0.37,-45.43,27.77,-46.98,70
0.82,-0.14,0.37,-51.8,28.96,-42.96,70
1.01,-0.16,0.38,-57.07,28.75,-40.58,70
1.34,-0.17,0.45,-56.74,25.21,-42.47,70
1.76,-0.18,0.57,-56.8,20.76,-50.09,70
1.98,-0.14,0.71,-67.07,12.96,-58.99,70
1.91,-0.07,0.8,-96.86,-4.79,-62.8,70
1.75,-0.09,0.78,-138.75,-21.04,-57.59,70
1.6,-0.21,0.7,-151.59,-34.79,-46.59,70
1.47,-0.32,0.65,-106.4,-47.38,-35.55,70
1.38,-0.35,0.62,-20.73,-46.16,-24.12,70
1.31,-0.26,0.63,62.23,-38.05,-10.61,70
1.19,-0.12,0.65,102.35,-33.69,3.87,70
1.04,-0.05,0.62,89.91,-30.49,13.66,70
0.92,-0.08,0.54,52.59,-25.95,18.08,70
0.81,-0.12,0.43,29.39,-22.65,19.88,70
0.72,-0.13,0.38,33.48,-24.02,21.74,70
0.62,-0.09,0.41,48.51,-23.84,23.87,70
0.53,-0.08,0.45,52.59,-17.8,24.15,70
0.47,-0.13,0.44,43.51,-11.31,24.15,70
0.42,-0.17,0.4,34.45,-6.83,26.68,70
0.38,-0.17,0.37,33.75,-2.71,31.86,70
0.36,-0.17,0.35,39.42,-0.61,35.76,70
0.38,-0.18,0.34,47.77,-0.12,35.82,70
0.41,-0.19,0.35,57.07,-0.61,33.51,70
0.44,-0.18,0.37,64.18,-0.27,31.28,70
0.47,-0.15,0.38,65.27,1.68,29.94,70
0.48,-0.13,0.38,59.48,4.3,28.87,70
0.49,-0.12,0.36,49.7,6.68,27.96,70
0.49,-0.11,0.35,40.91,8.99,27.71,70
0.51,-0.12,0.33,36.28,10.79,27.77,70
0.53,-0.14,0.32,36.46,12.01,28.08,70
0.56,-0.15,0.32,41.43,13.11,29.21,70
0.61,-0.15,0.35,47.9,14.63,30.55,70
0.67,-0.13,0.38,50.43,16.74,31.55,70
0.72,-0.1,0.41,43.69,19.91,32.01,70
0.8,-0.09,0.4,29.39,22.99,31.43,70
0.94,-0.11,0.4,15.98,25.64,29.09,70
1.15,-0.14,0.42,8.84,28.96,23.29,70
1.42,-0.17,0.45,5.49,33.75,11.71,70
1.74,-0.23,0.5,1.16,37.74,-5.03,70
1.94,-0.26,0.53,-7.38,40.64,-19.88,70
2.05,-0.24,0.56,-21.71,34.15,-32.96,70
2.01,-0.17,0.58,-42.84,22.16,-40.58,70
1.87,-0.14,0.56,-71.28,11.22,-37.87,70
1.69,-0.16,0.5,-94.33,-1.37,-29.85,70
1.5,-0.2,0.45,-90.21,-15.67,-19.18,70
1.33,-0.2,0.45,-57.23,-26.49,-5.58,70
1.15,-0.18,0.44,-14.76,-27.93,9.15,70
0.99,-0.16,0.42,19.94,-25.06,19.42,70
0.87,-0.15,0.38,40.7,-22.2,26.86,70
0.78,-0.13,0.37,47.77,-19.51,35.27,70
0.72,-0.09,0.38,39.3,-14.18,40.43,70
0.64,-0.07,0.38,11.89,-7.41,37.87,70
0.57,-0.1,0.35,-27.29,-4.82,27.32,70
0.53,-0.15,0.3,-59.91,-6.01,15.09,70
0.49,-0.18,0.27,-73.6,-5.49,4.79,70
0.47,-0.21,0.27,-70.82,-3.51,-5.18,70
0.46,-0.24,0.29,-60.79,-0.95,-14.79,70
0.45,-0.26,0.32,-49.39,1.07,-21.98,70
0.45,-0.26,0.35,-38.69,1.04,-26.74,70
0.45,-0.24,0.37,-29.91,0.61,-30.03,70
0.46,-0.21,0.39,-24.39,0,-31.89,70
0.48,-0.19,0.41,-21.98,0.06,-32.56,70
0.51,-0.18,0.4,-20.46,1.74,-33.26,70
0.54,-0.18,0.39,-18.63,3.9,-34.88,70
0.57,-0.18,0.38,-16.16,5.43,-35.76,70
0.59,-0.17,0.38,-14.39,8.02,-34.91,70
0.6,-0.17,0.38,-15.55,11.71,-33.38,70
0.61,-0.17,0.38,-19.15,15.37,-31.13,70
0.63,-0.17,0.35,-22.9,19.21,-28.23,70
0.69,-0.18,0.35,-23.2,21.4,-25.7,70
0.75,-0.21,0.37,-18.87,21.71,-23.84,70
0.8,-0.22,0.42,-12.9,21.49,-22.32,70
0.84,-0.21,0.46,-10.3,22.38,-21.01,70
0.92,-0.21,0.47,-11.98,24.76,-20.49,70
1.05,-0.22,0.47,-13.23,24.73,-20.55,70
1.27,-0.24,0.52,-10.95,20.06,-21.07,70
1.55,-0.25,0.61,-5.37,12.23,-22.96,70
1.77,-0.23,0.72,0.46,2.74,-27.26,70
1.83,-0.19,0.79,-1.71,-5.58,-30.09,70
1.77,-0.15,0.76,-14.21,-11.19,-27.1,70
1.65,-0.19,0.68,-21.28,-18.51,-23.29,70
1.53,-0.24,0.62,-5.85,-28.08,-17.99,70
1.42,-0.22,0.61,26.55,-32.44,-9.3,70
1.3,-0.18,0.62,53.57,-32.01,-2.1,70
1.16,-0.15,0.61,58.99,-28.84,3.08,70
1,-0.12,0.55,47.23,-22.93,8.2,70
0.87,-0.11,0.49,30.95,-16.74,12.29,70
0.75,-0.09,0.45,16.68,-11.55,15.85,70
0.64,-0.07,0.42,1.95,-6.46,18.57,70
0.56,-0.09,0.38,-11.68,-1.25,20.7,70
0.49,-0.12,0.34,-16.34,3.6,23.38,70
0.44,-0.12,0.31,-8.32,8.23,27.13,70
0.41,-0.12,0.32,5.82,11.34,29.66,70
0.39,-0.12,0.34,16.86,12.38,30.34,70
0.39,-0.14,0.35,19.97,11.62,30.82,70
0.42,-0.15,0.35,18.38,9.82,31.59,70
0.46,-0.17,0.36,17.74,7.93,31.28,70
0.52,-0.24,0.37,20.73,5.95,30,70
0.58,-0.24,0.37,28.11,5.21,31.4,70
0.61,-0.21,0.35,35.85,5.4,33.6,70
0.64,-0.21,0.35,44.66,4.39,32.87,70
0.66,-0.18,0.36,52.87,4.02,31.46,70
0.68,-0.14,0.36,55.03,4.6,29.36,70
0.67,-0.13,0.36,49.82,5.52,26.74,70
0.63,-0.11,0.35,40.12,7.5,25.67,70
0.61,-0.1,0.32,29.12,9.88,26.31,70
0.6,-0.11,0.3,20.15,11.34,27.01,70
0.63,-0.13,0.29,16.46,10.61,26.59,70
0.66,-0.16,0.32,17.23,9.33,25.52,70
0.7,-0.16,0.35,18.26,8.99,24.33,70
0.76,-0.16,0.38,15,8.72,22.65,70
0.89,-0.17,0.39,9.42,7.16,19.36,70
1.01,-0.2,0.41,7.77,4.39,14.05,70
1.13,-0.21,0.46,10.52,0.64,6.77,70
1.26,-0.21,0.49,11.46,-1.46,-1.4,70
1.35,-0.22,0.51,9.85,-3.96,-11.43,70
1.46,-0.23,0.52,9.39,-6.8,-20.12,70
1.68,-0.25,0.54,9.45,-8.35,-26.01,70
1.84,-0.27,0.57,14.48,-13.45,-36.77,70
1.79,-0.24,0.63,22.8,-25.06,-50.55,70
1.66,-0.17,0.65,12.68,-30.18,-52.68,70
1.47,-0.12,0.57,-13.63,-29.51,-48.41,70
1.32,-0.14,0.5,-29.94,-35.64,-45.98,70
1.19,-0.15,0.45,-27.26,-38.17,-38.41,70
1.07,-0.16,0.42,-13.69,-36.8,-28.23,70
0.99,-0.17,0.41,2.77,-35.37,-21.86,70
0.9,-0.18,0.39,16.89,-31.65,-16.28,70
0.8,-0.17,0.38,24.63,-27.5,-8.75,70
0.68,-0.14,0.38,21.65,-23.02,-1.74,70
0.58,-0.11,0.37,7.53,-17.96,2.41,70
0.51,-0.1,0.35,-12.01,-13.41,4.21,70
0.45,-0.12,0.32,-27.32,-9.24,4.73,70
0.42,-0.15,0.3,-33.08,-4.3,4.91,70
0.4,-0.17,0.29,-31.43,0.95,4.73,70
0.38,-0.2,0.28,-26.04,5.91,4.66,70
0.39,-0.21,0.27,-19.12,9.57,4.36,70
0.41,-0.22,0.27,-12.2,11.68,3.02,70
0.44,-0.23,0.28,-6.01,11.95,-0.21,70
0.48,-0.24,0.3,-0.24,11.22,-4.73,70
0.53,-0.25,0.33,3.45,10.55,-9.97,70
0.57,-0.24,0.35,3.6,10.34,-15.12,70
0.62,-0.23,0.36,0.55,10.55,-19.66,70
0.66,-0.21,0.36,-3.66,10.21,-23.29,70
0.7,-0.21,0.36,-6.55,10.27,-25.43,70
0.74,-0.19,0.36,-7.53,11.19,-25.27,70
0.78,-0.17,0.38,-8.17,13.35,-22.1,70
0.82,-0.13,0.39,-10.58,18.32,-16.01,70
0.95,-0.1,0.4,-15.4,25.03,-9.36,70
1.14,-0.11,0.41,-19.79,29.48,-4.6,70
1.36,-0.12,0.48,-19.57,28.48,-3.87,70
1.49,-0.11,0.55,-20.3,26.86,-4.76,70
1.54,-0.08,0.62,-30.88,22.62,-4.33,70
1.51,-0.07,0.66,-49.6,13.29,-1.77,70
1.53,-0.09,0.67,-67.04,5.06,2.68,70
1.61,-0.18,0.67,-68.84,-0.67,5.37,70
1.65,-0.3,0.68,-43.08,-13.69,2.29,70
1.56,-0.33,0.72,4.45,-27.71,-1.59,70
1.39,-0.25,0.75,45.46,-31.19,1.07,70
1.21,-0.15,0.7,59.18,-28.87,5.43,70
1.05,-0.11,0.63,53.32,-28.51,6.52,70
0.93,-0.09,0.56,44.09,-26.25,7.77,70
0.82,-0.08,0.5,36.8,-20.58,9.57,70
0.73,-0.07,0.44,30.43,-15.95,9.63,70
0.66,-0.07,0.4,24.51,-11.4,9.39,70
0.59,-0.09,0.36,20.09,-5.49,11.86,70
0.54,-0.09,0.32,20.27,0.61,16.77,70
0.5,-0.08,0.32,25.24,5.88,22.53,70
0.48,-0.08,0.32,31.1,10,27.65,70
0.49,-0.07,0.34,34.09,13.38,31.98,70
0.5,-0.06,0.35,31.07,15.58,34.36,70
0.54,-0.09,0.36,22.87,16.31,34.02,70
0.59,-0.13,0.36,14.39,15.61,33.29,70
0.63,-0.15,0.37,7.62,15.21,32.71,70
0.64,-0.18,0.37,2.5,14.57,31.37,70
0.63,-0.19,0.38,-0.15,14.97,31.1,70
0.59,-0.17,0.36,-1.95,16.8,32.35,70
0.55,-0.15,0.32,-2.59,17.77,33.08,70
0.54,-0.15,0.29,0.73,17.01,33.14,70
0.54,-0.16,0.28,8.41,14.63,32.77,70
0.56,-0.17,0.3,17.44,11.43,31.19,70
0.58,-0.17,0.34,23.66,9.09,28.14,70
0.61,-0.17,0.36,24.42,8.17,24.66,70
0.65,-0.17,0.36,20.76,7.87,20.95,70
0.69,-0.16,0.36,15.67,7.2,16.92,70
0.71,-0.14,0.36,11.04,6.43,13.93,70
0.76,-0.13,0.37,6.98,5.49,10.98,70
0.86,-0.15,0.38,5.12,3.17,7.04,70
1,-0.17,0.42,7.38,-0.12,2.32,70
1.13,-0.18,0.47,10.15,-2.29,-4.45,70
1.22,-0.19,0.51,10.85,-2.99,-12.84,70
1.35,-0.2,0.52,8.96,-1.74,-20.82,70
1.52,-0.2,0.53,6.1,0.88,-27.1,70
1.73,-0.22,0.56,5.64,-0.79,-38.2,70
1.89,-0.24,0.6,7.47,-5.3,-52.59,70
1.83,-0.22,0.64,4.27,-13.87,-64.79,70
1.65,-0.19,0.64,-10.61,-23.05,-70.15,70
1.4,-0.15,0.58,-29.97,-27.07,-67.13,70
1.22,-0.12,0.5,-41.01,-31.01,-58.02,70
1.1,-0.12,0.44,-38.99,-31.43,-45,70
1.01,-0.14,0.4,-23.23,-31.04,-32.29,70
0.93,-0.18,0.37,2.47,-31.86,-23.02,70
0.84,-0.21,0.36,30.55,-31.62,-14.51,70
0.75,-0.2,0.36,51.19,-29.82,-3.26,70
0.66,-0.16,0.37,57.13,-27.62,7.93,70
0.59,-0.13,0.37,49.24,-25.12,14.66,70
0.54,-0.13,0.36,34.94,-22.23,17.35,70
0.5,-0.15,0.34,23.38,-19.36,17.53,70
0.46,-0.16,0.33,17.99,-16.49,15.64,70
0.44,-0.17,0.33,15.64,-13.11,11.71,70
0.42,-0.19,0.33,13.29,-9.02,6.83,70
0.41,-0.19,0.33,10.91,-4.45,2.16,70
0.4,-0.19,0.34,7.1,0.82,-2.38,70
0.43,-0.18,0.34,-0.27,6.4,-7.26,70
0.46,-0.18,0.33,-9.09,11.62,-12.87,70
0.52,-0.19,0.33,-15.79,16.16,-19.15,70
0.56,-0.18,0.33,-20.73,20.49,-24.94,70
0.59,-0.16,0.36,-27.74,24.91,-29.05,70
0.64,-0.13,0.38,-40.03,30.21,-31.4,70
0.71,-0.09,0.39,-57.44,36.19,-31.16,70
0.76,-0.05,0.4,-78.57,41.31,-29.12,70
0.87,-0.03,0.41,-100.95,45.7,-26.25,70
1.02,-0.04,0.41,-120.15,48.32,-23.26,70
1.21,-0.09,0.43,-129.63,46.55,-22.29,70
1.43,-0.18,0.46,-124.94,38.57,-20.76,70
1.61,-0.26,0.54,-101.62,22.71,-14.97,70
1.69,-0.32,0.65,-60.09,2.71,-6.55,70
1.76,-0.3,0.77,-9.6,-14.36,4.7,70
1.76,-0.27,0.82,36.25,-26.16,13.35,70
1.52,-0.19,0.81,77.71,-41.37,14.21,70
1.35,-0.12,0.76,103.63,-48.72,16.68,70
1.24,-0.08,0.7,106.83,-43.57,21.74,70
1.18,-0.08,0.64,102.59,-43.41,19.66,70
1.1,-0.08,0.6,96.8,-42.07,14.09,70
1,-0.08,0.56,81.28,-36.77,10.98,70
0.9,-0.06,0.5,56.89,-31.68,6.62,70
0.8,-0.07,0.44,32.96,-26.46,1.59,70
0.7,-0.07,0.39,15.21,-21.07,0.64,70
0.61,-0.08,0.35,6.31,-15.88,2.99,70
0.54,-0.09,0.33,5.52,-11.07,6.22,70
0.5,-0.1,0.34,9.88,-5.34,10.46,70
0.46,-0.11,0.36,14.97,-0.06,15.76,70
0.43,-0.11,0.36,17.01,3.87,21.19,70
0.44,-0.12,0.37,15.27,7.59,25.64,70
0.47,-0.13,0.37,12.2,10.64,28.87,70
0.52,-0.14,0.37,10.88,12.93,30.85,70
0.58,-0.15,0.37,12.44,15.12,31.22,70
0.62,-0.12,0.38,15.34,17.87,30.52,70
0.63,-0.09,0.4,15.37,21.43,28.69,70
0.61,-0.06,0.4,7.56,24.82,27.44,70
0.6,-0.05,0.38,-8.29,27.93,27.32,70
0.6,-0.08,0.33,-24.24,29.24,27.87,70
0.61,-0.13,0.31,-31.19,28.35,29.27,70
0.63,-0.17,0.3,-26.95,26.77,30.61,70
0.65,-0.19,0.32,-16.49,25.76,32.1,70
0.67,-0.17,0.33,-7.13,25.49,33.05,70
0.7,-0.15,0.35,-2.41,25.21,33.66,70
0.7,-0.13,0.36,-2.71,24.7,34.91,70
0.71,-0.1,0.36,-7.16,24.18,36.59,70
0.78,-0.11,0.36,-12.8,22.59,36.25,70
0.92,-0.15,0.38,-13.23,17.99,31.83,70
1.11,-0.19,0.43,-6.62,13.72,23.66,70
1.37,-0.24,0.5,1.31,11.77,11.52,70
1.59,-0.27,0.55,9.02,11.04,-5.7,70
1.75,-0.27,0.6,13.41,9.97,-26.74,70
1.76,-0.21,0.6,3.6,9.24,-39.18,70
1.74,-0.17,0.58,-19.24,1.86,-47.38,70
1.66,-0.17,0.55,-38.99,-9.42,-57.38,70
1.53,-0.2,0.54,-44.91,-19.33,-60.64,70
1.39,-0.2,0.51,-37.62,-24.82,-57.2,70
1.26,-0.2,0.48,-19.79,-28.08,-53.66,70
1.17,-0.21,0.44,2.71,-27.5,-48.41,70
1.06,-0.21,0.4,23.9,-25.61,-39.33,70
0.95,-0.19,0.37,39.94,-26.74,-29.7,70
0.83,-0.16,0.36,47.07,-27.71,-21.04,70
0.72,-0.13,0.34,44.42,-26.16,-13.35,70
0.63,-0.12,0.34,34.88,-23.29,-7.56,70
0.57,-0.12,0.32,22.71,-19.88,-4.36,70
0.53,-0.13,0.31,10.79,-16.25,-3.29,70
0.51,-0.17,0.3,2.23,-13.11,-4.05,70
0.52,-0.2,0.3,-0.85,-10,-6.04,70
0.53,-0.22,0.31,0.18,-6.65,-9.18,70
0.55,-0.24,0.32,2.71,-3.54,-13.57,70
0.57,-0.24,0.34,3.48,-0.91,-19.36,70
0.61,-0.24,0.37,-0.34,1.37,-26.83,70
0.65,-0.23,0.39,-9.09,3.14,-35.4,70
0.67,-0.22,0.39,-21.52,4.94,-43.51,70
0.68,-0.21,0.39,-34.66,6.22,-50.21,70
0.68,-0.2,0.38,-45.73,8.05,-54.21,70
0.68,-0.19,0.37,-55.21,10.43,-54.12,70
0.69,-0.19,0.36,-63.38,11.95,-50.37,70
0.7,-0.19,0.35,-67.8,12.96,-44.3,70
0.72,-0.2,0.34,-66.31,13.32,-36.31,70
0.73,-0.21,0.35,-59.09,12.9,-27.04,70
0.73,-0.21,0.37,-48.35,12.8,-16.71,70
0.7,-0.17,0.39,-38.87,14.39,-5,70
0.71,-0.12,0.39,-36.22,18.51,7.26,70
0.81,-0.1,0.39,-41.07,22.38,17.26,70
0.99,-0.11,0.42,-45.34,21.65,21.95,70
1.22,-0.15,0.49,-45.09,17.53,21.25,70
1.43,-0.21,0.58,-41.65,13.69,16.19,70
1.68,-0.25,0.7,-36.62,7.59,6.34,70
1.85,-0.24,0.81,-33.51,1.28,-1.55,70
1.84,-0.22,0.84,-34.7,-7.38,-8.02,70
1.47,-0.15,0.81,-38.14,-24.15,-10.49,70
1.24,-0.11,0.74,-43.35,-32.07,-3.84,70
1.15,-0.13,0.6,-36.01,-28.08,8.05,70
1.13,-0.18,0.52,4.88,-30.67,13.48,70
1.09,-0.18,0.56,66.34,-34.18,12.56,70
0.96,-0.13,0.62,104.63,-30.15,17.87,70
0.81,-0.04,0.64,96.04,-22.53,22.35,70
0.69,0.05,0.54,55.4,-12.35,20.88,70
0.57,0.09,0.43,20.79,-3.81,17.84,70
0.49,0.02,0.36,16.28,1.07,14.6,70
0.46,-0.02,0.39,34.09,6.65,11.13,70
0.46,0,0.43,44.09,10.52,8.54,70
0.47,0,0.44,28.93,11.07,6.95,70
0.51,-0.07,0.42,3.57,11.01,6.52,70
0.57,-0.16,0.4,-13.23,12.07,8.14,70
0.62,-0.23,0.37,-18.35,14.02,10.95,70
0.65,-0.25,0.35,-10.37,17.44,15.27,70
0.64,-0.24,0.34,6.22,20.79,19.79,70
0.61,-0.17,0.34,20.12,24.15,23.87,70
0.58,-0.11,0.35,21.62,26.46,26.68,70
0.56,-0.09,0.33,11.74,27.23,28.66,70
0.57,-0.1,0.32,-0.67,25.67,29.73,70
0.57,-0.13,0.31,-8.05,22.9,29.85,70
0.57,-0.16,0.31,-7.8,21.28,29.85,70
0.57,-0.17,0.32,-3.63,21.46,30.73,70
0.58,-0.17,0.32,-1.74,23.08,33.02,70
0.58,-0.15,0.31,-3.35,24.57,35.79,70
0.57,-0.16,0.3,-7.01,25.21,37.62,70
0.58,-0.17,0.31,-10.49,24.12,38.81,70
0.62,-0.2,0.35,-13.38,22.53,40.46,70
0.73,-0.25,0.41,-16.13,20,41.43,70
0.88,-0.33,0.5,-15.85,16.43,40.7,70
1.05,-0.39,0.59,-14.94,16.13,39.12,70
1.25,-0.46,0.64,-17.65,16.68,33.96,70
1.52,-0.58,0.69,-17.5,11.68,19.09,70
1.63,-0.62,0.77,-7.07,4.45,-0.46,70
1.7,-0.57,0.83,-0.73,-1.22,-17.01,70
1.69,-0.48,0.82,-12.65,0.43,-24.36,70
1.63,-0.41,0.77,-34.66,-3.6,-26.46,70
1.49,-0.37,0.73,-51.86,-12.56,-24.12,70
1.33,-0.33,0.7,-56.74,-18.93,-16.31,70
1.18,-0.28,0.68,-49.3,-22.44,-5.58,70
1.03,-0.26,0.65,-34.82,-24.05,6.16,70
0.86,-0.26,0.61,-19.09,-23.32,18.14,70
0.7,-0.27,0.57,-4.88,-21.98,28.41,70
0.58,-0.28,0.53,6.92,-22.1,36.89,70
0.5,-0.28,0.5,19.7,-21.43,42.99,70
0.45,-0.27,0.48,32.38,-15.67,43.87,70
0.41,-0.25,0.47,38.26,-7.96,40.43,70
0.39,-0.23,0.46,34.88,-2.29,34.36,70
0.38,-0.21,0.44,25.06,4.02,26.34,70
0.37,-0.2,0.42,14.12,10.43,17.32,70
0.38,-0.19,0.4,6.62,15.4,8.72,70
0.41,-0.19,0.39,3.48,19.88,1.74,70
0.43,-0.18,0.39,3.41,23.26,-3.41,70
0.45,-0.16,0.41,4.02,25.43,-7.68,70
0.48,-0.16,0.43,3.35,28.23,-12.68,70
0.52,-0.16,0.44,0,30.43,-18.69,70
0.57,-0.18,0.45,-6.46,30.12,-25.4,70
0.62,-0.21,0.45,-11.98,27.16,-31.59,70
0.66,-0.23,0.46,-11.1,23.23,-36.49,70
0.7,-0.22,0.49,-4.12,20,-40.37,70
0.77,-0.2,0.53,1.4,18.81,-44.63,70
0.94,-0.25,0.54,2.13,18.9,-52.44,70
1.16,-0.32,0.56,8.99,16.37,-64.6,70
1.38,-0.33,0.65,26.1,7.84,-78.23,70
1.5,-0.28,0.73,36.89,3.81,-84.63,70
1.6,-0.18,0.77,27.35,2.9,-79.12,70
1.78,-0.09,0.78,2.9,3.54,-72.1,70
2.01,-0.07,0.79,-22.77,5.18,-63.41,70
1.86,-0.04,0.78,-37.9,-1.86,-58.69,70
1.53,0.02,0.77,-52.38,-13.48,-58.23,70
1.22,0.11,0.7,-84.63,-6.25,-45.95,70
0.98,0.18,0.61,-130.12,5.98,-29.39,70
0.81,0.11,0.53,-173.26,12.62,-19.51,70
0.7,-0.04,0.45,-196.62,16.68,-18.63,70
0.63,-0.19,0.4,-193.02,21.1,-22.04,70
0.56,-0.28,0.36,-171.74,26.37,-21.95,70
0.49,-0.31,0.34,-146.52,31.86,-17.1,70
0.45,-0.31,0.32,-124.91,36.8,-10.91,70
0.44,-0.3,0.31,-106.01,38.38,-6.43,70
0.44,-0.29,0.34,-82.87,36.55,-4.88,70
0.47,-0.26,0.39,-57.01,33.32,-6.62,70
0.53,-0.22,0.45,-37.65,29.18,-12.07,70
0.59,-0.2,0.49,-29.36,25.67,-20.43,70
0.65,-0.19,0.52,-29.39,20.91,-29.57,70
0.69,-0.2,0.53,-33.45,15.37,-36.83,70
0.71,-0.19,0.54,-38.66,10.37,-42.44,70
0.73,-0.19,0.52,-43.84,5.82,-46.55,70
0.76,-0.2,0.48,-44.79,0.46,-49.94,70
0.81,-0.21,0.47,-36.83,-6.22,-52.07,70
0.86,-0.19,0.49,-23.66,-11.28,-53.23,70
0.91,-0.18,0.52,-13.57,-15.34,-54.09,70
0.95,-0.18,0.54,-10.03,-20.27,-55.06,70
0.94,-0.18,0.55,-9.12,-24.97,-53.96,70
0.93,-0.16,0.56,-7.41,-28.57,-49.45,70
0.9,-0.13,0.56,-4.97,-30.12,-43.02,70
0.88,-0.11,0.57,-3.35,-31.89,-37.23,70
0.86,-0.1,0.59,-4.39,-33.78,-32.38,70
0.83,-0.1,0.59,-7.53,-34.21,-27.87,70
0.84,-0.11,0.59,-11.31,-33.78,-23.41,70
0.93,-0.11,0.61,-13.78,-32.32,-18.96,70
1.14,-0.13,0.64,-13.6,-27.59,-16.52,70
1.28,-0.13,0.65,-9.88,-21.86,-17.23,70
1.33,-0.11,0.65,-8.9,-17.04,-17.8,70
1.33,-0.05,0.59,-21.16,-8.2,-12.84,70
1.25,-0.02,0.49,-37.44,0.52,-9.3,70
1.11,-0.03,0.43,-47.01,6.71,-9.6,70
0.97,-0.03,0.4,-58.29,16.65,-8.96,70
0.88,-0.03,0.35,-79.33,29.18,-9.94,70
0.83,-0.09,0.3,-101.16,36.49,-13.38,70
0.8,-0.17,0.27,-110.95,42.44,-14.82,70
0.79,-0.19,0.23,-109.15,52.65,-12.38,70
0.8,-0.2,0.2,-102.2,62.65,-9.82,70
0.86,-0.21,0.17,-95.4,68.99,-10.03,70
0.95,-0.23,0.16,-89.88,71.13,-11.83,70
1.01,-0.25,0.16,-82.71,69.21,-14.15,70
1.04,-0.26,0.2,-74.63,65,-17.13,70
1.03,-0.25,0.23,-69.24,60,-19.73,70
1.02,-0.23,0.28,-68.72,55.52,-21.43,70
1.01,-0.19,0.31,-73.93,52.96,-22.9,70
1,-0.17,0.31,-83.66,50.73,-25.58,70
0.97,-0.17,0.29,-93.99,46.52,-28.2,70
0.94,-0.18,0.26,-98.87,40.55,-28.08,70
0.92,-0.19,0.24,-94.73,34.12,-25.27,70
0.91,-0.18,0.25,-82.04,29.51,-22.59,70
0.89,-0.17,0.27,-67.38,27.1,-21.55,70
0.86,-0.15,0.3,-60.06,26.49,-21.07,70
0.8,-0.13,0.3,-63.35,26.49,-21.59,70
0.76,-0.13,0.28,-72.84,25.79,-23.54,70
0.74,-0.14,0.27,-81.62,24.73,-26.37,70
0.76,-0.16,0.27,-86.25,22.87,-31.34,70
0.77,-0.2,0.28,-86.74,20.24,-39.57,70
0.78,-0.23,0.3,-84.12,17.35,-49.57,70
0.79,-0.25,0.33,-80.46,15.55,-59.54,70
0.79,-0.25,0.35,-79.12,14.42,-67.96,70
0.81,-0.24,0.35,-81.01,12.87,-75.21,70
0.83,-0.23,0.34,-81.65,10.79,-82.41,70
0.84,-0.23,0.35,-78.41,8.29,-89.36,70
0.85,-0.21,0.37,-73.9,5.85,-94.73,70
0.84,-0.19,0.38,-73.2,5.27,-97.93,70
0.83,-0.18,0.37,-77.59,6.74,-99.97,70
0.87,-0.17,0.36,-83.48,9.3,-101.74,70
0.94,-0.18,0.37,-86.1,12.16,-104.05,70
1.06,-0.15,0.4,-86.34,18.26,-106.46,70
1.17,-0.13,0.41,-91.95,27.9,-106.95,70
1.32,-0.12,0.4,-105.43,37.01,-107.74,70
1.46,-0.14,0.38,-119.66,42.07,-112.35,70
1.38,-0.16,0.39,-128.14,41.62,-118.51,70
1.26,-0.1,0.43,-141.71,40.24,-119.57,70
1.18,-0.04,0.41,-174.02,45.73,-113.02,70
1.12,-0.06,0.36,-210.7,44.12,-103.11,70
1.07,-0.14,0.33,-226.98,40.67,-92.04,70
0.99,-0.22,0.29,-213.02,42.41,-80.61,70
0.94,-0.26,0.28,-178.2,46.43,-70.67,70
0.93,-0.29,0.25,-138.38,50.37,-62.07,70
0.91,-0.29,0.23,-103.57,50.52,-54.42,70
0.88,-0.27,0.24,-78.72,48.26,-49.36,70
0.84,-0.24,0.25,-67.29,46.16,-47.32,70
0.78,-0.21,0.26,-69.21,43.08,-48.02,70
0.72,-0.19,0.25,-79.05,39.27,-50.46,70
0.66,-0.17,0.24,-89.7,35,-52.93,70
0.6,-0.16,0.24,-100.06,30.21,-55.03,70
0.55,-0.17,0.23,-110.52,24.97,-56.07,70
0.53,-0.2,0.21,-119.09,19.51,-56.34,70
0.54,-0.25,0.21,-120.4,12.56,-57.23,70
0.55,-0.29,0.22,-110.58,4.76,-57.65,70
0.53,-0.3,0.25,-92.62,-1.92,-56.19,70
0.49,-0.25,0.27,-74.97,-7.01,-51.74,70
0.41,-0.18,0.27,-65.58,-9.94,-44.09,70
0.33,-0.14,0.24,-64.85,-12.04,-34.79,70
0.28,-0.13,0.23,-65.06,-14.48,-25.82,70
0.25,-0.15,0.23,-59.54,-17.1,-18.38,70
0.23,-0.16,0.23,-48.26,-18.11,-11.65,70
0.19,-0.16,0.23,-36.34,-15.73,-3.81,70
0.15,-0.16,0.19,-27.71,-11.65,6.98,70
0.15,-0.15,0.14,-17.68,-8.11,23.99,70
0.21,-0.1,0.11,-2.04,-1.89,49.97,70
0.37,-0.01,0.11,14.45,10.12,76.25,70
0.64,0.05,0.18,18.99,23.54,87.04,70
1.1,-0.03,0.29,9.09,23.75,78.69,70
2.03,-0.27,0.5,-1.13,12.44,46.31,70
2.73,-0.67,0.82,-0.18,14.54,-28.84,70
2.25,-0.57,0.99,-10.06,4.97,-106.01,70
2.1,-0.35,0.98,-94.7,5.61,-123.78,70
1.89,-0.26,0.77,-199.6,16.43,-130.85,70
1.79,-0.25,0.67,-255.06,-13.78,-130.55,70
1.64,-0.3,0.67,-251.19,-36.68,-121.55,70
1.52,-0.36,0.68,-194.21,-43.11,-115.67,70
1.44,-0.34,0.7,-103.23,-42.59,-106.71,70
1.27,-0.25,0.7,-14.33,-40.09,-90.55,70
1.05,-0.18,0.66,36.31,-38.57,-71.89,70
0.87,-0.17,0.63,38.35,-36.34,-57.1,70
0.75,-0.19,0.54,13.05,-27.44,-47.96,70
0.65,-0.2,0.43,-11.16,-16.19,-39.88,70
0.56,-0.18,0.33,-21.68,-9.54,-30.21,70
0.5,-0.17,0.29,-22.74,-4.6,-24.3,70
0.45,-0.2,0.25,-20.88,1.01,-22.99,70
0.41,-0.22,0.23,-16.68,6.25,-21.43,70
0.36,-0.22,0.22,-11.55,11.28,-17.2,70
0.33,-0.21,0.23,-8.66,16.89,-11.19,70
0.31,-0.2,0.26,-8.63,22.77,-5.27,70
0.3,-0.19,0.27,-11.31,28.32,-1.1,70
0.29,-0.18,0.27,-15.98,34.45,0.67,70
0.3,-0.17,0.27,-22.29,40.15,1.01,70
0.32,-0.17,0.27,-30.64,44.18,1.07,70
0.34,-0.17,0.27,-40.58,47.16,1.04,70
0.38,-0.17,0.28,-51.19,50.12,0.7,70
0.44,-0.17,0.29,-60.85,53.48,0.52,70
0.5,-0.17,0.31,-68.69,56.83,0.76,70
0.62,-0.16,0.34,-74.6,59.76,0.88,70
0.9,-0.16,0.39,-79.54,60.85,-2.35,70
1.35,-0.19,0.47,-81.34,58.29,-12.77,70
1.89,-0.25,0.65,-79.42,52.13,-33.38,70
2.1,-0.29,0.8,-77.32,43.41,-59.21,70
1.88,-0.22,0.9,-87.01,21.55,-65.55,70
1.64,-0.13,0.91,-116.4,-0.82,-47.65,70
1.44,-0.1,0.83,-130.55,-17.9,-21.68,70
1.39,-0.14,0.76,-96.55,-29.97,-0.27,70
1.45,-0.15,0.69,-18.51,-22.1,13.93,70
1.51,-0.13,0.64,67.2,-10.43,16.68,70
1.48,-0.15,0.68,121.28,-19.63,8.6,70
1.37,-0.19,0.77,125.06,-32.29,-0.09,70
1.19,-0.18,0.77,79.79,-32.59,-4.66,70
1.01,-0.22,0.62,20.15,-30.4,-8.93,70
0.88,-0.25,0.44,-7.9,-29.79,-7.32,70
0.76,-0.23,0.34,10.06,-27.74,5,70
0.67,-0.16,0.33,52.1,-22.9,18.99,70
0.59,-0.07,0.37,84.24,-15.91,27.96,70
0.53,-0.01,0.4,85.52,-8.29,33.11,70
0.48,-0.03,0.4,61.65,-3.2,36.55,70
0.46,-0.09,0.37,33.93,-0.49,40.3,70
0.45,-0.14,0.35,16.83,0.95,44.79,70
0.44,-0.14,0.34,11.52,2.13,47.38,70
0.43,-0.16,0.33,11.01,3.81,46.46,70
0.42,-0.19,0.33,12.01,5.24,44.97,70
0.42,-0.21,0.33,14.76,5.67,45.49,70
0.41,-0.21,0.33,18.81,5.95,47.68,70
0.39,-0.2,0.33,23.32,6.07,50.98,70
0.38,-0.19,0.32,29.39,6.25,55.24,70
0.37,-0.17,0.31,37.56,6.37,59.51,70
0.38,-0.16,0.3,46.95,6.19,62.96,70
0.4,-0.16,0.31,55.76,5.58,65.03,70
0.44,-0.17,0.31,62.68,4.76,65.98,70
0.5,-0.18,0.31,68.02,3.9,65.46,70
0.57,-0.19,0.32,73.32,1.34,62.2,70
0.67,-0.21,0.36,79.79,-2.1,55.88,70
0.8,-0.23,0.4,85.3,-5.06,47.01,70
0.95,-0.25,0.46,88.6,-7.23,35.55,70
1.06,-0.22,0.51,88.84,-7.07,20.61,70
1.18,-0.22,0.54,80.7,-2.8,5.64,70
1.3,-0.21,0.53,63.48,3.72,-3.57,70
1.52,-0.24,0.52,48.08,3.96,-16.86,70
1.71,-0.24,0.55,43.08,2.99,-31.71,70
1.83,-0.18,0.6,39.18,3.11,-41.28,70
1.81,-0.13,0.62,18.23,0.24,-46.4,70
1.76,-0.09,0.62,-16.77,-8.2,-48.75,70
1.67,-0.08,0.57,-51.16,-12.84,-43.9,70
1.56,-0.09,0.54,-71.04,-20.73,-32.04,70
1.39,-0.1,0.52,-72.96,-29.6,-21.49,70
1.22,-0.12,0.51,-62.01,-34.36,-13.84,70
1.07,-0.15,0.48,-44.36,-33.08,-5.64,70
0.93,-0.19,0.44,-24.27,-30.91,4.12,70
0.81,-0.2,0.41,-6.4,-30.7,15,70
0.68,-0.19,0.38,7.65,-28.05,25.24,70
0.58,-0.18,0.34,18.32,-21.86,33.29,70
0.52,-0.16,0.31,24.82,-15.43,38.9,70
0.47,-0.15,0.3,26.83,-13.08,39.91,70
0.43,-0.16,0.29,25.64,-12.9,36.04,70
0.39,-0.17,0.3,22.84,-11.22,29.45,70
0.35,-0.18,0.31,19.63,-9.54,21.46,70
0.32,-0.18,0.33,15.24,-6.86,12.74,70
0.31,-0.18,0.33,7.84,-1.77,3.81,70
0.31,-0.17,0.32,-0.43,3.63,-5.3,70
0.32,-0.13,0.36,-7.56,7.74,-16.28,70
0.37,-0.19,0.38,-18.78,13.48,-29.18,70
0.41,-0.25,0.36,-28.57,22.53,-38.32,70
0.46,-0.25,0.33,-31.74,28.02,-43.48,70
0.51,-0.21,0.33,-32.77,31.13,-47.96,70
0.58,-0.17,0.33,-36.68,33.84,-53.14,70
0.67,-0.11,0.36,-45.4,38.41,-56.89,70
0.79,-0.05,0.39,-61.43,43.9,-58.05,70
0.99,-0.04,0.41,-85.21,47.04,-60.79,70
1.21,-0.04,0.45,-108.6,44.33,-67.9,70
1.55,-0.11,0.54,-126.19,35.85,-77.38,70
1.75,-0.16,0.63,-135.98,26.04,-77.56,70
1.87,-0.25,0.7,-133.38,7.2,-73.99,70
1.86,-0.35,0.75,-108.23,-18.23,-65.15,70
1.62,-0.38,0.76,-54.09,-42.13,-48.35,70
1.41,-0.34,0.73,22.44,-58.26,-27.71,70
1.32,-0.26,0.67,102.56,-55.61,-5.49,70
1.31,-0.18,0.6,171.22,-48.84,11.49,70
1.32,-0.16,0.62,217.65,-51.49,17.99,70
1.26,-0.13,0.66,233.05,-50.88,22.5,70
1.14,-0.07,0.67,213.26,-40.64,27.23,70
1,0,0.63,161.62,-27.56,25.43,70
0.88,0.05,0.54,90.4,-16.25,20.46,70
0.76,0.08,0.44,19.12,-8.99,17.32,70
0.66,0.06,0.34,-33.84,-5.18,13.14,70
0.58,0.01,0.26,-58.14,-2.2,7.38,70
0.52,-0.06,0.22,-57.1,1.1,3.57,70
0.47,-0.12,0.23,-43.05,5.09,3.69,70
0.44,-0.15,0.26,-28.38,7.38,8.6,70
0.43,-0.18,0.3,-18.54,7.96,16.04,70
0.44,-0.19,0.34,-12.01,7.77,22.47,70
0.45,-0.2,0.38,-7.62,9.02,27.26,70
0.46,-0.19,0.41,-6.4,11.77,32.1,70
0.45,-0.17,0.42,-9.48,15.06,36.43,70
0.45,-0.16,0.4,-13.72,17.65,39.66,70
0.45,-0.15,0.37,-15.4,19.82,42.38,70
0.47,-0.15,0.34,-13.02,21.28,43.54,70
0.51,-0.16,0.31,-7.13,20.76,42.47,70
0.55,-0.17,0.31,0.49,19.33,40.09,70
0.58,-0.17,0.33,6.55,18.57,38.48,70
0.6,-0.15,0.33,8.29,19.39,38.54,70
0.61,-0.12,0.33,4.88,20.67,38.96,70
0.63,-0.1,0.34,-1.04,21.59,39.36,70
0.71,-0.11,0.35,-6.07,21.4,39.15,70
0.86,-0.15,0.37,-6.49,18.96,35.88,70
1.07,-0.2,0.43,-1.31,16.07,27.87,70
1.3,-0.23,0.49,5.61,14.73,14.15,70
1.47,-0.23,0.55,7.99,16.92,-2.84,70
1.56,-0.2,0.57,-2.56,20.46,-18.69,70
1.58,-0.17,0.56,-31.01,20.85,-27.74,70
1.63,-0.18,0.52,-63.02,13.41,-36.07,70
1.69,-0.24,0.51,-77.26,2.84,-48.72,70
1.68,-0.32,0.53,-67.71,-8.45,-58.35,70
1.6,-0.33,0.56,-45.49,-17.77,-60.73,70
1.47,-0.29,0.55,-23.2,-22.68,-56.52,70
1.33,-0.23,0.52,-3.17,-25.24,-45.73,70
1.16,-0.17,0.47,14.05,-27.16,-31.25,70
1.01,-0.12,0.43,24.24,-29.85,-18.11,70
0.89,-0.09,0.41,26.1,-32.26,-7.26,70
0.8,-0.09,0.37,24.63,-31.31,1.16,70
0.73,-0.11,0.34,25.27,-28.75,6.59,70
0.67,-0.15,0.34,29.97,-26.52,10.18,70
0.62,-0.17,0.34,35.46,-23.35,14.36,70
0.56,-0.17,0.34,35.73,-19.33,18.05,70
0.52,-0.19,0.33,31.83,-16.01,20.09,70
0.47,-0.2,0.33,29.91,-12.71,21.89,70
0.43,-0.19,0.33,31.59,-8.14,23.69,70
0.39,-0.18,0.3,33.38,-2.59,23.75,70
0.34,-0.1,0.34,33.69,2.23,21.74,70
0.33,-0.11,0.36,26.83,9.15,16.68,70
0.32,-0.08,0.37,19.66,18.14,11.52,70
0.33,-0.06,0.39,13.17,24.27,2.87,70
0.34,-0.07,0.36,-0.12,30.52,-8.05,70
0.38,-0.12,0.34,-16.95,33.32,-16.68,70
0.43,-0.15,0.34,-32.93,33.51,-22.59,70
0.5,-0.15,0.36,-46.13,35.85,-27.65,70
0.64,-0.2,0.36,-57.35,40.46,-33.9,70
0.87,-0.25,0.36,-62.74,43.6,-41.25,70
1.2,-0.28,0.4,-59.82,44.02,-51.92,70
1.62,-0.27,0.48,-55.18,42.68,-67.62,70
2.06,-0.28,0.59,-60,35.37,-91.59,70
1.89,-0.25,0.66,-79.88,15.18,-104.57,70
1.69,-0.21,0.69,-111.89,-15.12,-97.47,70
1.63,-0.18,0.65,-133.05,-25.27,-74.02,70
1.66,-0.25,0.59,-110.21,-36.37,-49.39,70
1.62,-0.32,0.61,-31.1,-53.99,-32.8,70
1.52,-0.25,0.62,71.62,-56.01,-14.7,70
1.34,-0.11,0.58,147.77,-48.75,8.75,70
1.12,-0.04,0.54,174.51,-47.38,24.48,70
0.98,-0.07,0.5,158.23,-42.62,32.35,70
0.87,-0.12,0.46,122.47,-33.17,43.38,70
0.77,-0.1,0.42,89.66,-29.09,53.51,70
0.65,0,0.42,56.83,-27.62,54.57,70
0.55,0.09,0.42,19.79,-20.7,49.66,70
0.44,0.05,0.36,-1.28,-7.9,42.68,70
0.37,-0.06,0.33,9.27,2.62,36.77,70
0.32,-0.04,0.38,32.84,8.17,35.21,70
0.27,0.03,0.4,38.54,13.48,34.82,70
0.23,0.03,0.39,20.18,16.74,33.41,70
0.23,-0.02,0.36,-3.81,16.4,33.11,70
0.23,-0.09,0.34,-19.21,15.64,33.51,70
0.25,-0.18,0.31,-25.95,15.61,34.91,70
0.28,-0.25,0.25,-22.38,17.47,37.01,70
0.32,-0.28,0.2,-5.03,18.57,39.76,70
0.37,-0.3,0.19,20.82,18.96,41.19,70
0.43,-0.31,0.18,47.93,19.79,41.16,70
0.52,-0.28,0.2,70.43,19.21,40.03,70
0.62,-0.24,0.24,84.3,17.96,36.13,70
0.76,-0.21,0.29,87.35,17.65,28.26,70
0.96,-0.18,0.35,78.96,18.2,16.77,70
1.21,-0.15,0.41,59.7,18.51,0.34,70
1.53,-0.16,0.48,30.09,18.17,-23.02,70
1.71,-0.18,0.55,-7.5,19.39,-43.84,70
1.81,-0.19,0.57,-45.7,16.04,-59.21,70
1.88,-0.19,0.57,-74.76,11.31,-67.53,70
1.88,-0.18,0.57,-88.38,5.06,-65,70
1.89,-0.18,0.58,-87.71,-4.63,-53.26,70
1.85,-0.19,0.58,-75.27,-14.27,-37.07,70
1.71,-0.19,0.58,-44.82,-27.26,-21.89,70
1.48,-0.17,0.56,-3.17,-37.41,-6.86,70
1.26,-0.12,0.54,30.91,-41.55,10.46,70
1.08,-0.11,0.48,49.12,-42.01,25.88,70
0.95,-0.15,0.44,60.82,-43.2,38.29,70
0.84,-0.17,0.41,75.76,-44.24,49.02,70
0.72,-0.17,0.41,90.43,-41.89,56.65,70
0.64,-0.14,0.42,96.49,-37.26,59.88,70
0.56,-0.18,0.37,89.6,-32.59,58.87,70
0.46,-0.04,0.46,80.85,-36.16,58.66,70
0.45,0.16,0.62,60.64,-34.51,47.47,70
0.33,0.07,0.55,18.23,-12.23,24.21,70
0.35,0,0.54,-14.88,1.28,0.98,70
0.39,-0.11,0.47,-39.48,12.59,-13.78,70
0.34,-0.22,0.34,-39.45,26.86,-16.98,70
0.33,-0.21,0.31,-23.17,32.65,-16.25,70
0.33,-0.16,0.29,-12.8,36.52,-16.1,70
0.36,-0.15,0.28,-14.94,39.12,-17.16,70
0.39,-0.18,0.23,-21.01,40.21,-17.9,70
0.44,-0.2,0.21,-20.37,40.09,-20.91,70
0.51,-0.21,0.22,-15.88,39.66,-26.34,70
0.56,-0.22,0.22,-13.54,40.61,-31.52,70
0.6,-0.23,0.24,-13.26,40.85,-34.94,70
0.67,-0.21,0.27,-14.97,41.07,-36.1,70
0.78,-0.19,0.27,-22.77,41.89,-38.02,70
0.94,-0.21,0.27,-34.66,39.09,-42.62,70
1.16,-0.22,0.29,-46.19,32.04,-47.32,70
1.42,-0.19,0.35,-58.69,23.23,-49.09,70
1.69,-0.18,0.47,-76.83,10.34,-48.23,70
1.77,-0.18,0.55,-95.43,-7.5,-42.74,70
1.77,-0.21,0.61,-101.92,-28.29,-35.27,70
1.69,-0.25,0.62,-87.07,-44.76,-25.61,70
1.62,-0.29,0.63,-47.77,-60.18,-13.69,70
1.58,-0.28,0.65,9.15,-70.37,-0.61,70
1.5,-0.22,0.69,67.9,-72.96,12.2,70
1.41,-0.12,0.73,108.93,-69.94,23.23,70
1.29,-0.04,0.72,113.48,-56.19,28.26,70
1.13,-0.03,0.72,81.98,-41.83,25.85,70
1.02,0.18,0.8,35.06,-37.74,19.33,70
0.89,0.41,0.84,-37.23,-25.52,1.4,70
0.74,0.33,0.69,-125.24,-3.93,-24.51,70
0.64,-0.1,0.45,-153.57,8.96,-34.39,70
0.59,-0.34,0.36,-92.2,9.6,-19.48,70
0.52,-0.17,0.47,1.55,13.11,8.08,70
0.42,0.02,0.52,53.48,23.93,19.36,70
0.36,0.01,0.47,48.66,30.73,13.35,70
0.38,-0.07,0.36,17.41,30.79,14.48,70
0.4,-0.2,0.21,-4.79,27.01,23.84,70
0.46,-0.31,0.11,-1.37,18.57,31.89,70
0.46,-0.35,0.09,25.46,8.08,42.99,70
0.42,-0.29,0.12,63.17,1.65,56.89,70
0.37,-0.22,0.16,91.37,4.51,64.66,70
0.37,-0.19,0.17,97.26,8.72,64.85,70
0.38,-0.19,0.15,86.04,6.89,61.92,70
0.4,-0.19,0.14,69.7,2.5,56.86,70
0.45,-0.21,0.15,55.82,-0.85,49.94,70
0.53,-0.23,0.16,46.43,-3.35,42.1,70
0.67,-0.24,0.19,39.15,-4.09,33.69,70
0.86,-0.25,0.23,32.41,-2.77,24.48,70
1.07,-0.27,0.3,26.19,-1.07,14.51,70
1.31,-0.28,0.38,19.15,0.18,3.69,70
1.59,-0.3,0.47,10.73,2.41,-11.55,70
1.85,-0.35,0.51,0.58,5.21,-29.15,70
2,-0.39,0.52,-8.35,-0.09,-42.77,70
2.01,-0.37,0.56,-11.31,-16.19,-50.79,70
1.84,-0.29,0.59,-8.63,-30.18,-45.85,70
1.64,-0.19,0.59,-7.38,-37.29,-31.83,70
1.46,-0.12,0.58,-8.87,-40.61,-14.36,70
1.33,-0.07,0.56,-7.71,-40.15,-0.79,70
1.17,-0.09,0.53,-1.43,-39.76,5,70
1.02,-0.16,0.52,8.72,-38.54,4.66,70
0.87,-0.08,0.57,12.84,-33.72,7.07,70
0.74,-0.01,0.57,-5.24,-20.76,8.69,70
0.59,-0.07,0.45,-38.78,-0.3,4.39,70
0.5,-0.08,0.41,-53.78,11.22,1.74,70
0.48,-0.12,0.4,-47.04,18.72,1.07,70
0.4,-0.14,0.34,-39.42,33.51,-3.66,70
0.4,-0.12,0.34,-46.16,37.53,-7.65,70
0.44,-0.18,0.29,-61.98,39.63,-12.04,70
0.51,-0.27,0.22,-68.72,43.51,-16.92,70
0.57,-0.33,0.18,-64.57,44.97,-18.6,70
0.59,-0.3,0.17,-57.62,44.91,-16.65,70
0.57,-0.27,0.16,-56.4,45.03,-13.02,70
0.54,-0.25,0.15,-57.35,44.24,-8.54,70
0.5,-0.23,0.17,-53.81,41.07,-1.74,70
0.49,-0.21,0.22,-49.54,37.68,5.27,70
0.49,-0.21,0.26,-46.92,34.36,9.88,70
0.5,-0.23,0.28,-41.13,30.64,11.34,70
0.52,-0.25,0.3,-28.45,28.29,12.5,70
0.59,-0.26,0.31,-13.63,28.63,14.39,70
0.76,-0.29,0.33,-1.25,26.86,13.51,70
1.01,-0.33,0.38,13.78,21.28,8.96,70
1.3,-0.37,0.47,33.9,15.4,2.04,70
1.67,-0.37,0.6,51.71,4.76,-8.9,70
1.9,-0.35,0.73,60.37,-8.41,-21.89,70
1.81,-0.26,0.78,56.8,-23.9,-27.84,70
1.66,-0.18,0.77,38.66,-35.98,-31.55,70
1.55,-0.17,0.69,23.17,-40.12,-33.05,70
1.51,-0.18,0.69,27.74,-45.7,-32.62,70
1.54,-0.19,0.76,42.23,-47.5,-29.63,70
1.44,-0.19,0.78,46.62,-44.36,-25.98,70
1.25,-0.12,0.77,38.45,-42.77,-23.69,70
1.02,-0.07,0.72,15,-35.73,-19.18,70
0.8,-0.09,0.59,-16.55,-22.47,-11.19,70
0.66,-0.14,0.48,-35,-12.26,-0.82,70
0.59,-0.19,0.4,-25.58,-6.83,9.15,70
0.53,-0.22,0.37,7.68,-2.62,14.42,70
0.49,-0.2,0.38,44.3,1.37,16.98,70
0.44,-0.17,0.39,65.27,4.73,20.43,70
0.43,-0.16,0.36,66.89,6.86,23.11,70
0.44,-0.15,0.33,57.53,7.59,24.42,70
0.47,-0.18,0.28,48.41,5.03,24.73,70
0.49,-0.21,0.24,47.68,0.73,25.61,70
0.48,-0.2,0.24,54.7,-2.41,27.8,70
0.45,-0.16,0.26,62.59,-2.53,30.73,70
0.43,-0.12,0.27,65.21,0.85,32.59,70
0.42,-0.1,0.27,58.66,5.27,32.93,70
0.43,-0.11,0.27,43.81,8.2,31.25,70
0.45,-0.14,0.25,27.62,8.72,28.11,70
0.47,-0.17,0.23,17.44,7.65,25.06,70
0.49,-0.19,0.23,16.25,6.34,22.41,70
0.52,-0.19,0.24,20.49,5.76,19.97,70
0.58,-0.19,0.26,24.57,5.76,18.26,70
0.66,-0.16,0.31,24.91,6.28,17.68,70
0.75,-0.14,0.34,17.96,6.16,17.04,70
0.86,-0.16,0.36,6.89,5.37,14.79,70
1.02,-0.2,0.4,-1.07,3.84,10.09,70
1.21,-0.27,0.44,-3.05,0.64,3.14,70
1.46,-0.35,0.5,1.55,-2.29,-5.06,70
1.59,-0.34,0.56,9.94,0.82,-14.54,70
1.63,-0.27,0.58,13.02,4.42,-26.95,70
1.71,-0.22,0.59,3.9,3.9,-37.71,70
1.77,-0.2,0.61,-9.6,-1.92,-45.4,70
1.73,-0.17,0.65,-19.39,-12.8,-48.51,70
1.61,-0.1,0.68,-32.38,-17.99,-43.41,70
1.47,-0.05,0.64,-55.12,-17.56,-33.51,70
1.34,-0.04,0.57,-77.5,-19.97,-25.15,70
1.21,-0.1,0.5,-84.42,-23.78,-16.01,70
1.11,-0.13,0.47,-71.52,-27.07,-3.9,70
1,-0.16,0.47,-49.79,-25,8.02,70
0.89,-0.17,0.48,-33.17,-19.7,15.95,70
0.77,-0.15,0.46,-26.25,-12.93,19.73,70
0.66,-0.13,0.44,-28.32,-4.27,19.94,70
0.58,-0.2,0.4,-36.59,1.01,14.66,70
0.52,-0.25,0.41,-42.71,-0.06,3.35,70
0.49,-0.27,0.42,-47.74,1.31,-8.11,70
0.45,-0.28,0.4,-51.28,3.87,-16.37,70
0.42,-0.27,0.37,-48.54,6.65,-22.04,70
0.39,-0.25,0.34,-40.88,12.96,-22.93,70
0.38,-0.23,0.3,-30.03,18.05,-18.32,70
0.4,-0.21,0.29,-17.44,20.67,-12.01,70
0.43,-0.2,0.29,-4.94,22.53,-5.52,70
0.46,-0.18,0.3,5.24,24.91,1.86,70
0.5,-0.18,0.31,12.87,28.05,8.35,70
0.56,-0.18,0.33,17.71,30.49,13.96,70
0.59,-0.17,0.35,17.35,33.23,18.96,70
0.61,-0.15,0.36,9.45,36.98,21.92,70
0.63,-0.15,0.35,-1.34,39.02,22.38,70
0.65,-0.16,0.35,-7.62,39.66,21.52,70
0.71,-0.14,0.39,-9.66,41.07,22.32,70
0.81,-0.16,0.41,-14.6,43.93,23.26,70
0.97,-0.24,0.41,-17.53,41.86,19.82,70
1.12,-0.27,0.46,-5.61,33.99,12.62,70
1.24,-0.22,0.56,12.44,27.29,6.83,70
1.36,-0.17,0.63,16.37,23.93,3.72,70
1.47,-0.15,0.67,5.55,17.38,-2.29,70
1.51,-0.18,0.69,-7.41,5.18,-11.19,70
1.45,-0.22,0.68,-11.98,-10.49,-19.21,70
1.38,-0.23,0.68,-6.65,-20.43,-26.92,70
1.39,-0.23,0.65,1.52,-23.78,-33.23,70
1.38,-0.24,0.6,8.93,-27.93,-38.78,70
1.29,-0.23,0.57,17.99,-34.48,-42.56,70
1.15,-0.19,0.52,24.91,-34.94,-41.68,70
1.03,-0.14,0.48,25.21,-32.23,-37.65,70
0.93,-0.11,0.43,18.45,-29.15,-33.9,70
0.89,-0.11,0.44,7.74,-28.9,-32.87,70
0.85,-0.16,0.41,-6.13,-26.95,-33.08,70
0.81,-0.2,0.4,-11.71,-26.34,-33.9,70
0.77,-0.22,0.41,-7.9,-25.98,-35,70
0.7,-0.19,0.4,-7.1,-22.74,-30.79,70
0.63,-0.14,0.39,-12.13,-20.43,-23.08,70
0.59,-0.1,0.39,-20.34,-19.24,-16.86,70
0.56,-0.11,0.39,-27.84,-17.47,-12.59,70
0.56,-0.14,0.37,-30.12,-15.52,-9.24,70
0.55,-0.18,0.37,-25.37,-13.99,-5.82,70
0.55,-0.18,0.38,-17.07,-12.32,-2.16,70
0.54,-0.18,0.38,-10,-11.13,0.18,70
0.53,-0.18,0.36,-4.91,-10.58,1.46,70
0.53,-0.17,0.35,-2.1,-9.88,3.29,70
0.54,-0.17,0.35,-1.25,-10.52,5.03,70
0.53,-0.17,0.35,-0.34,-10.52,5.61,70
0.53,-0.16,0.36,0.67,-9.15,5.91,70
0.52,-0.15,0.36,-0.55,-6.65,6.4,70
0.57,-0.17,0.34,-3.41,-5.03,5.85,70
0.66,-0.2,0.33,-1.59,-5.4,4.94,70
0.73,-0.21,0.35,7.07,-6.28,4.76,70
0.75,-0.16,0.38,14.88,-4.57,5.98,70
0.75,-0.08,0.38,10,-0.58,10.4,70
0.86,-0.05,0.37,-8.72,3.96,15.46,70
1.05,-0.12,0.38,-23.63,4.15,15.58,70
1.29,-0.18,0.41,-20.91,2.5,9.76,70
1.5,-0.24,0.45,-11.16,6.1,2.13,70
1.7,-0.28,0.44,-3.57,10.61,-3.45,70
1.87,-0.25,0.46,3.17,13.05,-5.52,70
1.96,-0.19,0.49,5.67,9.54,-5.43,70
1.98,-0.15,0.56,-3.84,1.89,-7.47,70
1.82,-0.16,0.59,-22.1,-7.68,-11.77,70
1.66,-0.18,0.57,-32.99,-14.54,-17.07,70
1.49,-0.2,0.52,-31.31,-12.07,-16.55,70
1.29,-0.19,0.45,-22.96,-12.5,-12.9,70
1.11,-0.18,0.41,-14.88,-17.04,-10.09,70
0.94,-0.17,0.39,-10.09,-19.27,-5.85,70
0.81,-0.18,0.36,-7.04,-19.79,-0.09,70
0.7,-0.19,0.34,-1.55,-19.09,4.33,70
0.62,-0.21,0.31,9.76,-18.05,7.84,70
0.57,-0.21,0.29,24.97,-16.16,12.96,70
0.54,-0.19,0.26,40.82,-14.15,19.94,70
0.53,-0.17,0.25,54.57,-12.16,26.16,70
0.55,-0.16,0.24,64.76,-8.17,31.25,70
0.58,-0.16,0.23,70.61,-3.81,35.12,70
0.63,-0.18,0.22,73.96,-1.22,37.32,70
0.74,-0.2,0.24,78.41,1.49,37.53,70
0.88,-0.21,0.27,85.24,6.37,35.09,70
1.03,-0.2,0.31,89.66,13.96,28.81,70
1.15,-0.16,0.35,80.95,24.12,18.9,70
1.19,-0.13,0.38,53.75,32.07,6.1,70
1.19,-0.09,0.39,12.16,37.32,-7.41,70
1.12,-0.07,0.39,-36.77,41.98,-16.98,70
1.1,-0.06,0.36,-83.78,42.29,-23.57,70
1.02,-0.1,0.35,-117.68,37.8,-29.3,70
0.91,-0.14,0.34,-133.02,31.86,-29.45,70
0.81,-0.15,0.33,-136.95,29.24,-21.13,70
0.77,-0.19,0.31,-131.8,24.3,-9.48,70
0.78,-0.25,0.31,-109.73,16.1,1.55,70
0.82,-0.32,0.33,-67.35,9.09,11.68,70
0.87,-0.34,0.36,-14.21,3.57,19.33,70
0.93,-0.32,0.41,33.93,1.19,23.35,70
0.95,-0.26,0.43,65.88,1.55,25.24,70
0.94,-0.19,0.43,78.45,3.45,26.37,70
0.92,-0.14,0.41,73.87,4.79,25.76,70
0.89,-0.11,0.4,59.24,3.75,22.1,70
0.87,-0.11,0.4,41.52,1.62,16.68,70
0.84,-0.12,0.39,26.86,0.61,11.49,70
0.83,-0.13,0.38,18.08,1.07,7.26,70
0.84,-0.15,0.37,14.48,2.68,4.85,70
0.85,-0.17,0.38,14.33,4.39,3.81,70
0.88,-0.18,0.39,15,5.09,2.93,70
0.89,-0.18,0.4,14.73,5.3,1.46,70
0.9,-0.18,0.42,12.65,4.79,-0.49,70
0.9,-0.17,0.43,8.17,3.66,-3.2,70
0.89,-0.16,0.42,1.83,2.59,-6.07,70
0.88,-0.17,0.42,-5.12,1.22,-8.45,70
0.87,-0.18,0.41,-10.55,-0.76,-9.85,70
0.86,-0.19,0.4,-11.52,-2.77,-9.76,70
0.86,-0.19,0.4,-7.93,-4.18,-8.78,70
0.86,-0.2,0.41,-2.26,-5.46,-8.2,70
0.86,-0.19,0.42,2.32,-6.49,-8.29,70
0.86,-0.19,0.43,3.14,-6.98,-8.69,70
0.86,-0.18,0.43,1.25,-7.53,-9.45,70
0.86,-0.19,0.43,-0.12,-8.14,-10.24,70
0.87,-0.19,0.43,-0.06,-8.35,-11.01,70
0.87,-0.19,0.43,0.85,-8.69,-12.01,70
0.87,-0.19,0.44,1.25,-9.3,-13.26,70
0.87,-0.19,0.44,-0.03,-9.33,-14.15,70
0.87,-0.19,0.44,-1.52,-9.39,-14.66,70
0.87,-0.19,0.44,-1.68,-9.42,-14.91,70
0.87,-0.19,0.44,-0.4,-8.96,-14.48,70
0.87,-0.19,0.45,0.98,-8.35,-13.87,70
0.87,-0.19,0.44,1.59,-7.68,-13.2,70
0.88,-0.19,0.44,1.43,-6.86,-12.38,70
0.88,-0.19,0.44,0.82,-6.31,-11.65,70
0.89,-0.19,0.44,0.52,-5.79,-10.88,70
0.89,-0.19,0.45,0.64,-5.06,-10.12,70
0.89,-0.19,0.44,1.01,-4.24,-9.12,70
0.89,-0.19,0.44,1.25,-3.35,-7.96,70
0.89,-0.19,0.44,1.13,-2.71,-6.52,70
0.9,-0.19,0.44,0.85,-2.26,-5.09,70
0.9,-0.19,0.43,0.46,-1.71,-3.78,70
0.9,-0.19,0.43,0.06,-1.04,-2.53,70
0.89,-0.19,0.43,-0.24,-0.46,-1.07,70
0.88,-0.19,0.42,0.03,0.15,0.52,70
0.89,-0.19,0.42,0.95,0.52,1.83,70
0.89,-0.19,0.42,2.71,0.82,2.71,70
0.89,-0.2,0.42,4.39,0.95,3.23,70
0.9,-0.19,0.42,5.24,0.95,3.45,70
0.9,-0.19,0.42,5.43,0.85,3.54,70
0.9,-0.19,0.42,5.15,0.76,3.54,70
0.89,-0.18,0.41,4.94,0.88,3.81,70
0.89,-0.18,0.41,5.09,0.79,4.05,70
0.89,-0.18,0.41,5.95,0.73,4.36,70
0.89,-0.18,0.41,6.46,1.13,4.57,70
0.89,-0.18,0.4,6.46,1.59,4.63,70
0.89,-0.18,0.4,6.07,1.8,4.45,70
0.9,-0.17,0.4,4.79,2.38,4.45,70
0.89,-0.17,0.4,2.65,2.77,4.48,70
0.88,-0.17,0.4,0.98,2.71,4.66,70
0.89,-0.17,0.39,0.43,2.9,5.03,70
0.89,-0.18,0.39,0.82,2.71,5.27,70
0.9,-0.18,0.4,1.65,1.86,5.21,70
0.9,-0.18,0.39,1.98,1.31,5.06,70
0.89,-0.18,0.39,1.71,0.67,4.82,70
0.89,-0.18,0.39,1.71,-0.34,4.3,70
0.89,-0.17,0.39,2.13,-0.85,4.02,70
0.89,-0.17,0.39,2.1,-1.25,3.81,70
0.89,-0.17,0.4,1.74,-1.52,3.35,70
0.9,-0.17,0.4,1.46,-2.04,2.87,70
0.89,-0.17,0.4,1.28,-2.29,2.38,70
0.89,-0.16,0.4,0.4,-2.35,1.86,70
0.89,-0.16,0.4,-0.73,-2.47,1.68,70
0.88,-0.16,0.41,-1.46,-2.71,1.4,70
0.88,-0.17,0.4,-1.74,-2.99,1.01,70
0.89,-0.17,0.41,-1.49,-3.29,0.4,70
0.89,-0.17,0.41,-0.98,-3.69,-0.43,70
0.88,-0.17,0.42,-0.64,-3.9,-1.13,70
0.88,-0.17,0.42,-0.46,-4.02,-2.13,70
0.88,-0.17,0.41,-0.37,-4.15,-2.8,70
0.88,-0.17,0.41,-0.06,-4.12,-3.57,70
0.88,-0.17,0.41,0.4,-3.93,-4.18,70
0.89,-0.17,0.42,0.64,-3.81,-4.66,70
0.89,-0.17,0.42,0.64,-3.72,-5.3,70
0.89,-0.18,0.42,0.52,-3.54,-5.79,70
0.89,-0.17,0.42,0.43,-3.29,-6.25,70
0.89,-0.18,0.42,0.34,-2.99,-6.65,70
0.89,-0.18,0.42,0.52,-2.96,-6.74,70
0.88,-0.18,0.42,0.85,-2.77,-6.71,70
0.88,-0.18,0.42,1.16,-2.44,-6.43,70
0.88,-0.18,0.42,1.59,-2.32,-6.25,70
0.89,-0.18,0.42,1.77,-1.92,-6.07,70
0.9,-0.19,0.42,1.74,-1.49,-6.07,70
0.9,-0.19,0.42,1.95,-1.16,-6.1,70
0.9,-0.18,0.42,2.44,-0.55,-5.82,70
0.89,-0.18,0.42,2.01,0.15,-5.34,70
0.89,-0.17,0.41,0.4,0.73,-4.6,70
0.88,-0.18,0.41,-0.58,1.07,-3.35,70
0.89,-0.18,0.4,0.03,1.52,-1.86,70
0.89,-0.18,0.4,1.68,2.2,-0.79,70
0.9,-0.18,0.41,3.11,2.56,-0.09,70
0.9,-0.18,0.41,2.87,2.99,0.09,70
0.91,-0.18,0.4,1.19,3.38,0.27,70
0.9,-0.18,0.4,-0.46,3.35,0.24,70
0.9,-0.17,0.4,-1.34,3.2,0.61,70
0.9,-0.17,0.4,-1.74,3.35,1.52,70
0.9,-0.17,0.39,-1.62,3.45,2.56,70
0.9,-0.17,0.38,-0.58,3.26,3.81,70
0.9,-0.18,0.38,1.13,2.77,4.97,70
0.91,-0.17,0.38,2.93,2.16,5.91,70
0.91,-0.17,0.38,4.48,1.13,6.68,70
0.9,-0.17,0.38,5.43,0.15,7.26,70
0.89,-0.17,0.38,5.76,-0.4,7.56,70
0.88,-0.16,0.38,5.85,-1.13,7.56,70
0.88,-0.16,0.38,5.79,-1.74,7.13,70
0.88,-0.17,0.39,4.82,-2.47,6.1,70
0.89,-0.17,0.39,3.32,-2.8,4.6,70
0.88,-0.17,0.39,2.07,-2.96,3.17,70
0.88,-0.16,0.4,1.22,-2.84,2.1,70
0.88,-0.16,0.4,0.7,-2.8,1.01,70
0.89,-0.16,0.4,0.34,-2.68,0.18,70
0.9,-0.17,0.4,0.12,-2.65,-0.46,70
0.9,-0.17,0.41,0.49,-2.68,-0.95,70
0.91,-0.17,0.41,0.76,-2.38,-1.16,70
0.9,-0.16,0.41,0.4,-1.86,-1.19,70
0.9,-0.16,0.41,-0.34,-1.62,-0.91,70
0.9,-0.16,0.41,-0.34,-1.28,-0.64,70
0.9,-0.17,0.41,0.73,-1.01,-0.46,70
0.9,-0.17,0.41,1.55,-0.64,-0.24,70
0.9,-0.17,0.42,1.22,-0.09,-0.34,70
0.89,-0.16,0.41,0.34,0.24,-0.7,70
0.89,-0.17,0.41,-0.3,0.55,-1.16,70
0.89,-0.17,0.41,-0.64,0.88,-1.68,70
0.88,-0.17,0.4,-0.76,1.04,-1.89,70
0.89,-0.17,0.41,-0.03,1.22,-2.38,70
0.89,-0.17,0.41,1.28,1.22,-2.77,70
0.9,-0.17,0.41,1.74,1.49,-3.14,70
0.9,-0.17,0.41,0.52,1.62,-3.63,70
0.89,-0.17,0.4,-0.46,1.31,-3.54,70
0.89,-0.17,0.4,-0.4,1.37,-3.02,70
0.89,-0.18,0.4,0.64,1.31,-2.56,70
0.89,-0.19,0.4,2.32,0.88,-2.47,70
0.89,-0.18,0.4,3.54,0.7,-2.68,70
0.89,-0.18,0.4,2.77,0.85,-3.02,70
0.89,-0.18,0.4,1.16,0.73,-3.48,70
0.88,-0.17,0.4,-0.03,0.43,-3.29,70
0.88,-0.17,0.4,-0.79,0.95,-2.77,70
0.89,-0.18,0.39,-1.01,1.4,-2.29,70
0.89,-0.18,0.4,-0.21,1.4,-1.49,70
0.9,-0.18,0.4,0.95,1.25,-0.91,70
0.9,-0.18,0.41,1.19,1.13,-0.79,70
0.89,-0.18,0.4,0.24,0.88,-0.7,70
0.89,-0.17,0.4,-1.59,0.46,-0.43,70
0.89,-0.18,0.39,-2.26,0.09,-0.3,70
0.89,-0.19,0.39,-0.55,-0.67,-0.09,70
0.89,-0.18,0.4,1.89,-1.07,0.21,70
0.89,-0.17,0.41,2.35,-1.1,0.12,70
0.89,-0.17,0.41,0.27,-1.31,0.03,70
0.89,-0.17,0.4,-1.49,-1.59,0.24,70
0.89,-0.17,0.4,-1.31,-1.62,0.4,70
0.89,-0.18,0.41,0.27,-1.68,0.55,70
0.89,-0.17,0.41,1.43,-1.49,0.73,70
0.89,-0.17,0.42,1.04,-1.25,0.91,70
0.89,-0.16,0.42,-0.24,-0.95,0.88,70
0.89,-0.17,0.41,-1.31,-0.79,0.73,70
0.89,-0.17,0.41,-1.55,-0.55,0.76,70
0.89,-0.17,0.41,-1.28,-0.37,0.67,70
0.89,-0.17,0.42,-0.82,-0.15,0.58,70
0.89,-0.17,0.42,-0.61,0,0.61,70
0.89,-0.16,0.42,-0.76,0.12,0.3,70
0.89,-0.16,0.42,-1.13,0.27,-0.12,70
0.89,-0.16,0.42,-1.62,0.4,-0.52,70
0.89,-0.16,0.41,-1.77,0.58,-0.98,70
0.89,-0.17,0.42,-1.4,0.58,-1.22,70
0.89,-0.17,0.42,-0.7,0.52,-1.55,70
0.89,-0.17,0.42,-0.3,0.55,-1.86,70
0.89,-0.17,0.41,-0.64,0.58,-2.07,70
0.89,-0.17,0.41,-1.16,0.46,-2.23,70
0.89,-0.17,0.41,-0.98,0.27,-2.2,70
0.89,-0.16,0.4,-0.03,0.4,-1.8,70
0.89,-0.17,0.41,0.7,0.43,-1.83,70
0.89,-0.17,0.41,1.01,0.21,-2.1,70
0.89,-0.17,0.41,0.52,-0.21,-2.59,70
0.89,-0.17,0.41,-0.3,-0.18,-3.02,70
0.88,-0.17,0.41,-0.82,-0.37,-3.05,70
0.88,-0.17,0.41,-0.7,-0.3,-2.59,70
0.89,-0.17,0.4,-0.46,0.15,-2.35,70
0.89,-0.17,0.4,0,0.55,-2.04,70
0.89,-0.17,0.41,0.18,0.79,-1.59,70
0.89,-0.17,0.41,-0.52,0.73,-1.31,70
0.89,-0.17,0.41,-1.4,0.64,-1.25,70
0.89,-0.17,0.4,-2.35,0.52,-0.98,70
0.89,-0.17,0.4,-2.32,0.34,-0.73,70
0.89,-0.18,0.4,-1.07,-0.12,-0.67,70
0.89,-0.17,0.4,0.46,-0.4,-0.76,70
0.89,-0.17,0.4,0.52,-0.49,-0.85,70
0.89,-0.17,0.4,-0.82,-0.58,-1.01,70
0.89,-0.17,0.4,-1.74,-0.79,-0.85,70