0.87,-0.28,0.4,2.56,-1.49,-0.49,70
0.86,-0.29,0.39,1.49,-1.28,-0.12,70
0.87,-0.28,0.37,1.52,-0.09,-0.46,70
0.86,-0.3,0.34,2.59,-0.09,-0.03,70
0.87,-0.3,0.48,2.62,0.82,-0.09,70
0.86,-0.27,0.4,1.74,1.16,-0.58,70
0.86,-0.26,0.37,0.4,1.46,-0.73,70
0.86,-0.26,0.38,-0.64,1.8,-0.64,70
0.85,-0.26,0.41,-0.37,1.8,-0.58,70
0.86,-0.28,0.43,0.58,1.46,-0.3,70
0.89,-0.31,0.38,2.56,1.95,-0.18,70
0.84,-0.26,0.38,2.32,0.58,-0.58,70
0.88,-0.3,0.44,1.65,1.34,-0.85,70
0.88,-0.3,0.41,0.98,1.22,-1.07,70
0.87,-0.29,0.45,0,0.7,-1.16,70
0.87,-0.26,0.4,1.13,0.52,-1.07,70
0.86,-0.26,0.39,1.86,0.61,-1.31,70
0.86,-0.29,0.38,2.01,-0.03,-1.01,70
0.87,-0.28,0.39,1.22,0.3,-1.43,70
0.86,-0.28,0.39,-0.67,-0.03,-1.22,70
0.87,-0.28,0.39,-1.55,-0.06,-1.16,70
0.86,-0.28,0.38,-1.19,-0.37,-1.01,70
0.86,-0.28,0.38,-0.98,-0.76,-0.58,70
0.85,-0.28,0.38,-1.28,-1.07,-0.18,70
0.85,-0.27,0.39,-1.74,-1.74,0.24,70
0.85,-0.27,0.39,-2.07,-2.84,0.49,70
0.86,-0.27,0.4,-2.77,-3.96,1.13,70
0.85,-0.26,0.4,-4.42,-5.52,1.83,70
0.84,-0.25,0.39,-5.98,-7.74,2.99,70
0.82,-0.24,0.4,-6.8,-10.37,4.85,70
0.8,-0.24,0.39,-6.43,-12.84,7.2,70
0.8,-0.24,0.39,-4.36,-15.58,9.45,70
0.8,-0.24,0.39,0.82,-19.18,11.1,70
0.83,-0.25,0.39,7.1,-21.22,11.65,70
0.86,-0.25,0.41,8.99,-22.56,10.4,70
0.87,-0.26,0.42,6.71,-22.35,7.84,70
0.87,-0.25,0.43,3.02,-21.89,4.66,70
0.84,-0.25,0.41,-0.12,-21.8,1.83,70
0.8,-0.24,0.4,-3.2,-20.95,-0.34,70
0.75,-0.24,0.39,-5.52,-20.34,-1.92,70
0.73,-0.26,0.36,-3.14,-20.52,-2.53,70
0.73,-0.28,0.34,4.82,-21.8,-2.44,70
0.74,-0.31,0.33,15.64,-22.68,-2.93,70
0.77,-0.33,0.34,26.19,-23.11,-3.9,70
0.83,-0.35,0.35,35.09,-23.29,-5.55,70
0.9,-0.36,0.36,41.01,-22.47,-8.23,70
0.98,-0.36,0.39,42.74,-20.18,-11.49,70
1.02,-0.36,0.4,39.63,-15.95,-13.6,70
1.04,-0.34,0.39,31.92,-11.83,-14.54,70
1.04,-0.31,0.39,22.07,-7.96,-16.31,70
1.05,-0.3,0.39,10.03,-3.26,-15.61,70
1.03,-0.29,0.4,-4.45,1.46,-13.38,70
1.03,-0.3,0.39,-14.88,5.55,-11.68,70
1.01,-0.32,0.37,-17.26,8.29,-7.68,70
0.98,-0.32,0.34,-15.49,10.21,-3.45,70
0.95,-0.31,0.33,-13.54,10.55,0.61,70
0.93,-0.32,0.33,-12.07,10.82,4.09,70
0.9,-0.32,0.34,-11.16,11.01,6.92,70
0.87,-0.32,0.34,-9.57,11.59,8.57,70
0.84,-0.32,0.33,-6.52,12.71,9.05,70
0.82,-0.32,0.31,-2.44,13.66,8.9,70
0.8,-0.31,0.31,0.95,14.94,7.99,70
0.78,-0.3,0.31,1.37,16.74,6.37,70
0.77,-0.29,0.32,-1.4,18.87,3.99,70
0.77,-0.29,0.32,-5.49,21.19,0.95,70
0.76,-0.29,0.32,-9.42,23.51,-2.16,70
0.75,-0.29,0.31,-12.59,25.34,-5.03,70
0.74,-0.29,0.3,-14.6,26.49,-7.47,70
0.72,-0.29,0.29,-16.01,27.32,-8.87,70
0.7,-0.28,0.29,-17.77,27.8,-9.45,70
0.65,-0.25,0.27,-20.61,28.48,-8.93,70
0.63,-0.25,0.26,-23.9,29.45,-7.26,70
0.61,-0.26,0.24,-24.66,29.54,-5.4,70
0.61,-0.27,0.24,-21.59,28.66,-2.99,70
0.62,-0.28,0.25,-15.67,27.8,-1.01,70
0.65,-0.29,0.26,-8.48,26.46,0.34,70
0.67,-0.28,0.28,-2.99,25.12,0.85,70
0.66,-0.26,0.3,-1.13,24.27,0.24,70
0.63,-0.24,0.29,-4.15,24.97,-0.64,70
0.61,-0.22,0.27,-10.64,26.46,-1.22,70
0.6,-0.23,0.25,-15.76,27.01,-1.71,70
0.61,-0.25,0.25,-15.91,26.25,-2.13,70
0.62,-0.26,0.27,-12.93,25.18,-2.26,70
0.62,-0.26,0.28,-10.18,24.18,-2.2,70
0.66,-0.27,0.29,-9.21,23.02,-2.47,70
0.73,-0.29,0.29,-7.38,18.99,-4.63,70
0.86,-0.3,0.34,-2.44,11.13,-8.35,70
1.03,-0.3,0.41,-0.43,1.86,-14.09,70
1.13,-0.27,0.51,-6.74,-10.82,-22.41,70
1.28,-0.26,0.62,-22.44,-24.39,-32.32,70
1.52,-0.35,0.7,-42.8,-30.3,-41.98,70
1.58,-0.52,0.74,-50.79,-37.77,-61.01,70
1.57,-0.56,0.74,-32.29,-47.62,-63.05,70
1.61,-0.49,0.7,4.27,-44.09,-50.91,70
1.7,-0.4,0.66,44.76,-43.6,-48.78,70
1.7,-0.34,0.64,77.65,-46.16,-41.25,70
1.58,-0.23,0.66,91.04,-48.48,-25.37,70
1.4,-0.12,0.66,76.34,-45.49,-14.02,70
1.21,-0.04,0.63,42.62,-36.59,-5.82,70
1.04,-0.02,0.57,6.22,-26.19,-0.12,70
0.9,-0.06,0.51,-17.01,-17.04,2.84,70
0.78,-0.1,0.46,-22.8,-10.79,6.19,70
0.7,-0.14,0.42,-16.89,-8.17,11.01,70
0.61,-0.19,0.39,0.27,-5.27,15.85,70
0.56,-0.19,0.4,26.77,-3.45,18.02,70
0.52,-0.14,0.43,50.27,-2.65,17.74,70
0.5,-0.09,0.44,60.55,-1.46,13.54,70
0.51,-0.07,0.43,54.82,-0.03,6.16,70
0.55,-0.11,0.41,39.18,0.4,-1.74,70
0.61,-0.17,0.39,22.32,0.03,-8.29,70
0.68,-0.23,0.37,10.4,1.1,-13.02,70
0.75,-0.27,0.35,5.06,3.45,-15.55,70
0.78,-0.28,0.34,4.18,5.76,-15,70
0.79,-0.27,0.34,4.39,7.87,-12.35,70
0.78,-0.24,0.35,2.35,10.49,-8.17,70
0.77,-0.23,0.36,-1.95,12.44,-2.44,70
0.77,-0.23,0.36,-4.82,12.8,2.74,70
0.77,-0.24,0.37,-3.9,11.22,8.35,70
0.76,-0.24,0.38,-1.19,10.15,14.54,70
0.74,-0.24,0.38,1.43,10.85,21.49,70
0.72,-0.22,0.35,2.84,12.99,29.24,70
0.71,-0.21,0.32,4.39,14.73,36.86,70
0.7,-0.2,0.31,7.1,16.01,42.32,70
0.69,-0.2,0.33,10.24,16.71,45.91,70
0.67,-0.18,0.35,9.51,18.35,48.93,70
0.64,-0.17,0.35,3.14,21.62,50.95,70
0.63,-0.18,0.34,-5.21,24.63,52.16,70
0.63,-0.19,0.32,-10.76,25.58,52.93,70
0.65,-0.21,0.32,-11.92,24.12,52.04,70
0.66,-0.23,0.32,-10.52,21.43,49.85,70
0.64,-0.23,0.33,-8.81,18.48,47.59,70
0.61,-0.23,0.34,-8.29,15.61,45.95,70
0.57,-0.22,0.34,-8.81,13.02,45.98,70
0.54,-0.2,0.32,-8.66,10.43,47.23,70
0.58,-0.22,0.3,-5.24,6.89,46.62,70
0.69,-0.27,0.32,5.21,-0.37,42.26,70
0.88,-0.31,0.38,20.55,-6.55,34.3,70
1.14,-0.38,0.46,32.62,-8.72,20.3,70
1.37,-0.38,0.52,38.63,-5.91,0.43,70
1.56,-0.37,0.56,33.93,3.14,-21.31,70
1.7,-0.29,0.58,8.32,15.58,-32.23,70
1.9,-0.31,0.55,-34.21,20.06,-49.94,70
1.75,-0.31,0.54,-68.48,10.24,-72.74,70
1.62,-0.34,0.57,-88.99,-3.54,-80.85,70
1.47,-0.35,0.55,-98.05,-3.57,-77.44,70
1.36,-0.35,0.52,-89.66,-13.96,-73.57,70
1.23,-0.37,0.49,-62.41,-24.45,-65.52,70
1.1,-0.38,0.44,-25.3,-29.33,-52.35,70
0.99,-0.39,0.39,16.4,-35.95,-38.32,70
0.9,-0.35,0.37,57.87,-42.04,-24.63,70
0.81,-0.29,0.37,87.59,-43.54,-11.04,70
0.73,-0.22,0.37,97.9,-40.24,0.55,70
0.65,-0.15,0.36,89.3,-35.12,9.05,70
0.58,-0.12,0.35,68.26,-29.7,13.63,70
0.54,-0.12,0.34,43.63,-23.75,14.3,70
0.52,-0.15,0.34,21.28,-17.68,12.13,70
0.52,-0.19,0.33,4.33,-11.74,7.29,70
0.55,-0.24,0.33,-7.16,-6.74,0.27,70
0.58,-0.29,0.34,-13.72,-2.5,-7.99,70
0.64,-0.34,0.35,-16.19,0.58,-18.51,70
0.68,-0.37,0.37,-16.31,2.93,-29.63,70
0.69,-0.36,0.39,-17.96,6.59,-38.63,70
0.69,-0.32,0.39,-25.4,10.61,-45.61,70
0.68,-0.29,0.37,-37.2,15.03,-51.07,70
0.69,-0.28,0.34,-47.8,18.23,-55.76,70
0.7,-0.28,0.34,-54.3,19.66,-56.77,70
0.7,-0.26,0.34,-59.12,21.31,-53.29,70
0.68,-0.25,0.33,-63.6,24.24,-47.74,70
0.64,-0.25,0.3,-66.62,27.01,-39.73,70
0.63,-0.25,0.29,-67.74,27.96,-28.99,70
0.63,-0.26,0.28,-66.22,27.13,-17.38,70
0.62,-0.29,0.28,-59.15,25.27,-6.74,70
0.61,-0.3,0.29,-48.11,24.09,2.8,70
0.6,-0.3,0.28,-37.99,23.87,11.8,70
0.59,-0.29,0.28,-29.85,22.56,20.18,70
0.58,-0.28,0.27,-21.92,20.64,26.98,70
0.61,-0.25,0.3,-13.9,19.51,32.84,70
0.69,-0.24,0.33,-10.12,19.57,37.62,70
0.88,-0.24,0.37,-10.79,19.02,38.54,70
1.17,-0.25,0.44,-11.65,17.77,35.27,70
1.49,-0.33,0.56,-13.35,15.55,25.43,70
1.76,-0.38,0.68,-16.49,11.65,8.84,70
1.73,-0.33,0.78,-26.49,2.62,-5.43,70
1.69,-0.26,0.84,-51.37,-3.02,-9.48,70
1.69,-0.28,0.82,-75.91,-5.3,-10.85,70
1.54,-0.33,0.77,-68.6,-18.75,-16.52,70
1.42,-0.31,0.8,-28.54,-33.45,-15.06,70
1.31,-0.28,0.78,15.27,-31.43,-5.24,70
1.22,-0.23,0.73,49.82,-29.66,2.65,70
1.11,-0.2,0.68,69.3,-27.1,7.8,70
0.99,-0.17,0.64,70.27,-21.16,14.09,70
0.86,-0.15,0.59,56.31,-12.35,16.01,70
0.76,-0.17,0.52,41.62,-1.19,11.92,70
0.67,-0.21,0.43,38.57,6.55,9.97,70
0.58,-0.21,0.39,45.88,10.06,11.13,70
0.52,-0.18,0.38,51.37,11.74,11.19,70
0.47,-0.17,0.37,46.98,12.8,9.27,70
0.45,-0.18,0.34,36.77,12.47,6.4,70
0.44,-0.2,0.31,28.23,10.98,3.99,70
0.45,-0.21,0.31,22.74,8.78,2.29,70
0.47,-0.23,0.32,17.74,7.74,0.43,70
0.52,-0.27,0.32,13.84,7.65,-1.65,70
0.56,-0.29,0.31,15.43,7.56,-2.96,70
0.58,-0.27,0.32,19.97,7.1,-2.68,70
0.57,-0.22,0.33,19.05,7.71,-1.86,70
0.54,-0.19,0.32,10.76,9.48,-0.24,70
0.51,-0.18,0.3,-0.12,11.01,3.93,70
0.48,-0.17,0.27,-8.63,11.89,10.58,70
0.45,-0.16,0.25,-12.07,12.13,18.69,70
0.43,-0.17,0.23,-9.57,11.71,26.77,70
0.43,-0.19,0.23,-2.26,11.62,34.94,70
0.45,-0.2,0.24,6.52,11.92,43.17,70
0.48,-0.19,0.26,13.78,12.59,50.85,70
0.52,-0.19,0.27,17.32,13.66,56.28,70
0.59,-0.18,0.28,17.35,14.39,58.2,70
0.72,-0.2,0.33,14.05,14.42,55.73,70
0.97,-0.24,0.39,8.11,13.29,47.29,70
1.23,-0.32,0.47,2.01,11.37,31.8,70
1.5,-0.39,0.56,-2.16,8.9,8.75,70
1.54,-0.4,0.6,-11.98,14.15,-9.63,70
1.58,-0.36,0.59,-34.82,16.62,-20.09,70
1.68,-0.37,0.54,-61.04,13.57,-32.38,70
1.78,-0.47,0.49,-66.92,4.15,-48.93,70
1.76,-0.55,0.52,-42.38,-16.04,-65.18,70
1.73,-0.52,0.61,-8.54,-32.38,-67.35,70
1.6,-0.44,0.62,8.84,-37.38,-61.62,70
1.46,-0.37,0.57,16.55,-44.63,-57.13,70
1.32,-0.34,0.5,27.59,-49.05,-49.48,70
1.19,-0.29,0.45,40.3,-50.24,-36.52,70
1.06,-0.23,0.41,47.84,-50.76,-23.38,70
0.94,-0.2,0.37,48.38,-47.47,-13.57,70
0.82,-0.17,0.33,45.06,-41.59,-4.54,70
0.72,-0.13,0.32,37.5,-36.62,5.3,70
0.63,-0.12,0.32,23.14,-32.2,14.3,70
0.56,-0.13,0.33,2.93,-27.44,20.64,70
0.52,-0.16,0.34,-16.19,-21.59,24.45,70
0.49,-0.21,0.31,-25.67,-16.04,25.64,70
0.47,-0.26,0.31,-23.17,-12.29,24.24,70
0.47,-0.29,0.32,-13.99,-10.3,21.4,70
0.46,-0.31,0.34,-5.7,-8.11,16.25,70
0.48,-0.33,0.35,-1.55,-5.43,9.02,70
0.5,-0.34,0.37,-0.37,-3.05,-0.06,70
0.52,-0.34,0.38,-0.03,-0.37,-10.15,70
0.53,-0.31,0.4,-1.46,4.36,-20.09,70
0.51,-0.27,0.39,-8.57,12.04,-29.15,70
0.5,-0.25,0.36,-21.62,21.95,-36.25,70
0.52,-0.25,0.31,-32.93,29.3,-39.97,70
0.54,-0.25,0.28,-37.84,34.09,-40.67,70
0.56,-0.23,0.27,-37.77,36.43,-39.48,70
0.57,-0.21,0.29,-38.6,36.07,-37.84,70
0.58,-0.21,0.31,-43.84,36.34,-35.37,70
0.62,-0.21,0.33,-50.98,38.48,-31.13,70
0.67,-0.19,0.35,-58.29,41.65,-24.15,70
0.73,-0.18,0.35,-65.52,45.3,-16.13,70
0.87,-0.19,0.38,-71.55,47.84,-8.45,70
1.13,-0.2,0.45,-73.05,47.47,-2.04,70
1.39,-0.25,0.57,-67.2,46.22,2.8,70
1.63,-0.3,0.66,-54.48,43.66,2.32,70
1.71,-0.32,0.71,-35.52,38.35,2.26,70
1.65,-0.26,0.74,-18.99,27.2,11.19,70
1.63,-0.24,0.75,-9.73,14.45,25,70
1.58,-0.28,0.72,4.54,1.1,25.24,70
1.47,-0.35,0.71,37.1,-22.13,14.33,70
1.37,-0.38,0.76,77.68,-38.6,8.75,70
1.29,-0.34,0.76,103.75,-41.07,-0.61,70
1.2,-0.28,0.73,106.52,-45.06,-13.84,70
1.07,-0.23,0.66,90.52,-47.07,-18.84,70
0.93,-0.18,0.6,68.29,-43.78,-20.64,70
0.82,-0.16,0.52,49.57,-38.66,-25.73,70
0.72,-0.16,0.45,37.47,-31.37,-31.71,70
0.62,-0.16,0.39,31.52,-24.05,-34.79,70
0.53,-0.15,0.34,29.76,-18.66,-34.97,70
0.47,-0.15,0.32,28.41,-14.73,-33.93,70
0.44,-0.16,0.31,24.54,-10.34,-32.65,70
0.45,-0.18,0.32,17.65,-5.7,-30.98,70
0.48,-0.2,0.33,9.48,-2.16,-28.54,70
0.53,-0.22,0.35,0.91,0.55,-25.76,70
0.59,-0.24,0.37,-7.59,2.13,-23.57,70
0.64,-0.25,0.38,-13.87,3.08,-21.8,70
0.69,-0.26,0.4,-18.48,4.57,-19.7,70
0.73,-0.25,0.42,-23.99,5.85,-16.04,70
0.74,-0.24,0.42,-31.52,6.59,-10,70
0.71,-0.23,0.4,-37.8,7.26,-0.98,70
0.67,-0.23,0.36,-38.26,6.4,9.51,70
0.63,-0.24,0.33,-30.27,4.57,22.13,70
0.61,-0.24,0.31,-13.54,1.34,35,70
0.61,-0.24,0.31,9.54,-2.35,46.74,70
0.6,-0.23,0.34,30.76,-4.42,58.26,70
0.59,-0.2,0.36,40.91,-3.81,68.84,70
0.58,-0.18,0.35,40.82,-1.07,76.86,70
0.6,-0.18,0.34,38.45,1.52,81.49,70
0.65,-0.18,0.35,38.02,3.14,83.14,70
0.71,-0.18,0.37,37.23,4.27,82.1,70
0.75,-0.18,0.4,32.32,6.49,79.27,70
0.77,-0.17,0.42,21.16,11.19,76.83,70
0.8,-0.16,0.42,4.97,16.43,74.88,70
0.88,-0.2,0.41,-9.88,18.84,70.73,70
0.99,-0.25,0.41,-13.69,17.59,63.11,70
1.16,-0.29,0.46,-7.41,16.16,51.92,70
1.33,-0.33,0.52,-0.03,16.28,35.21,70
1.49,-0.38,0.56,0.3,16.95,14.91,70
1.58,-0.4,0.59,-9.02,17.99,0.52,70
1.72,-0.44,0.58,-23.9,14.21,-13.69,70
1.69,-0.47,0.55,-28.99,3.54,-29.88,70
1.57,-0.47,0.58,-18.2,-12.8,-38.29,70
1.41,-0.41,0.58,-4.91,-21.01,-34.97,70
1.25,-0.34,0.53,5.27,-26.68,-27.68,70
1.15,-0.31,0.47,19.18,-32.01,-19.73,70
1.08,-0.31,0.41,41.95,-34.88,-11.31,70
1.01,-0.31,0.39,69.02,-40.09,-1.83,70
0.93,-0.26,0.39,90.43,-42.87,8.32,70
0.83,-0.22,0.39,96.8,-38.75,17.13,70
0.74,-0.17,0.38,86.25,-31.68,24.27,70
0.65,-0.14,0.36,63.6,-23.81,29.88,70
0.58,-0.12,0.35,36.43,-16.49,33.35,70
0.53,-0.13,0.33,10.79,-9.91,33.81,70
0.5,-0.16,0.31,-7.62,-3.54,32.13,70
0.49,-0.21,0.3,-15.7,1.19,29.05,70
0.5,-0.24,0.3,-16.49,4.6,24.73,70
0.5,-0.26,0.3,-14.73,6.89,19.09,70
0.51,-0.28,0.31,-13.81,7.68,12.53,70
0.53,-0.3,0.33,-14.79,8.51,5.7,70
0.53,-0.31,0.34,-16.8,8.99,-1.07,70
0.54,-0.31,0.34,-18.35,9.82,-7.65,70
0.56,-0.3,0.34,-18.41,12.16,-13.99,70
0.57,-0.29,0.33,-17.71,14.82,-20.24,70
0.57,-0.27,0.32,-17.35,17.41,-25.43,70
0.59,-0.25,0.3,-19.09,20.76,-28.87,70
0.62,-0.24,0.29,-23.81,24.09,-30.52,70
0.66,-0.24,0.29,-30.03,26.13,-31.37,70
0.71,-0.24,0.31,-34.94,27.16,-32.29,70
0.75,-0.25,0.33,-39.57,28.11,-33.29,70
0.77,-0.25,0.34,-46.16,29.45,-33.51,70
0.77,-0.25,0.34,-56.07,30.98,-32.47,70
0.73,-0.25,0.31,-66.13,31.4,-30.46,70
0.71,-0.26,0.29,-71.55,30.3,-27.47,70
0.76,-0.29,0.28,-71.95,27.38,-23.96,70
0.93,-0.39,0.3,-64.02,19.42,-24.6,70
1.2,-0.49,0.37,-42.68,7.32,-29.02,70
1.55,-0.52,0.52,-15.24,-3.6,-34.97,70
1.78,-0.5,0.66,0.61,-11.37,-41.4,70
1.7,-0.38,0.81,-6.28,-20.76,-43.63,70
1.62,-0.29,0.84,-39.33,-25.64,-40,70
1.65,-0.28,0.82,-74.39,-20.34,-34.88,70
1.62,-0.38,0.83,-73.45,-27.29,-39.51,70
1.46,-0.38,0.89,-39.12,-42.04,-42.99,70
1.23,-0.35,0.83,-9.33,-37.53,-34.76,70
1.03,-0.34,0.67,2.07,-26.49,-23.6,70
0.92,-0.37,0.52,17.32,-24.76,-11.04,70
0.8,-0.33,0.47,43.14,-23.23,4.54,70
0.72,-0.24,0.47,63.32,-13.72,14.27,70
0.68,-0.22,0.45,70.76,-2.07,15.98,70
0.65,-0.22,0.42,73.99,6.19,17.93,70
0.6,-0.2,0.4,78.29,12.59,21.55,70
0.56,-0.17,0.39,76.49,17.99,21.31,70
0.55,-0.15,0.39,64.57,21.1,17.47,70
0.55,-0.15,0.38,45.03,21.92,14.6,70
0.55,-0.16,0.36,23.87,20.79,11.43,70
0.57,-0.18,0.33,3.63,18.96,6.71,70
0.62,-0.22,0.31,-12.41,15.49,2.35,70
0.68,-0.27,0.32,-19.57,11.86,-2.47,70
0.73,-0.34,0.32,-17.16,10.34,-7.2,70
0.72,-0.35,0.33,-8.9,10.09,-7.41,70
0.66,-0.3,0.33,-2.26,10.4,-1.52,70
0.58,-0.22,0.31,-1.4,11.25,6.77,70
0.51,-0.18,0.28,-2.26,10.73,13.87,70
0.49,-0.18,0.26,1.31,8.78,19.79,70
0.51,-0.19,0.25,10.18,6.01,24.3,70
0.56,-0.21,0.28,21.25,3.32,26.86,70
0.6,-0.22,0.31,29.24,3.45,28.9,70
0.61,-0.2,0.33,28.41,5.91,31.89,70
0.62,-0.19,0.32,17.93,9.3,34.54,70
0.62,-0.18,0.29,3.81,12.2,35.43,70
0.63,-0.18,0.28,-6.37,12.01,35,70
0.64,-0.2,0.29,-10.46,9.51,33.26,70
0.66,-0.21,0.32,-12.07,7.16,30.43,70
0.68,-0.23,0.34,-15.03,5.06,28.35,70
0.75,-0.24,0.35,-18.17,2.62,26.65,70
0.92,-0.3,0.37,-17.44,-1.13,21.65,70
1.09,-0.36,0.41,-9.94,-6.68,12.1,70
1.26,-0.4,0.49,0.67,-13.48,-2.26,70
1.43,-0.45,0.55,7.29,-14.3,-16.92,70
1.47,-0.43,0.57,9.57,-13.63,-27.41,70
1.5,-0.37,0.57,4.94,-15.98,-34.15,70
1.56,-0.33,0.54,-6.46,-15.76,-34.42,70
1.61,-0.37,0.51,-12.5,-20.88,-39.21,70
1.58,-0.43,0.52,-0.09,-34.12,-45.79,70
1.46,-0.41,0.57,22.62,-44.66,-43.81,70
1.31,-0.32,0.59,34.39,-46.71,-35.85,70
1.2,-0.27,0.54,29.7,-43.66,-27.62,70
1.1,-0.26,0.46,21.68,-39.18,-17.8,70
1,-0.24,0.4,22.65,-38.51,-6.31,70
0.91,-0.22,0.4,30.37,-39.42,3.48,70
0.83,-0.2,0.42,33.48,-37.13,9.94,70
0.76,-0.21,0.41,28.41,-30.98,15.52,70
0.71,-0.22,0.4,19.76,-24.12,21.46,70
0.66,-0.23,0.38,11.62,-18.35,25.73,70
0.64,-0.24,0.36,6.28,-14.18,26.77,70
0.63,-0.26,0.36,4.6,-10.82,25.12,70
0.62,-0.27,0.37,5.03,-8.51,21.74,70
0.63,-0.28,0.38,4.63,-5.98,16.83,70
0.64,-0.29,0.39,2.04,-3.05,10.49,70
0.65,-0.29,0.39,-2.04,-0.67,3.66,70
0.64,-0.29,0.39,-6.77,1.25,-2.53,70
0.63,-0.28,0.39,-12.71,4.02,-7.1,70
0.62,-0.26,0.36,-18.66,7.8,-9.76,70
0.6,-0.25,0.34,-22.2,11.62,-11.1,70
0.59,-0.25,0.32,-21.83,14.88,-10.7,70
0.6,-0.25,0.31,-18.48,17.84,-8.51,70
0.61,-0.24,0.31,-14.27,21.13,-6.16,70
0.63,-0.25,0.32,-11.37,25.43,-3.99,70
0.65,-0.24,0.33,-11.07,30.49,-1.52,70
0.65,-0.22,0.33,-14.76,35.88,0.73,70
0.67,-0.21,0.32,-23.08,41.07,1.98,70
0.71,-0.22,0.32,-33.84,44.66,1.59,70
0.76,-0.26,0.33,-42.59,45.95,-0.03,70
0.84,-0.3,0.35,-47.71,45.37,-2.62,70
0.91,-0.32,0.38,-49.42,43.81,-6.34,70
0.91,-0.31,0.4,-49.97,43.32,-9.76,70
0.83,-0.27,0.41,-55.12,44.02,-10.82,70
0.77,-0.21,0.37,-67.44,47.56,-7.26,70
0.88,-0.23,0.32,-79.05,47.84,-6.59,70
1.03,-0.36,0.32,-74.97,38.32,-13.17,70
1.22,-0.46,0.41,-51.13,21.71,-21.62,70
1.35,-0.49,0.51,-26.1,8.02,-30.27,70
1.35,-0.49,0.59,-11.83,-4.21,-36.68,70
1.33,-0.46,0.62,-6.01,-13.87,-36.92,70
1.37,-0.43,0.6,0.64,-19.3,-35.52,70
1.47,-0.44,0.58,19.33,-27.41,-36.46,70
1.49,-0.44,0.6,49.09,-37.13,-36.31,70
1.35,-0.36,0.6,73.87,-44.02,-30,70
1.16,-0.24,0.58,79.27,-44.79,-19.15,70
1.02,-0.14,0.55,66.19,-39.02,-7.59,70
0.95,-0.08,0.52,42.01,-29.48,2.32,70
0.9,-0.07,0.48,17.23,-22.35,7.5,70
0.84,-0.09,0.46,0,-16.86,6.13,70
0.78,-0.13,0.46,-11.25,-10.27,2.68,70
0.7,-0.19,0.43,-19.27,-3.11,1.86,70
0.63,-0.24,0.4,-17.41,0.98,5.18,70
0.58,-0.26,0.42,-1.65,0.64,9.57,70
0.53,-0.23,0.44,16.37,0.09,11.4,70
0.49,-0.19,0.44,25.37,0.7,11.46,70
0.45,-0.16,0.41,22.96,1.86,10.85,70
0.45,-0.18,0.36,14.33,1.92,9.02,70
0.49,-0.24,0.32,10,-0.46,7.13,70
0.55,-0.32,0.32,16.49,-3.99,5.09,70
0.61,-0.36,0.33,32.1,-6.01,4.15,70
0.65,-0.33,0.36,48.38,-5.79,5,70
0.64,-0.27,0.39,54.42,-2.74,7.65,70
0.61,-0.2,0.38,45.09,3.29,11.49,70
0.58,-0.16,0.34,27.16,8.66,14.91,70
0.56,-0.17,0.31,13.51,10.46,16.1,70
0.56,-0.18,0.31,8.63,10.15,16.1,70
0.58,-0.21,0.32,9.09,10.24,16.07,70
0.61,-0.24,0.34,10.79,10.21,16.55,70
0.66,-0.26,0.35,10.46,11.16,18.29,70
0.75,-0.27,0.36,8.84,12.71,19.18,70
0.86,-0.3,0.39,9.27,12.8,17.87,70
0.93,-0.28,0.42,10.98,12.53,15.06,70
0.97,-0.23,0.45,4.27,12.77,11.95,70
1,-0.18,0.44,-15.27,15.85,13.08,70
1.02,-0.18,0.42,-36.4,13.35,13.38,70
1.08,-0.24,0.42,-45.91,7.62,10.15,70
1.17,-0.32,0.42,-42.1,3.87,8.14,70
1.31,-0.39,0.43,-28.2,-0.34,4.3,70
1.46,-0.45,0.45,-5.43,-4.12,-3.41,70
1.64,-0.48,0.49,20,-4.45,-12.68,70
1.76,-0.42,0.54,32.44,-2.26,-20.12,70
1.7,-0.32,0.56,18.29,-2.9,-26.04,70
1.51,-0.23,0.52,-19.12,-4.7,-30.15,70
1.28,-0.19,0.44,-58.87,-5.03,-30.67,70
1.06,-0.18,0.37,-80.73,-8.26,-27.38,70
0.9,-0.21,0.32,-79.66,-13.66,-23.35,70
0.79,-0.27,0.31,-61.62,-18.23,-21.52,70
0.73,-0.34,0.31,-33.41,-23.87,-21.37,70
0.68,-0.39,0.31,-0.91,-28.81,-19.73,70
0.63,-0.38,0.32,28.69,-31.04,-14.42,70
0.6,-0.33,0.32,48.26,-29.7,-7.99,70
0.56,-0.28,0.31,56.25,-25.91,-3.78,70
0.54,-0.23,0.31,55.09,-21.92,-2.53,70
0.53,-0.21,0.31,49.45,-16.4,-3.75,70
0.55,-0.19,0.32,40.4,-9.66,-7.71,70
0.59,-0.2,0.32,27.23,-2.41,-13.6,70
0.62,-0.21,0.33,12.1,6.04,-19.79,70
0.65,-0.21,0.32,-3.51,15.43,-25.67,70
0.63,-0.21,0.32,-21.4,25.18,-29.91,70
0.6,-0.19,0.31,-42.29,35.06,-30.91,70
0.57,-0.17,0.28,-64.02,44.12,-29.12,70
0.56,-0.18,0.26,-81.95,49.57,-25.61,70
0.54,-0.2,0.25,-92.16,51.04,-21.1,70
0.54,-0.23,0.25,-94.21,51.04,-16.62,70
0.56,-0.26,0.26,-90.64,50.67,-12.38,70
0.58,-0.29,0.26,-83.2,49.02,-7.77,70
0.61,-0.3,0.28,-72.29,45.4,-3.08,70
0.64,-0.29,0.32,-60.06,41.59,1.89,70
0.68,-0.25,0.37,-51.4,40.15,8.29,70
0.79,-0.26,0.4,-50.09,40.55,11.04,70
1.05,-0.31,0.44,-48.08,37.84,8.29,70
1.32,-0.35,0.53,-35.58,32.62,2.9,70
1.51,-0.36,0.63,-19.3,27.47,-5.12,70
1.57,-0.33,0.71,-15.24,20.46,-8.32,70
1.61,-0.29,0.75,-25.64,10.34,-6.31,70
1.6,-0.31,0.77,-33.96,-5.7,-4.15,70
1.5,-0.37,0.77,-20.7,-27.35,-4.88,70
1.4,-0.42,0.77,18.78,-45.73,-7.38,70
1.3,-0.39,0.75,67.38,-54.02,-6.68,70
1.18,-0.32,0.71,101.25,-58.2,-3.32,70
1.06,-0.25,0.67,110.82,-62.84,-0.18,70
0.95,-0.22,0.63,103.38,-63.05,-0.37,70
0.86,-0.21,0.58,89.7,-58.84,-4.85,70
0.77,-0.19,0.54,73.29,-54.02,-11.25,70
0.69,-0.18,0.51,54.02,-49.27,-17.16,70
0.6,-0.18,0.47,35.27,-43.99,-21.92,70
0.53,-0.2,0.43,22.68,-38.08,-25.18,70
0.48,-0.22,0.4,18.14,-32.41,-26.71,70
0.46,-0.22,0.39,19.42,-28.51,-26.46,70
0.43,-0.22,0.4,22.53,-25.7,-24.91,70
0.42,-0.21,0.4,23.93,-22.01,-22.23,70
0.4,-0.2,0.4,22.01,-16.62,-17.8,70
0.39,-0.18,0.39,17.56,-10.12,-11.74,70
0.36,-0.17,0.36,12.65,-3.48,-4.7,70
0.34,-0.16,0.33,9.15,2.1,2.44,70
0.33,-0.15,0.32,7.56,6.71,9.36,70
0.33,-0.15,0.31,6.74,10.88,15.52,70
0.34,-0.17,0.31,6.95,15.09,20.79,70
0.36,-0.19,0.31,8.23,19.51,26.28,70
0.4,-0.2,0.31,10.4,23.75,31.16,70
0.46,-0.19,0.32,12.87,27.99,34.48,70
0.54,-0.18,0.34,11.95,33.69,35.67,70
0.7,-0.19,0.36,4.02,40,33.96,70
1.01,-0.25,0.4,-8.78,45.4,27.59,70
1.48,-0.29,0.49,-19.42,50.52,15.15,70
1.98,-0.38,0.6,-32.2,59.54,-7.99,70
2.01,-0.41,0.64,-58.63,68.38,-25.18,70
1.91,-0.37,0.64,-104.36,60.58,-29.91,70
1.79,-0.3,0.57,-146.86,55,-17.5,70
1.71,-0.32,0.52,-158.93,43.17,-3.57,70
1.65,-0.41,0.52,-134.51,21.83,6.55,70
1.58,-0.48,0.54,-81.49,2.32,16.46,70
1.48,-0.45,0.55,-15.7,-13.08,27.74,70
1.32,-0.37,0.54,40.76,-25.03,40.58,70
1.15,-0.28,0.53,71.4,-32.16,51.98,70
1.02,-0.21,0.53,72.41,-33.54,59.12,70
0.9,-0.16,0.52,52.32,-27.44,61.13,70
0.78,-0.14,0.5,22.26,-17.68,57.16,70
0.66,-0.14,0.46,-11.68,-8.23,48.17,70
0.57,-0.14,0.41,-42.87,-1.04,38.63,70
0.5,-0.14,0.35,-64.51,5.21,31.62,70
0.45,-0.15,0.3,-72.9,10.12,26.8,70
0.43,-0.18,0.28,-68.72,13.84,22.74,70
0.42,-0.21,0.28,-56.71,17.68,20.18,70
0.43,-0.24,0.29,-41.04,20.12,19.18,70
0.45,-0.26,0.32,-23.99,20.58,19.05,70
0.49,-0.25,0.35,-8.66,19.33,18.29,70
0.53,-0.25,0.4,3.45,16.98,16.49,70
0.56,-0.25,0.44,13.23,15.91,13.69,70
0.58,-0.22,0.5,17.16,17.93,9.09,70
0.58,-0.2,0.52,11.25,24.09,2.59,70
0.57,-0.2,0.5,-1.83,31.59,-3.72,70
0.56,-0.21,0.47,-16.86,37.38,-9.3,70
0.54,-0.25,0.44,-28.66,41.74,-14.63,70
0.53,-0.29,0.42,-31.43,45.12,-18.45,70
0.52,-0.3,0.44,-28.05,49.05,-20.55,70
0.53,-0.29,0.47,-26.68,53.02,-21.34,70
0.54,-0.31,0.48,-30.09,56.62,-22.04,70
0.57,-0.34,0.51,-35.95,58.14,-21.95,70
0.65,-0.39,0.54,-42.53,58.87,-20.98,70
0.82,-0.51,0.57,-44.15,56.8,-25.34,70
1.05,-0.63,0.62,-30.64,48.02,-36.71,70
1.37,-0.73,0.75,-4.85,38.14,-53.51,70
1.54,-0.71,0.87,10.21,34.54,-63.66,70
1.66,-0.63,0.93,-3.41,25.82,-65.85,70
1.65,-0.55,0.92,-35.46,15.67,-61.37,70
1.55,-0.51,0.87,-59.05,7.44,-56.13,70
1.43,-0.47,0.82,-59.57,4.85,-50.91,70
1.32,-0.39,0.79,-47.96,7.59,-45.58,70
1.19,-0.27,0.78,-43.05,9.63,-41.46,70
1.02,-0.16,0.77,-58.35,14.05,-37.32,70
0.85,-0.1,0.72,-94.48,26.52,-33.81,70
0.71,-0.14,0.58,-136.34,42.53,-31.59,70
0.59,-0.24,0.43,-157.99,51.49,-28.51,70
0.5,-0.26,0.4,-146.1,49.79,-22.41,70
0.41,-0.23,0.38,-120.43,50.52,-18.51,70
0.34,-0.22,0.38,-100.98,53.38,-19.15,70
0.33,-0.26,0.38,-90.4,52.56,-16.8,70
0.3,-0.3,0.37,-83.2,53.23,-11.98,70
0.3,-0.34,0.36,-72.2,51.98,-10.61,70
0.36,-0.37,0.37,-54.88,49.02,-13.69,70
0.45,-0.4,0.39,-36.62,45.09,-22.44,70
0.58,-0.44,0.43,-22.44,35.95,-37.56,70
0.71,-0.46,0.52,-13.48,23.93,-55.52,70
0.77,-0.41,0.61,-13.78,16.16,-70.64,70
0.79,-0.36,0.65,-30.98,11.74,-82.32,70
0.79,-0.32,0.62,-57.77,8.2,-85.34,70
0.72,-0.28,0.58,-76.59,2.23,-83.32,70
0.66,-0.28,0.54,-80.21,-3.32,-82.56,70
0.63,-0.27,0.52,-70.49,-7.9,-81.65,70
0.63,-0.22,0.54,-55.4,-10.58,-78.57,70
0.64,-0.18,0.56,-50.21,-8.57,-78.54,70
0.66,-0.2,0.57,-62.26,-5.88,-81.68,70
0.7,-0.25,0.55,-83.93,-2.93,-84.54,70
0.74,-0.31,0.49,-102.44,-0.37,-87.96,70
0.8,-0.38,0.45,-106.77,-1.83,-90.24,70
0.84,-0.41,0.45,-94.91,-6.68,-88.32,70
0.94,-0.42,0.49,-75.58,-10.18,-82.74,70
1.16,-0.43,0.54,-55.95,-11.92,-75.76,70
1.29,-0.44,0.61,-37.41,-17.32,-66.68,70
1.34,-0.38,0.7,-22.93,-22.93,-55.18,70
1.32,-0.29,0.74,-24.42,-17.68,-45.43,70
1.25,-0.27,0.67,-43.26,-8.08,-40.24,70
1.16,-0.32,0.54,-61.43,-1.16,-36.1,70
1.02,-0.35,0.42,-58.69,-0.12,-26.25,70
0.91,-0.27,0.4,-35.64,0.34,-10.85,70
0.84,-0.16,0.43,-19.12,8.75,3.81,70
0.79,-0.12,0.41,-29.88,21.98,11.92,70
0.79,-0.2,0.34,-54.33,31.92,16.13,70
0.82,-0.27,0.29,-63.38,36.59,21.43,70
0.84,-0.3,0.28,-51.95,37.13,26.01,70
0.87,-0.31,0.31,-34.33,38.38,26.13,70
0.93,-0.33,0.33,-23.75,42.53,21.77,70
0.99,-0.35,0.35,-23.14,46.62,17.26,70
1.02,-0.34,0.36,-29.66,50.52,16.13,70
1.03,-0.3,0.36,-41.22,53.6,18.17,70
1.03,-0.22,0.37,-55.37,55.82,22.44,70
1.03,-0.16,0.38,-72.62,59.45,25.21,70
0.99,-0.18,0.35,-90.76,62.56,22.96,70
0.94,-0.25,0.3,-97.96,61.49,20.3,70
0.88,-0.28,0.27,-88.72,58.87,22.41,70
0.83,-0.29,0.25,-70.4,54.79,25.88,70
0.81,-0.29,0.26,-53.48,50.64,26.98,70
0.82,-0.29,0.27,-42.01,47.32,25.3,70
0.82,-0.3,0.29,-36.4,44.05,20.12,70
0.82,-0.3,0.32,-36.01,40.79,11.74,70
0.82,-0.28,0.34,-42.1,37.65,3.05,70
0.82,-0.26,0.35,-54.45,34.02,-4.54,70
0.83,-0.26,0.35,-66.65,29.57,-11.34,70
0.83,-0.28,0.33,-71.8,24.3,-17.53,70
0.8,-0.31,0.31,-67.84,17.32,-22.47,70
0.78,-0.33,0.31,-56.98,11.55,-26.89,70
0.79,-0.34,0.32,-43.02,7.77,-31.74,70
0.81,-0.31,0.33,-31.59,5.24,-35.15,70
0.8,-0.3,0.33,-27.38,4.94,-38.63,70
0.79,-0.32,0.3,-26.68,4.39,-42.38,70
0.79,-0.34,0.26,-19.12,1.52,-44.6,70
0.79,-0.34,0.27,-1.46,-1.04,-46.07,70
0.8,-0.31,0.31,17.35,-0.34,-48.54,70
0.82,-0.3,0.33,23.75,3.11,-54.79,70
0.84,-0.31,0.35,16.25,6.62,-62.26,70
0.86,-0.33,0.34,3.23,9.82,-70.58,70
0.87,-0.36,0.33,-4.42,11.71,-78.75,70
0.9,-0.35,0.35,-3.78,14.09,-84.57,70
0.93,-0.31,0.38,-2.99,19.18,-89.24,70
1.01,-0.29,0.4,-10.7,25.95,-95.03,70
1.15,-0.33,0.41,-26.83,32.84,-102.47,70
1.2,-0.35,0.42,-42.74,34.24,-111.52,70
1.16,-0.32,0.44,-57.07,33.29,-117.32,70
1.06,-0.26,0.44,-80.46,37.71,-118.35,70
1.02,-0.24,0.41,-111.65,40.7,-116.16,70
1.03,-0.28,0.39,-136.92,40.52,-110.4,70
1.06,-0.32,0.4,-144.94,37.53,-103.35,70
1.07,-0.37,0.41,-135.55,35.58,-97.23,70
1.05,-0.39,0.4,-117.8,35.85,-90.73,70
1,-0.38,0.36,-98.81,36.04,-81.4,70
0.95,-0.34,0.33,-82.44,33.87,-69.73,70
0.9,-0.29,0.33,-73.66,29.45,-59.05,70
0.86,-0.27,0.34,-74.18,25.4,-51.86,70
0.79,-0.27,0.34,-80,23.29,-47.84,70
0.71,-0.28,0.33,-85.15,22.44,-44.85,70
0.65,-0.28,0.3,-87.62,21.95,-42.38,70
0.59,-0.29,0.28,-87.74,20.15,-40.67,70
0.58,-0.31,0.27,-84.39,16.25,-39.54,70
0.58,-0.34,0.28,-77.26,10.98,-39.27,70
0.61,-0.35,0.31,-67.35,5.18,-40.12,70
0.64,-0.36,0.34,-57.84,0.12,-41.52,70
0.66,-0.35,0.37,-51.8,-3.38,-42.35,70
0.69,-0.32,0.38,-50.27,-5.88,-42.1,70
0.7,-0.27,0.39,-51.4,-7.93,-41.55,70
0.71,-0.25,0.4,-55.52,-9.27,-41.89,70
0.71,-0.25,0.41,-63.05,-10.4,-41.95,70
0.71,-0.26,0.42,-71.68,-12.68,-39.82,70
0.71,-0.27,0.43,-74.57,-14.27,-35.15,70
0.71,-0.28,0.43,-68.32,-14.94,-28.72,70
0.67,-0.26,0.43,-57.26,-15.46,-20.06,70
0.61,-0.23,0.44,-47.99,-14.42,-9.36,70
0.55,-0.2,0.42,-44.18,-12.44,2.26,70
0.52,-0.2,0.4,-41.89,-11.01,13.17,70
0.5,-0.22,0.37,-34.09,-10.76,22.38,70
0.5,-0.24,0.36,-18.87,-11.16,30.24,70
0.49,-0.25,0.37,-1.49,-11.34,36.95,70
0.48,-0.24,0.38,11.77,-10.67,42.41,70
0.47,-0.23,0.38,19.76,-9.02,46.1,70
0.46,-0.22,0.38,23.51,-7.07,48.69,70
0.46,-0.19,0.39,24.42,-5.21,50.15,70
0.48,-0.16,0.42,23.57,-3.38,48.96,70
0.51,-0.16,0.44,21.59,-0.58,43.81,70
0.56,-0.14,0.47,18.54,3.51,38.17,70
0.65,-0.15,0.5,9.48,8.48,31.59,70
0.79,-0.16,0.5,-0.82,13.84,22.99,70
0.95,-0.13,0.52,-8.38,21.86,10.79,70
1.29,-0.25,0.57,-22.16,27.2,-10.88,70
1.84,-0.39,0.59,-33.2,35.88,-39.54,70
2.16,-0.44,0.69,-45.37,47.59,-72.62,70
2.17,-0.45,0.69,-85.21,50.09,-100.61,70
2.04,-0.37,0.62,-153.48,50.95,-106.04,70
1.83,-0.29,0.5,-214.05,51.22,-99.7,70
1.61,-0.32,0.44,-232.07,38.72,-90.09,70
1.42,-0.35,0.47,-209.57,21.55,-73.17,70
1.24,-0.34,0.49,-163.05,13.23,-54.63,70
1.09,-0.34,0.48,-106.59,9.57,-39.36,70
0.96,-0.35,0.41,-49.79,5.55,-25.06,70
0.82,-0.32,0.35,-0.43,0.82,-10.46,70
0.72,-0.29,0.31,34.42,-4.76,4.6,70
0.65,-0.26,0.31,50.98,-7.56,17.84,70
0.58,-0.24,0.29,50.67,-6.71,26.25,70
0.51,-0.23,0.26,43.51,-4.76,29.7,70
0.44,-0.22,0.25,37.96,-4.27,28.6,70
0.39,-0.21,0.25,33.51,-2.96,24.09,70
0.35,-0.2,0.26,26.43,-0.18,17.53,70
0.33,-0.21,0.26,17.65,4.21,10.55,70
0.3,-0.23,0.26,10.43,9.82,3.48,70
0.29,-0.23,0.26,5.82,16.1,-2.87,70
0.28,-0.23,0.26,2.56,22.77,-9.39,70
0.29,-0.22,0.26,-1.19,29.79,-16.71,70
0.31,-0.2,0.26,-8.14,37.04,-24.85,70
0.36,-0.2,0.27,-20.46,44.15,-32.99,70
0.4,-0.19,0.28,-37.74,50.37,-40.4,70
0.48,-0.19,0.29,-57.1,56.55,-47.1,70
0.61,-0.16,0.33,-76.07,64.88,-52.47,70
0.77,-0.12,0.38,-97.71,74.88,-56.74,70
1.03,-0.12,0.43,-126.68,83.41,-63.6,70
1.35,-0.17,0.48,-158.75,84.97,-77.41,70
1.68,-0.33,0.55,-183.26,75.64,-97.47,70
1.73,-0.51,0.64,-187.71,54.85,-109.63,70
1.69,-0.59,0.75,-173.17,25.4,-108.87,70
1.54,-0.57,0.82,-146.65,-3.29,-89.66,70
1.44,-0.57,0.83,-101.68,-31.34,-68.32,70
1.41,-0.6,0.76,-19.42,-52.1,-55.58,70
1.41,-0.51,0.69,96.49,-62.16,-48.6,70
1.41,-0.36,0.67,202.77,-68.66,-42.13,70
1.27,-0.25,0.71,254.76,-79.36,-22.8,70
1.01,-0.2,0.72,241.16,-84.39,-2.01,70
0.84,-0.11,0.66,177.74,-67.29,0.91,70
0.68,-0.11,0.48,104.63,-42.38,8.26,70
0.57,-0.07,0.34,54.24,-31.74,17.84,70
0.46,-0.01,0.29,27.87,-28.29,23.05,70
0.36,0,0.26,14.51,-21.8,23.23,70
0.31,-0.04,0.25,5.98,-14.66,21.1,70
0.28,-0.11,0.23,0.34,-9.66,20.85,70
0.27,-0.17,0.23,0.24,-7.62,23.23,70
0.28,-0.23,0.25,7.29,-9.12,26.43,70
0.32,-0.27,0.3,18.45,-11.04,28.63,70
0.38,-0.29,0.37,27.9,-9.88,29.12,70
0.45,-0.28,0.43,30.46,-4.63,29.36,70
0.49,-0.24,0.47,23.48,3.23,30.55,70
0.49,-0.18,0.47,6.98,12.26,33.63,70
0.43,-0.14,0.43,-14.51,21.49,38.32,70
0.4,-0.12,0.35,-32.32,28.78,42.99,70
0.42,-0.11,0.28,-41.04,33.02,48.63,70
0.49,-0.14,0.24,-40.43,33.69,53.72,70
0.64,-0.19,0.23,-30.88,32.04,54.21,70
0.87,-0.28,0.26,-14.76,29.57,49.18,70
1.25,-0.32,0.32,2.13,32.16,38.69,70
1.8,-0.4,0.45,5.64,40.55,17.01,70
2.1,-0.46,0.55,-11.37,52.38,-7.07,70
2.12,-0.46,0.62,-48.32,50.27,-29.85,70
1.99,-0.39,0.61,-101.49,42.59,-40.21,70
1.88,-0.36,0.56,-147.68,36.34,-41.55,70
1.69,-0.41,0.51,-162.96,19.18,-41.28,70
1.51,-0.44,0.51,-140.03,-4.15,-33.48,70
1.33,-0.45,0.49,-86.92,-19.66,-21.25,70
1.18,-0.4,0.46,-17.2,-29.79,-8.84,70
1.07,-0.34,0.42,52.23,-36.4,4.24,70
0.97,-0.3,0.38,104.48,-40.58,17.16,70
0.88,-0.28,0.39,131.46,-46.25,28.93,70
0.81,-0.26,0.39,135.88,-46.74,37.96,70
0.72,-0.24,0.38,126.86,-39.97,45.09,70
0.63,-0.21,0.35,111.04,-32.13,48.63,70
0.54,-0.18,0.32,90.4,-25.03,48.11,70
0.46,-0.15,0.3,65.55,-18.87,45.34,70
0.4,-0.14,0.28,41.71,-13.75,41.19,70
0.36,-0.14,0.26,23.57,-8.72,36.37,70
0.32,-0.16,0.25,12.38,-1.83,31.95,70
0.29,-0.12,0.27,9.48,4.48,28.35,70
0.29,-0.15,0.31,9.21,11.68,22.99,70
0.26,-0.15,0.3,10.73,22.35,16.62,70
0.27,-0.06,0.34,16.92,26.59,9.76,70
0.28,-0.06,0.34,8.63,33.45,-5.46,70
0.33,-0.13,0.34,-9.21,37.35,-20.95,70
0.4,-0.22,0.35,-28.35,38.38,-28.63,70
0.46,-0.24,0.36,-44.79,40.61,-31.59,70
0.52,-0.24,0.36,-60,45.95,-33.72,70
0.64,-0.26,0.34,-72.26,52.53,-34.66,70
0.85,-0.33,0.32,-75.52,55.79,-38.38,70
1.12,-0.37,0.36,-68.41,51.95,-48.45,70
1.57,-0.47,0.47,-58.99,43.26,-65.24,70
1.94,-0.57,0.62,-53.14,34.27,-79.39,70
2.13,-0.62,0.76,-52.99,17.01,-90.52,70
2.09,-0.59,0.82,-57.65,-5.4,-84.7,70
1.87,-0.51,0.81,-57.38,-25.85,-65.67,70
1.59,-0.44,0.73,-34.21,-44.54,-45.37,70
1.37,-0.4,0.65,15.34,-54.97,-25.85,70
1.31,-0.28,0.57,80.12,-54.42,-5.95,70
1.21,-0.18,0.55,136.16,-53.48,20.15,70
1.09,-0.12,0.58,157.1,-51.49,38.38,70
1.01,-0.05,0.59,138.48,-40.09,43.57,70
0.95,0.07,0.64,87.93,-23.23,39.76,70
0.89,0.07,0.59,13.14,-7.87,30,70
0.74,-0.08,0.4,-51.68,9.97,20.85,70
0.62,-0.18,0.34,-66.28,16.01,21.34,70
0.54,-0.23,0.35,-38.17,13.6,27.38,70
0.45,-0.21,0.39,-3.87,17.68,29.3,70
0.4,-0.14,0.4,13.57,20.18,33.26,70
0.35,-0.1,0.37,11.98,21.16,37.71,70
0.3,-0.11,0.33,-0.79,20.34,39.91,70
0.28,-0.15,0.29,-17.16,16.86,41.68,70
0.27,-0.2,0.25,-26.62,13.9,43.72,70
0.27,-0.28,0.22,-21.62,11.46,44.18,70
0.29,-0.33,0.2,-2.9,9.18,43.26,70
0.3,-0.33,0.21,21.74,6.92,41.86,70
0.31,-0.3,0.23,42.07,5.18,39.48,70
0.32,-0.27,0.25,51.31,5.7,36.13,70
0.32,-0.23,0.26,49.09,7.29,31.83,70
0.33,-0.2,0.26,40.18,9.21,26.46,70
0.36,-0.19,0.26,30.49,11.28,19.91,70
0.42,-0.2,0.27,22.23,13.72,13.08,70
0.53,-0.23,0.29,14.18,16.68,6.74,70
0.72,-0.31,0.33,7.07,17.99,-1.43,70
1.04,-0.39,0.37,6.49,18.51,-15.12,70
1.47,-0.46,0.48,10.55,19.73,-36.89,70
1.79,-0.5,0.58,5.27,26.1,-57.47,70
1.84,-0.47,0.64,-19.18,24.63,-70.49,70
1.77,-0.39,0.67,-64.05,12.41,-74.33,70
1.68,-0.35,0.63,-108.35,1.4,-67.99,70
1.64,-0.4,0.6,-127.35,-11.74,-60.76,70
1.64,-0.49,0.6,-109.12,-28.41,-54.54,70
1.58,-0.49,0.65,-58.29,-43.05,-47.5,70
1.43,-0.38,0.7,-1.98,-49.94,-38.54,70
1.23,-0.27,0.7,26.43,-47.77,-29.73,70
1.06,-0.23,0.66,17.16,-42.2,-24.94,70
0.94,-0.27,0.58,-12.38,-31.89,-22.9,70
0.83,-0.32,0.46,-37.01,-21.31,-19.27,70
0.74,-0.32,0.38,-40.88,-17.84,-13.78,70
0.65,-0.28,0.35,-30.27,-15.91,-10.24,70
0.56,-0.26,0.34,-19.66,-11.59,-9.02,70
0.49,-0.25,0.31,-14.09,-6.49,-7.23,70
0.43,-0.25,0.27,-9.05,-2.47,-2.59,70
0.38,-0.26,0.26,1.4,-0.67,5.4,70
0.35,-0.25,0.27,18.2,1.28,16.34,70
0.32,-0.21,0.29,33.63,5.3,26.49,70
0.31,-0.18,0.29,40.06,9.42,32.74,70
0.3,-0.17,0.29,39.66,13.02,35.24,70
0.31,-0.18,0.28,35.79,16.01,34.45,70
0.32,-0.2,0.29,29.54,18.14,30.73,70
0.36,-0.23,0.29,21.16,19.57,24.18,70
0.41,-0.28,0.3,12.9,20.37,16.34,70
0.48,-0.31,0.31,7.62,20.82,8.14,70
0.55,-0.33,0.33,5.73,21.43,0.03,70
0.61,-0.33,0.35,4.48,24.33,-7.13,70
0.7,-0.31,0.36,-0.27,28.29,-14.02,70
0.85,-0.31,0.37,-8.96,28.75,-24.63,70
1.12,-0.33,0.4,-17.9,27.44,-38.66,70
1.53,-0.35,0.47,-27.74,25.73,-55.58,70
2.03,-0.38,0.59,-44.45,22.74,-77.62,70
2.13,-0.41,0.68,-72.8,11.65,-94.51,70
1.96,-0.44,0.71,-108.93,-14.09,-90.27,70
1.71,-0.43,0.64,-127.53,-34.27,-68.84,70
1.48,-0.45,0.59,-98.72,-55.55,-47.16,70
1.44,-0.44,0.59,-21.86,-74.51,-30.43,70
1.42,-0.37,0.62,80.52,-77.9,-9.66,70
1.33,-0.21,0.66,170.24,-79.79,14.21,70
1.12,-0.14,0.71,208.54,-81.77,35.52,70
0.87,-0.12,0.77,183.51,-68.51,38.84,70
0.76,0.1,0.84,108.11,-44.27,29.76,70
0.71,0.33,0.72,6.92,-17.74,21.68,70
0.59,0.33,0.53,-92.71,7.62,1.77,70
0.5,-0.11,0.2,-123.45,20.55,-15.27,70
0.43,-0.36,0.15,-60.7,19.51,-16.04,70
0.49,-0.32,0.3,40.4,8.41,-0.79,70
0.43,-0.2,0.41,107.5,12.16,8.29,70
0.46,-0.11,0.48,119.39,13.29,10.55,70
0.46,-0.05,0.48,91.68,15.3,17.44,70
0.43,-0.03,0.44,45.37,19.94,23.11,70
0.43,-0.08,0.39,-3.63,22.29,24.42,70
0.42,-0.17,0.31,-36.04,25.58,25.82,70
0.42,-0.26,0.24,-41.28,27.5,28.69,70
0.42,-0.29,0.19,-24.18,26.95,32.93,70
0.45,-0.3,0.17,0.88,25.37,36.65,70
0.5,-0.29,0.17,21.19,23.72,39.24,70
0.61,-0.27,0.16,31.95,22.77,40.95,70
0.71,-0.24,0.15,31.77,23.87,39.66,70
0.73,-0.23,0.15,17.44,23.66,33.17,70
0.67,-0.22,0.15,-11.07,20.7,25.27,70
0.69,-0.23,0.16,-46.25,19.24,20.46,70
0.8,-0.25,0.17,-74.54,19.24,16.1,70
0.96,-0.31,0.22,-87.44,16.01,9.54,70
1.18,-0.39,0.3,-89.15,14.91,0.21,70
1.42,-0.46,0.36,-87.96,17.56,-11.89,70
1.63,-0.48,0.44,-85.82,19.12,-23.35,70
1.73,-0.47,0.48,-85.88,16.25,-32.38,70
1.72,-0.47,0.52,-90.21,5.67,-37.93,70
1.64,-0.48,0.56,-92.07,-12.35,-39.15,70
1.54,-0.5,0.59,-78.75,-27.29,-38.48,70
1.41,-0.5,0.58,-44.85,-36.34,-36.98,70
1.28,-0.46,0.56,-0.67,-41.65,-32.35,70
1.18,-0.4,0.53,38.48,-41.95,-24.54,70
1.09,-0.3,0.52,62.32,-38.81,-15.88,70
0.96,-0.24,0.5,65.43,-35.24,-9.79,70
0.83,-0.24,0.47,52.93,-30.64,-6.07,70
0.72,-0.22,0.41,35.79,-24.94,-1.77,70
0.63,-0.21,0.34,22.04,-19.76,2.84,70
0.53,-0.16,0.33,16.98,-16.16,6.19,70
0.51,-0.15,0.38,13.72,-13.93,6.77,70
0.42,-0.21,0.34,5.4,-0.64,7.16,70
0.38,-0.23,0.33,8.05,6.46,11.19,70
0.36,-0.25,0.35,17.5,10.37,13.84,70
0.34,-0.21,0.36,20.61,17.96,13.6,70
0.34,-0.21,0.35,14.05,23.6,12.26,70
0.35,-0.24,0.31,4.05,26.98,9.39,70
0.37,-0.26,0.26,-2.84,28.75,5.98,70
0.4,-0.28,0.22,-4.39,28.26,2.29,70
0.42,-0.29,0.2,-0.64,25.98,-1.55,70
0.44,-0.3,0.22,6.43,23.54,-5.52,70
0.47,-0.31,0.25,13.48,22.96,-9.33,70
0.53,-0.31,0.28,17.8,23.66,-12.35,70
0.66,-0.32,0.32,19.02,24.24,-16.95,70
0.86,-0.36,0.37,21.16,22.8,-24.33,70
1.13,-0.34,0.44,26.37,21.71,-33.72,70
1.56,-0.37,0.56,24.97,23.41,-48.02,70
1.73,-0.35,0.65,11.4,26.16,-58.11,70
1.79,-0.32,0.72,-16.28,16.89,-64.51,70
1.86,-0.28,0.73,-55.76,12.84,-58.29,70
1.8,-0.3,0.68,-83.6,6.8,-49.09,70
1.64,-0.37,0.65,-75.58,-11.77,-41.46,70
1.52,-0.35,0.64,-35.73,-19.51,-27.23,70
1.37,-0.27,0.61,11.4,-17.71,-3.2,70
1.23,-0.17,0.59,41.34,-18.54,15.37,70
1.12,-0.17,0.59,43.54,-18.41,26.49,70
1.02,-0.22,0.54,29.21,-15,33.02,70
0.91,-0.27,0.48,17.77,-11.4,35.64,70
0.8,-0.26,0.44,13.69,-9.09,38.2,70
0.68,-0.23,0.41,6.92,-5.58,42.13,70
0.57,-0.21,0.38,-4.76,-1.59,45.34,70
0.47,-0.21,0.34,-12.84,0.98,47.13,70
0.4,-0.23,0.3,-9.48,1.98,49.33,70
0.35,-0.25,0.28,4.97,2.16,52.62,70
0.33,-0.25,0.28,22.2,1.49,56.01,70
0.31,-0.24,0.28,36.43,0.06,58.57,70
0.31,-0.22,0.3,45.79,-0.98,61.04,70
0.32,-0.2,0.32,49.27,-0.49,61.8,70
0.33,-0.2,0.33,46.74,1.28,59.36,70
0.35,-0.19,0.32,39.05,4.33,56.28,70
0.35,-0.19,0.29,28.51,6.92,53.57,70
0.35,-0.2,0.26,18.96,8.29,49.76,70
0.37,-0.21,0.24,12.96,8.84,45,70
0.42,-0.22,0.23,10.03,8.84,39.45,70
0.48,-0.24,0.25,8.41,9.33,34.02,70
0.58,-0.27,0.25,6.83,11.8,29.21,70
0.78,-0.33,0.27,5.49,13.45,23.17,70
1.07,-0.42,0.33,8.38,10.24,12.84,70
1.52,-0.54,0.5,18.48,2.62,-3.23,70
1.85,-0.6,0.64,28.51,9.66,-14.15,70
1.75,-0.5,0.68,25.55,17.93,-12.32,70
1.62,-0.34,0.64,0.12,17.1,-1.89,70
1.62,-0.26,0.6,-35.58,16.34,9.18,70
1.64,-0.36,0.56,-56.98,4.39,7.44,70
1.55,-0.51,0.57,-43.6,-15.64,-6.55,70
1.4,-0.58,0.61,-7.5,-25.82,-20.64,70
1.24,-0.54,0.63,16.25,-24.97,-25.64,70
1.13,-0.49,0.59,9.76,-25.3,-25.03,70
1.03,-0.49,0.5,-9.57,-25.03,-23.11,70
0.92,-0.5,0.43,-16.89,-24.63,-23.14,70
0.83,-0.46,0.4,-7.23,-26.49,-23.99,70
0.74,-0.4,0.4,7.87,-25.7,-25.24,70
0.65,-0.35,0.39,16.52,-21.68,-26.07,70
0.57,-0.29,0.37,15.37,-16.55,-24.51,70
0.5,-0.26,0.35,6.65,-12.26,-20.64,70
0.45,-0.24,0.34,-4.63,-8.48,-17.23,70
0.42,-0.26,0.33,-14.12,-4.54,-15.64,70
0.4,-0.28,0.31,-18.69,-0.21,-15.27,70
0.4,-0.3,0.29,-19.66,3.51,-15.12,70
0.4,-0.31,0.28,-18.96,5.95,-15.98,70
0.42,-0.33,0.27,-16.16,6.74,-18.05,70
0.45,-0.35,0.27,-11.28,6.52,-20.15,70
0.47,-0.37,0.28,-4.21,6.28,-21.34,70
0.49,-0.36,0.29,4.6,6.43,-21.71,70
0.51,-0.34,0.31,12.2,7.2,-22.07,70
0.53,-0.3,0.32,15.3,8.32,-22.5,70
0.54,-0.27,0.32,11.83,9.54,-22.71,70
0.56,-0.26,0.32,4.42,10.67,-22.32,70
0.59,-0.25,0.31,-2.77,10.61,-21.8,70
0.63,-0.26,0.31,-7.16,10.03,-21.13,70
0.66,-0.28,0.33,-8.08,9.27,-20.37,70
0.72,-0.28,0.35,-7.26,9.09,-18.72,70
0.82,-0.31,0.38,-7.59,9.88,-16.59,70
0.96,-0.34,0.4,-6.19,9.24,-15.79,70
1.11,-0.34,0.46,-1.55,5.79,-17.74,70
1.27,-0.32,0.53,-0.88,2.44,-19.82,70
1.42,-0.29,0.61,-9.63,0.91,-21.65,70
1.61,-0.28,0.67,-29.6,0.55,-23.41,70
1.95,-0.39,0.72,-51.25,2.77,-27.16,70
1.94,-0.5,0.71,-51.92,-8.93,-38.29,70
1.63,-0.49,0.74,-24.15,-41.49,-45.15,70
1.39,-0.38,0.73,1.92,-46.92,-25.27,70
1.17,-0.25,0.62,14.45,-39.54,-1.98,70
1.03,-0.24,0.53,32.47,-48.63,8.02,70
0.9,-0.28,0.49,64.21,-53.75,14.15,70
0.79,-0.26,0.48,93.63,-50.15,20.24,70
0.72,-0.22,0.49,104.76,-43.81,22.29,70
0.66,-0.2,0.47,93.66,-35.27,21.16,70
0.61,-0.19,0.45,67.99,-28.14,18.6,70
0.59,-0.19,0.4,40.55,-21.28,15,70
0.56,-0.21,0.35,24.91,-13.45,11.49,70
0.53,-0.21,0.33,27.99,-7.47,8.87,70
0.52,-0.18,0.35,38.41,-2.07,7.9,70
0.51,-0.12,0.37,38.26,3.9,6.31,70
0.51,-0.09,0.37,20.64,8.69,3.45,70
0.51,-0.12,0.33,-4.27,12.5,1.31,70
0.5,-0.17,0.29,-21.83,14.97,1.8,70
0.49,-0.2,0.27,-27.38,15.61,4.85,70
0.47,-0.2,0.25,-25.43,15.64,9.82,70
0.46,-0.21,0.24,-21.19,14.97,15.64,70
0.48,-0.24,0.24,-16.37,13.54,21.83,70
0.51,-0.26,0.24,-9.24,12.59,27.99,70
0.56,-0.29,0.24,0.82,12.1,32.44,70
0.62,-0.33,0.23,14.91,11.59,36.25,70
0.67,-0.31,0.26,31.62,10.91,41.4,70
0.7,-0.25,0.3,42.68,11.95,47.56,70
0.75,-0.19,0.31,39.73,17.62,52.2,70
0.87,-0.18,0.32,26.16,19.76,51.55,70
1.03,-0.23,0.35,13.75,16.95,45.55,70
1.24,-0.29,0.41,5.52,14.48,34.42,70
1.53,-0.39,0.49,-3.23,14.18,19.15,70
1.69,-0.46,0.56,-11.19,14.21,3.14,70
1.78,-0.52,0.62,-21.31,9.42,-15.91,70
1.75,-0.54,0.63,-37.2,6.71,-29.6,70
1.65,-0.53,0.6,-50.15,0.43,-37.96,70
1.53,-0.5,0.55,-49.54,-7.1,-41.4,70
1.41,-0.46,0.51,-35.58,-12.56,-37.96,70
1.28,-0.4,0.49,-15.18,-20.88,-30.79,70
1.18,-0.32,0.48,3.84,-26.55,-22.38,70
1.08,-0.28,0.46,14.15,-26.71,-15.58,70
0.97,-0.27,0.45,17.32,-28.66,-10.4,70
0.84,-0.26,0.43,17.41,-29.3,-4.3,70
0.71,-0.24,0.41,14.51,-24.33,2.5,70
0.62,-0.23,0.38,7.07,-15.82,9.02,70
0.56,-0.24,0.34,-0.95,-9.66,13.38,70
0.51,-0.25,0.32,-4.91,-6.13,14.94,70
0.47,-0.27,0.3,-5.4,-1.8,14.12,70
0.45,-0.29,0.29,-4.3,1.71,11.71,70
0.45,-0.3,0.28,-1.59,4.02,8.69,70
0.45,-0.3,0.29,1.98,6.1,5.76,70
0.46,-0.29,0.31,4.42,8.54,3.11,70
0.47,-0.28,0.32,3.23,11.98,0.49,70
0.47,-0.26,0.31,-1.37,16.16,-0.09,70
0.47,-0.24,0.29,-6.86,19.79,1.1,70
0.47,-0.22,0.27,-11.34,22.23,3.26,70
0.47,-0.22,0.26,-14.97,24.05,5.91,70
0.48,-0.23,0.25,-17.53,24.88,8.78,70
0.5,-0.27,0.23,-16.34,25.24,11.77,70
0.51,-0.32,0.23,-7.99,24.7,16.19,70
0.54,-0.33,0.25,7.5,22.99,21.31,70
0.57,-0.31,0.28,23.17,21.74,25.12,70
0.65,-0.29,0.3,31.98,21.19,26.74,70
0.82,-0.33,0.33,36.1,18.17,24.63,70
1.05,-0.36,0.39,43.87,10.4,19.15,70
1.3,-0.34,0.57,49.51,2.62,8.78,70
1.47,-0.35,0.69,32.2,5.4,0,70
1.61,-0.36,0.75,-5.46,7.74,-3.57,70
1.69,-0.41,0.73,-43.17,4.51,-8.75,70
1.64,-0.47,0.68,-59.48,-3.93,-13.11,70
1.55,-0.47,0.64,-48.99,-14.63,-13.75,70
1.46,-0.43,0.62,-27.04,-18.57,-12.96,70
1.38,-0.39,0.59,-8.69,-18.23,-10.79,70
1.29,-0.34,0.57,1.59,-19.97,-7.53,70
1.18,-0.3,0.57,-0.49,-19.45,-5.34,70
1.07,-0.3,0.56,-15.03,-14.94,-4.05,70
0.97,-0.32,0.53,-33.14,-9.63,-3.2,70
0.85,-0.34,0.49,-43.99,-4.42,-0.95,70
0.77,-0.34,0.45,-43.63,-1.25,1.46,70
0.68,-0.32,0.41,-36.52,1.07,0.55,70
0.6,-0.31,0.37,-27.8,0.73,-3.6,70
0.54,-0.31,0.35,-17.23,-1.22,-8.38,70
0.51,-0.3,0.34,-7.99,-2.87,-12.56,70
0.47,-0.28,0.32,-3.41,-3.54,-16.04,70
0.45,-0.27,0.31,-2.47,-4.91,-19.12,70
0.43,-0.27,0.3,-3.23,-5.76,-21.07,70
0.41,-0.27,0.28,-4.02,-5.98,-22.2,70
0.4,-0.29,0.26,-3.11,-6.13,-21.07,70
0.39,-0.28,0.24,1.01,-6.59,-18.23,70
0.38,-0.27,0.23,6.62,-6.98,-14.45,70
0.4,-0.27,0.23,11.55,-7.29,-11.07,70
0.43,-0.26,0.24,15.95,-6.95,-8.32,70
0.47,-0.26,0.26,17.62,-5.24,-7.59,70
0.51,-0.28,0.28,14.09,-2.87,-8.32,70
0.57,-0.29,0.28,7.99,-1.01,-7.99,70
0.63,-0.29,0.29,3.32,-0.12,-6.65,70
0.69,-0.3,0.3,2.53,0.43,-4.36,70
0.73,-0.28,0.32,5.34,-0.21,0.58,70
0.79,-0.25,0.33,6.22,-0.64,8.2,70
0.91,-0.27,0.34,4.79,0.03,16.19,70
1.07,-0.32,0.35,9.57,-4.12,20.55,70
1.25,-0.4,0.38,24.27,-8.66,20.58,70
1.52,-0.47,0.42,44.05,-6.8,14.3,70
1.74,-0.5,0.49,61.13,-6.04,7.96,70
1.87,-0.45,0.55,67.5,-7.26,2.35,70
1.95,-0.42,0.58,53.14,-3.84,-3.54,70
1.85,-0.37,0.57,23.9,-5.3,-9.88,70
1.68,-0.33,0.54,-4.94,-12.5,-16.49,70
1.57,-0.33,0.51,-26.59,-11.04,-19.18,70
1.46,-0.34,0.49,-37.8,-11.52,-20.67,70
1.31,-0.35,0.46,-36.59,-16.8,-23.41,70
1.14,-0.34,0.43,-28.78,-17.41,-23.66,70
0.99,-0.32,0.4,-24.6,-15.3,-19.51,70
0.85,-0.3,0.36,-24.97,-13.9,-13.78,70
0.73,-0.28,0.33,-24.36,-12.38,-8.72,70
0.64,-0.26,0.31,-22.44,-10.37,-4.57,70
0.56,-0.25,0.29,-20.43,-8.78,-1.8,70
0.51,-0.26,0.27,-17.01,-7.01,0.09,70
0.47,-0.28,0.25,-8.87,-6.16,1.52,70
0.47,-0.3,0.25,3.48,-5.3,3.02,70
0.49,-0.3,0.26,15.76,-4.63,3.69,70
0.54,-0.31,0.28,25.7,-4.21,2.9,70
0.6,-0.31,0.3,33.41,-3.2,0.12,70
0.68,-0.32,0.33,38.69,-1.49,-4.36,70
0.78,-0.33,0.34,41.13,1.16,-9.51,70
0.88,-0.33,0.36,40.46,4.6,-15.27,70
0.97,-0.32,0.38,36.55,8.2,-21.95,70
1.07,-0.32,0.39,28.72,12.68,-30.95,70
1.1,-0.3,0.41,15.46,19.33,-36.59,70
1.14,-0.27,0.41,-3.93,24.3,-41.01,70
1.12,-0.25,0.4,-27.74,30.09,-43.54,70
1.13,-0.24,0.38,-50.7,34.73,-41.55,70
1.27,-0.29,0.36,-67.65,39.3,-38.72,70
1.32,-0.35,0.35,-71.43,36.52,-37.16,70
1.28,-0.35,0.41,-63.35,27.01,-34.02,70
1.11,-0.3,0.44,-61.46,22.41,-25.46,70
0.93,-0.24,0.42,-72.53,19.94,-11.65,70
0.81,-0.23,0.37,-81.52,19.18,4.02,70
0.7,-0.25,0.32,-72.13,17.16,17.53,70
0.66,-0.27,0.32,-45.61,14.27,26.49,70
0.65,-0.29,0.33,-16.22,13.87,32.9,70
0.67,-0.28,0.33,6.86,15.03,38.84,70
0.7,-0.26,0.32,21.4,19.21,42.53,70
0.77,-0.26,0.32,26.31,23.11,41.55,70
0.86,-0.26,0.34,21.46,23.99,37.77,70
1,-0.26,0.39,9.88,24.21,32.44,70
1.08,-0.25,0.44,-5.55,24.45,25.06,70
1.12,-0.25,0.48,-21.95,22.53,15.34,70
1.04,-0.23,0.48,-36.22,23.05,11.31,70
0.93,-0.2,0.46,-46.59,22.04,11.92,70
0.83,-0.19,0.43,-51.71,20.43,13.72,70
0.74,-0.2,0.4,-49.39,17.71,17.35,70
0.69,-0.21,0.37,-39.63,13.38,21.16,70
0.67,-0.25,0.35,-22.96,8.23,22.65,70
0.67,-0.29,0.36,-2.01,2.56,22.56,70
0.69,-0.29,0.37,17.74,-2.8,22.74,70
0.69,-0.27,0.39,31.25,-6.4,21.04,70
0.71,-0.26,0.41,36.77,-8.72,16.83,70
0.72,-0.25,0.42,35.67,-10.67,12.87,70
0.73,-0.24,0.42,31.59,-13.23,10.85,70
0.75,-0.23,0.41,28.87,-15.34,9.42,70
0.84,-0.27,0.4,31.52,-17.41,5.76,70
0.97,-0.33,0.42,44.24,-22.32,0.82,70
1.07,-0.35,0.46,62.93,-26.77,-4.09,70
1.04,-0.32,0.5,74.76,-27.29,-8.26,70
0.89,-0.24,0.48,69.24,-20.82,-4.24,70
0.81,-0.17,0.41,50.27,-11.98,2.38,70
0.78,-0.17,0.34,33.87,-5.49,4.27,70
0.81,-0.19,0.31,30.46,-4.33,5.24,70
0.84,-0.22,0.32,33.81,-5.37,5.06,70
0.87,-0.26,0.35,36.65,-6.19,1.43,70
0.9,-0.31,0.38,37.74,-6.04,-2.56,70
0.93,-0.32,0.41,35.55,-4.42,-4.94,70
0.95,-0.31,0.43,27.44,-3.32,-6.59,70
0.93,-0.28,0.44,14.88,-2.38,-8.84,70
0.9,-0.26,0.42,-0.55,-1.86,-11.04,70
0.87,-0.27,0.39,-13.02,-3.11,-12.87,70
0.85,-0.3,0.36,-16.22,-5.95,-13.9,70
0.83,-0.31,0.36,-9.09,-9.54,-13.14,70
0.83,-0.31,0.36,2.59,-12.32,-11.31,70
0.83,-0.32,0.37,13.05,-13.51,-8.72,70
0.85,-0.3,0.37,19.63,-14.7,-5.06,70
0.85,-0.29,0.38,22.74,-15.15,-1.43,70
0.87,-0.28,0.37,23.99,-14.63,0.52,70
0.88,-0.27,0.38,24.82,-14.57,1.52,70
0.88,-0.26,0.39,23.75,-14.45,2.47,70
0.89,-0.26,0.41,18.78,-13.51,2.93,70
0.89,-0.27,0.41,11.52,-12.2,3.05,70
0.9,-0.27,0.41,5.82,-11.34,3.54,70
0.89,-0.26,0.41,2.2,-10.58,4.51,70
0.87,-0.26,0.41,-1.52,-9.7,4.88,70
0.86,-0.27,0.4,-4.63,-9.27,5.24,70
0.85,-0.28,0.4,-4.94,-9.6,5.76,70
0.84,-0.28,0.4,-2.56,-9.94,6.19,70
0.85,-0.29,0.41,0.61,-10.3,5.98,70
0.85,-0.29,0.41,3.69,-10.76,5.52,70
0.86,-0.29,0.41,6.49,-11.13,4.82,70
0.87,-0.29,0.42,8.81,-11.34,3.99,70
0.87,-0.28,0.42,10.34,-11.4,3.08,70
0.88,-0.27,0.42,10.88,-11.04,2.62,70
0.88,-0.27,0.42,10.46,-10.49,2.62,70
0.88,-0.27,0.43,9.79,-9.57,3.05,70
0.88,-0.26,0.42,9.18,-8.32,3.69,70
0.87,-0.26,0.42,8.96,-6.83,4.27,70
0.88,-0.26,0.42,8.72,-5.18,4.88,70
0.88,-0.26,0.42,8.11,-3.6,5.27,70
0.88,-0.26,0.42,6.77,-2.2,5.43,70
0.88,-0.26,0.43,4.94,-0.7,5.09,70
0.87,-0.26,0.42,2.38,0.76,4.39,70
0.87,-0.26,0.42,-0.03,2.04,3.45,70
0.87,-0.27,0.42,-1.83,2.99,2.56,70
0.87,-0.27,0.41,-2.8,3.72,1.59,70
0.86,-0.27,0.4,-3.14,4.12,1.01,70
0.86,-0.27,0.41,-2.74,4.21,0.61,70
0.87,-0.27,0.4,-1.89,4.54,0.34,70
0.87,-0.27,0.4,-1.37,4.51,0.06,70
0.87,-0.27,0.4,-0.82,4.12,-0.49,70
0.87,-0.28,0.4,-0.49,3.84,-0.91,70
0.87,-0.28,0.4,-0.4,3.69,-1.34,70
0.87,-0.28,0.39,-0.06,3.26,-1.71,70
0.87,-0.27,0.4,0.18,3.02,-2.01,70
0.87,-0.27,0.39,0.15,2.99,-2.26,70
0.87,-0.27,0.39,0,3.11,-2.47,70
0.87,-0.27,0.39,-0.12,3.05,-2.53,70
0.87,-0.27,0.39,-0.21,3.05,-2.41,70
0.87,-0.27,0.39,-1.25,3.08,-2.29,70
0.87,-0.27,0.39,-2.8,2.9,-2.01,70
0.86,-0.28,0.38,-3.57,2.65,-1.92,70
0.86,-0.28,0.39,-3.23,2.1,-1.83,70
0.86,-0.28,0.39,-2.32,1.77,-1.89,70
0.86,-0.28,0.39,-1.89,1.1,-2.07,70
0.86,-0.28,0.39,-1.62,0.43,-2.29,70
0.86,-0.28,0.39,-1.62,-0.09,-2.62,70
0.86,-0.28,0.39,-1.74,-0.52,-2.9,70
0.85,-0.28,0.39,-1.59,-1.1,-3.02,70
0.85,-0.28,0.4,-0.88,-1.62,-2.93,70
0.86,-0.28,0.4,0.09,-1.92,-2.9,70
0.86,-0.28,0.4,0.58,-2.01,-2.96,70
0.87,-0.28,0.41,0.21,-2.01,-3.08,70
0.86,-0.28,0.41,-1.01,-1.62,-3.08,70
0.86,-0.28,0.41,-2.59,-1.19,-3.11,70
0.86,-0.28,0.41,-3.2,-0.79,-2.77,70
0.87,-0.28,0.41,-2.77,-0.55,-2.32,70
0.87,-0.28,0.41,-1.95,-0.34,-1.86,70
0.87,-0.28,0.42,-1.37,-0.21,-1.28,70
0.87,-0.28,0.41,-1.74,0.12,-0.82,70
0.86,-0.28,0.41,-2.13,0.3,-0.49,70
0.86,-0.28,0.4,-2.1,0.37,-0.3,70
0.86,-0.28,0.41,-1.31,0.43,-0.21,70
0.86,-0.28,0.41,-0.21,0.73,-0.27,70
0.86,-0.28,0.41,0.3,1.07,-0.46,70
0.86,-0.28,0.41,-0.03,1.13,-0.79,70
0.86,-0.27,0.41,-0.61,1.37,-0.79,70
0.86,-0.28,0.41,-1.22,1.68,-0.95,70
0.87,-0.28,0.4,-1.16,1.37,-1.04,70
0.86,-0.28,0.4,-0.34,0.98,-1.04,70
0.87,-0.28,0.4,0.3,0.88,-1.28,70
0.87,-0.28,0.4,0.7,0.58,-1.28,70
0.86,-0.28,0.4,0.27,0.34,-1.37,70
0.86,-0.27,0.4,-0.58,0.43,-1.22,70
0.86,-0.28,0.39,-0.98,0.58,-1.19,70
0.86,-0.28,0.4,-0.43,0.46,-1.04,70
0.87,-0.28,0.4,0.43,0.18,-0.95,70
0.86,-0.28,0.4,0.12,0.43,-0.91,70
0.86,-0.28,0.4,-1.4,0.67,-0.88,70