-0.06,-0.56,0.78,-9.18,0.40,5.64,0
-0.08,-0.62,0.73,-11.04,5.18,7.71,0
-0.06,-0.63,0.72,4.02,12.23,-3.96,0
-0.06,-0.57,0.76,4.94,13.96,-9.27,0
-0.05,-0.52,0.74,-7.47,13.81,-8.90,0
-0.09,-0.53,0.75,-19.05,12.77,-12.68,0
-0.08,-0.57,0.68,-22.50,12.20,-13.87,0
-0.04,-0.62,0.73,-32.20,10.21,-7.71,0
-0.06,-0.62,0.72,-39.79,10.76,-7.29,0
-0.12,-0.64,0.72,-39.79,2.32,-3.66,0
-0.03,-0.66,0.79,-33.51,7.68,-6.68,0
-0.07,-0.66,0.73,-32.90,8.81,-10.73,0
-0.11,-0.64,0.76,-36.80,8.51,-8.81,0
-0.05,-0.69,0.75,-39.39,5.30,-3.35,0
-0.07,-0.71,0.75,-32.29,6.01,-5.34,0
-0.07,-0.76,0.73,-16.89,9.51,-10.21,0
-0.08,-0.74,0.79,-5.64,10.52,-10.64,0
-0.10,-0.69,0.70,-0.52,7.29,-9.82,0
-0.08,-0.68,0.73,-5.58,5.98,-5.30,0
-0.05,-0.71,0.73,-11.52,3.17,2.96,0
-0.10,-0.75,0.67,-2.59,0.52,0.76,0
-0.08,-0.73,0.69,3.17,1.34,-2.65,0
-0.06,-0.66,0.75,-11.95,5.82,-4.60,0
-0.08,-0.62,0.75,-34.88,6.37,-6.28,0
-0.08,-0.64,0.70,-47.80,5.88,-8.23,0
-0.07,-0.72,0.65,-46.46,5.58,-8.32,0
-0.04,-0.84,0.57,-35.49,2.80,-3.78,70
-0.02,-0.85,0.55,-13.14,-1.95,4.97,70
-0.01,-0.79,0.56,18.57,-6.22,14.24,70
0.00,-0.73,0.60,51.04,-10.15,21.25,70
0.01,-0.70,0.65,79.42,-12.68,28.51,70
0.04,-0.65,0.68,103.32,-11.59,35.52,70
0.07,-0.58,0.66,121.68,-8.90,40.76,70
0.11,-0.52,0.61,136.92,-7.44,43.63,70
0.17,-0.45,0.54,153.17,-7.29,45.70,70
0.19,-0.39,0.46,167.32,-11.77,49.12,70
0.13,-0.40,0.47,174.70,-26.71,53.66,70
0.02,-0.50,0.56,188.14,-48.17,62.29,70
-0.13,-0.49,0.61,225.67,-54.82,72.07,70
-0.24,-0.28,0.70,271.92,-56.83,68.54,70
-0.23,-0.06,0.89,285.00,-67.90,55.43,70
-0.28,0.11,1.08,248.90,-79.79,48.38,70
-0.33,0.13,1.17,180.98,-94.70,50.21,70
-0.30,-0.01,1.16,115.70,-109.24,54.45,70
-0.22,-0.09,1.12,86.68,-116.43,56.10,70
-0.12,-0.07,1.12,97.47,-115.61,53.57,70
-0.07,0.02,1.18,115.88,-107.62,50.95,70
-0.03,0.09,1.21,112.16,-93.45,52.59,70
-0.02,0.13,1.20,87.32,-74.51,55.98,70
0.00,0.16,1.17,55.49,-58.08,55.58,70
0.02,0.16,1.13,27.65,-44.45,47.38,70
0.02,0.13,1.10,7.47,-33.69,33.35,70
0.00,0.04,1.08,-4.33,-24.39,22.50,70
-0.01,-0.05,1.08,-6.68,-15.91,21.98,70
0.00,-0.07,1.10,-1.40,-9.85,27.62,70
0.01,-0.04,1.13,5.67,-6.92,31.68,70
0.01,0.00,1.16,11.37,-4.30,31.65,70
0.00,0.03,1.17,10.85,-0.76,30.18,70
0.01,0.07,1.17,0.64,3.75,29.05,70
0.02,0.04,1.13,-15.49,7.04,28.29,70
0.04,-0.01,1.05,-23.54,8.72,28.60,70
0.07,-0.03,1.01,-16.86,9.70,29.33,70
0.08,-0.01,1.00,-4.18,10.27,29.51,70
0.10,0.04,1.02,2.62,11.46,28.29,70
0.11,0.06,1.02,-0.61,12.62,26.04,70
0.12,0.06,1.04,-10.67,12.62,23.54,70
0.12,0.02,1.02,-20.40,12.04,20.95,70
0.12,-0.03,1.02,-22.80,10.49,17.62,70
0.13,-0.06,1.03,-18.69,8.17,15.21,70
0.14,-0.08,1.05,-10.61,4.63,15.34,70
0.16,-0.05,1.09,-0.12,1.40,17.35,70
0.17,-0.02,1.11,5.15,-0.91,19.12,70
0.18,-0.02,1.12,3.14,-4.12,17.77,70
0.21,-0.04,1.10,-0.88,-8.41,12.74,70
0.22,-0.05,1.10,-3.60,-13.63,7.10,70
0.22,-0.04,1.10,-5.61,-20.12,2.53,70
0.23,-0.05,1.09,-8.02,-23.93,-2.23,70
0.26,-0.04,1.01,-12.29,-23.45,-9.12,70
0.33,-0.02,0.92,-23.99,-21.10,-18.41,70
0.40,0.00,0.83,-48.51,-18.08,-28.87,70
0.45,-0.01,0.78,-82.23,-16.83,-39.30,70
0.44,-0.04,0.74,-114.45,-17.01,-47.77,70
0.42,-0.08,0.71,-134.27,-19.97,-55.15,70
0.45,-0.14,0.72,-139.45,-25.61,-64.15,70
0.49,-0.20,0.76,-132.93,-30.15,-74.24,70
0.53,-0.22,0.82,-120.52,-33.29,-82.04,70
0.55,-0.23,0.85,-108.75,-37.47,-86.77,70
0.57,-0.24,0.88,-101.55,-46.40,-88.84,70
0.62,-0.25,0.90,-95.85,-57.84,-90.27,70
0.66,-0.22,0.94,-88.08,-67.80,-93.93,70
0.68,-0.23,0.98,-78.75,-73.14,-100.76,70
0.69,-0.24,0.99,-67.10,-73.14,-110.30,70
0.68,-0.19,1.01,-59.36,-71.83,-117.53,70
0.64,-0.13,0.98,-62.99,-68.81,-118.63,70
0.58,-0.06,0.93,-69.60,-64.09,-119.05,70
0.55,-0.04,0.88,-73.93,-59.76,-124.70,70
0.54,-0.03,0.83,-77.29,-54.79,-134.45,70
0.53,-0.05,0.77,-81.62,-48.54,-143.45,70
0.52,-0.09,0.73,-85.06,-41.34,-148.11,70
0.51,-0.15,0.68,-86.04,-33.41,-147.87,70
0.48,-0.21,0.63,-81.98,-26.10,-143.08,70
0.46,-0.26,0.58,-70.73,-21.43,-134.24,70
0.44,-0.28,0.56,-53.48,-18.93,-123.11,70
0.43,-0.29,0.55,-36.62,-17.99,-112.13,70
0.43,-0.31,0.54,-25.40,-19.42,-103.35,70
0.44,-0.33,0.54,-18.69,-23.35,-96.37,70
0.46,-0.37,0.54,-13.57,-28.08,-89.73,70
0.49,-0.42,0.57,-5.49,-31.77,-83.51,70
0.53,-0.42,0.60,4.27,-34.57,-78.41,70
0.57,-0.41,0.64,8.35,-38.66,-74.66,70
0.61,-0.39,0.66,4.05,-43.14,-71.07,70
0.65,-0.39,0.67,-5.12,-47.62,-66.86,70
0.69,-0.41,0.67,-15.00,-50.91,-61.86,70
0.71,-0.43,0.66,-22.07,-51.16,-54.97,70
0.73,-0.43,0.66,-26.04,-48.60,-46.04,70
0.75,-0.41,0.64,-27.07,-44.91,-37.35,70
0.76,-0.37,0.65,-28.05,-41.65,-32.04,70
0.79,-0.35,0.66,-33.11,-39.24,-29.36,70
0.82,-0.35,0.68,-41.01,-38.84,-26.86,70
0.89,-0.35,0.70,-47.29,-40.24,-24.30,70
0.94,-0.39,0.72,-51.92,-42.04,-23.29,70
0.99,-0.45,0.73,-52.87,-45.30,-23.38,70
1.02,-0.48,0.75,-48.84,-50.24,-22.77,70
1.05,-0.48,0.77,-42.16,-56.77,-19.97,70
1.07,-0.46,0.81,-35.15,-65.46,-16.65,70
1.11,-0.46,0.82,-27.80,-75.52,-15.64,70
1.13,-0.45,0.83,-19.63,-83.90,-16.31,70
1.09,-0.42,0.79,-14.09,-87.01,-14.02,70
1.02,-0.38,0.71,-10.85,-86.71,-4.39,70
0.95,-0.33,0.63,-5.15,-83.84,10.61,70
0.88,-0.30,0.56,5.12,-78.32,24.66,70
0.84,-0.25,0.50,21.04,-72.99,33.60,70
0.84,-0.21,0.49,39.18,-69.15,35.95,70
0.91,-0.20,0.51,52.65,-63.17,32.23,70
1.00,-0.16,0.55,56.01,-50.30,23.72,70
1.04,-0.10,0.58,40.95,-34.51,10.46,70
1.04,-0.12,0.54,6.31,-21.43,-2.84,70
1.04,-0.20,0.47,-30.09,-13.05,-6.92,70
1.03,-0.27,0.39,-48.32,-5.85,0.34,70
1.00,-0.30,0.33,-41.83,2.10,11.49,70
0.97,-0.30,0.29,-13.63,8.90,19.79,70
0.96,-0.27,0.28,23.72,15.37,24.79,70
0.93,-0.21,0.32,54.02,21.71,29.51,70
0.87,-0.18,0.33,66.25,26.28,35.91,70
0.78,-0.19,0.30,66.31,29.12,43.45,70
0.72,-0.21,0.26,68.93,29.30,50.18,70
0.70,-0.21,0.25,79.18,28.54,54.76,70
0.69,-0.18,0.26,90.03,29.60,56.16,70
0.66,-0.16,0.27,93.11,32.56,55.37,70
0.62,-0.16,0.27,88.60,35.82,54.85,70
0.59,-0.15,0.26,80.61,38.45,56.10,70
0.58,-0.15,0.25,71.62,39.48,57.50,70
0.59,-0.14,0.25,64.48,39.27,56.71,70
0.64,-0.15,0.26,59.05,38.20,51.98,70
0.72,-0.16,0.26,54.02,37.04,44.05,70
0.79,-0.18,0.28,48.51,36.40,34.05,70
0.86,-0.18,0.31,39.60,35.03,22.20,70
0.95,-0.18,0.34,23.26,33.32,8.84,70
1.04,-0.16,0.37,-0.61,32.01,-3.48,70
1.10,-0.13,0.39,-29.54,30.27,-14.76,70
1.13,-0.11,0.40,-60.37,27.35,-27.13,70
1.14,-0.10,0.40,-89.94,22.47,-38.48,70
1.17,-0.10,0.40,-117.35,15.27,-48.23,70
1.20,-0.12,0.39,-140.18,6.89,-56.04,70
1.23,-0.16,0.38,-154.39,-2.29,-61.80,70
1.27,-0.20,0.37,-158.23,-11.55,-66.71,70
1.32,-0.25,0.38,-152.13,-22.10,-72.26,70
1.38,-0.31,0.40,-135.43,-33.69,-79.33,70
1.40,-0.37,0.43,-107.26,-44.70,-88.51,70
1.33,-0.42,0.46,-69.42,-53.26,-99.15,70
1.19,-0.42,0.46,-28.51,-56.16,-107.20,70
1.05,-0.36,0.44,6.55,-54.51,-106.77,70
0.93,-0.28,0.41,32.44,-52.41,-96.31,70
0.89,-0.19,0.39,51.95,-48.84,-80.30,70
0.91,-0.13,0.38,65.43,-42.96,-66.04,70
0.96,-0.08,0.38,70.00,-36.37,-58.66,70
1.00,-0.06,0.39,65.09,-31.98,-58.02,70
1.01,-0.07,0.39,53.35,-29.30,-59.21,70
0.97,-0.09,0.40,37.04,-25.91,-58.45,70
0.91,-0.09,0.40,17.26,-21.19,-54.54,70
0.84,-0.09,0.40,-4.05,-16.04,-47.56,70
0.78,-0.11,0.39,-21.22,-11.22,-37.96,70
0.71,-0.14,0.39,-28.51,-8.48,-28.26,70
0.64,-0.18,0.39,-25.67,-6.71,-20.15,70
0.58,-0.18,0.40,-17.35,-3.60,-13.14,70
0.53,-0.17,0.38,-10.09,1.01,-5.09,70
0.49,-0.17,0.35,-5.91,5.76,4.63,70
0.47,-0.17,0.33,-3.02,9.33,13.90,70
0.45,-0.17,0.31,0.70,12.56,20.61,70
0.46,-0.17,0.30,5.12,15.76,24.54,70
0.47,-0.17,0.29,8.78,18.41,26.65,70
0.50,-0.17,0.30,10.88,20.64,27.32,70
0.53,-0.17,0.30,10.55,22.04,26.22,70
0.59,-0.18,0.32,7.96,22.10,22.50,70
0.69,-0.17,0.35,2.93,21.65,16.89,70
0.78,-0.16,0.39,-6.13,21.77,10.09,70
0.86,-0.15,0.41,-21.65,20.70,1.74,70
0.92,-0.20,0.41,-39.15,16.80,-6.22,70
0.97,-0.25,0.42,-50.76,10.34,-12.71,70
0.99,-0.23,0.41,-55.55,4.09,-15.76,70
1.01,-0.19,0.40,-56.28,-3.02,-14.94,70
1.03,-0.19,0.40,-51.89,-12.01,-11.19,70
1.07,-0.22,0.40,-38.38,-19.70,-6.77,70
1.15,-0.23,0.42,-16.98,-24.51,-2.07,70
1.29,-0.21,0.43,4.42,-28.23,2.41,70
1.40,-0.18,0.45,17.23,-32.74,6.13,70
1.45,-0.20,0.50,20.27,-40.00,7.26,70
1.44,-0.24,0.52,16.98,-46.74,4.91,70
1.34,-0.26,0.53,13.32,-48.90,5.15,70
1.23,-0.26,0.50,16.83,-45.61,12.53,70
1.13,-0.24,0.43,32.65,-36.65,24.27,70
1.07,-0.21,0.37,58.99,-23.20,36.95,70
1.09,-0.18,0.33,86.98,-5.64,49.82,70
1.17,-0.13,0.31,103.35,13.32,61.28,70
1.25,-0.07,0.31,99.09,28.32,69.15,70
1.26,-0.05,0.30,76.77,35.85,73.26,70
1.23,-0.06,0.30,46.10,38.96,73.87,70
1.16,-0.09,0.32,17.07,42.29,72.59,70
1.06,-0.10,0.33,-2.99,46.07,73.29,70
0.98,-0.12,0.32,-13.48,50.52,77.38,70
0.91,-0.14,0.31,-17.71,52.84,81.25,70
0.86,-0.18,0.29,-16.59,52.96,82.53,70
0.81,-0.21,0.28,-10.46,52.32,82.90,70
0.75,-0.22,0.26,-0.73,50.49,84.97,70
0.69,-0.22,0.26,9.60,48.96,88.63,70
0.62,-0.20,0.24,17.93,48.17,91.98,70
0.56,-0.17,0.23,23.54,47.56,93.38,70
0.50,-0.15,0.21,26.86,46.31,93.14,70
0.45,-0.15,0.20,28.84,44.36,91.52,70
0.42,-0.16,0.20,30.40,41.95,88.84,70
0.41,-0.16,0.20,31.59,39.18,84.88,70
0.43,-0.19,0.20,32.74,35.58,78.81,70
0.47,-0.23,0.20,33.96,30.98,69.73,70
0.52,-0.27,0.23,34.63,25.09,57.90,70
0.57,-0.30,0.25,33.23,17.56,44.05,70
0.61,-0.32,0.27,28.14,8.54,27.50,70
0.64,-0.34,0.29,20.73,-0.30,7.47,70
0.68,-0.35,0.31,12.84,-7.93,-13.84,70
0.72,-0.35,0.33,4.48,-15.27,-32.29,70
0.78,-0.34,0.33,-4.39,-23.84,-47.62,70
0.86,-0.33,0.33,-11.65,-32.50,-61.89,70
0.99,-0.35,0.34,-14.51,-39.82,-76.86,70
1.11,-0.36,0.38,-12.71,-45.67,-91.22,70
1.19,-0.32,0.42,-11.52,-51.37,-104.39,70
1.25,-0.27,0.46,-16.10,-55.73,-113.45,70
1.31,-0.22,0.47,-24.76,-59.27,-116.40,70
1.37,-0.19,0.47,-32.84,-64.02,-115.40,70
1.44,-0.19,0.49,-38.08,-69.73,-115.06,70
1.50,-0.22,0.52,-38.20,-75.88,-119.15,70
1.52,-0.26,0.55,-31.74,-80.95,-126.59,70
1.47,-0.27,0.57,-21.07,-81.16,-130.40,70
1.37,-0.24,0.55,-9.63,-75.21,-125.30,70
1.23,-0.21,0.51,2.44,-65.06,-113.69,70
1.12,-0.15,0.45,14.85,-53.08,-100.40,70
1.06,-0.12,0.43,23.81,-41.86,-87.50,70
1.04,-0.10,0.42,26.10,-33.17,-77.07,70
1.04,-0.10,0.44,21.77,-26.37,-69.85,70
1.02,-0.11,0.46,12.20,-19.12,-64.02,70
0.95,-0.12,0.46,-0.98,-10.76,-58.14,70
0.89,-0.13,0.44,-14.85,-1.07,-51.77,70
0.84,-0.13,0.41,-27.84,9.24,-43.57,70
0.76,-0.12,0.39,-39.79,17.53,-33.20,70
0.68,-0.12,0.37,-50.15,24.51,-21.77,70
0.63,-0.12,0.35,-57.74,31.13,-10.03,70
0.59,-0.12,0.33,-61.92,36.04,1.46,70
0.56,-0.14,0.32,-62.65,39.60,11.77,70
0.53,-0.16,0.31,-60.27,42.35,19.39,70
0.51,-0.18,0.30,-56.22,44.51,25.15,70
0.50,-0.18,0.29,-52.26,46.13,30.76,70
0.50,-0.19,0.28,-48.90,46.52,36.31,70
0.50,-0.20,0.27,-45.34,45.95,40.27,70
0.52,-0.21,0.27,-40.21,44.39,41.95,70
0.55,-0.21,0.28,-33.96,42.01,41.25,70
0.59,-0.21,0.29,-27.84,38.60,38.32,70
0.63,-0.22,0.31,-24.05,34.51,32.99,70
0.68,-0.22,0.33,-23.51,28.75,25.06,70
0.74,-0.23,0.36,-26.22,21.55,15.09,70
0.80,-0.24,0.39,-31.25,13.08,4.51,70
0.85,-0.23,0.43,-36.55,3.93,-5.21,70
0.87,-0.22,0.45,-40.95,-3.75,-12.44,70
0.88,-0.20,0.46,-43.96,-9.73,-16.34,70
0.87,-0.18,0.45,-45.00,-15.37,-18.63,70
0.89,-0.16,0.43,-41.92,-20.61,-21.37,70
0.94,-0.16,0.41,-34.18,-25.15,-24.79,70
1.01,-0.17,0.43,-22.62,-28.99,-27.41,70
1.13,-0.19,0.46,-7.38,-31.01,-29.60,70
1.30,-0.19,0.51,6.95,-30.34,-31.28,70
1.51,-0.18,0.56,11.86,-30.37,-32.59,70
1.66,-0.18,0.60,6.01,-34.60,-35.46,70
1.63,-0.19,0.64,-5.18,-41.31,-39.51,70
1.45,-0.20,0.64,-15.43,-47.99,-38.63,70
1.26,-0.19,0.60,-19.15,-50.12,-28.11,70
1.10,-0.18,0.53,-8.57,-47.16,-11.68,70
1.03,-0.18,0.47,21.62,-39.85,5.52,70
1.05,-0.18,0.42,66.19,-27.50,22.04,70
1.10,-0.14,0.41,108.69,-14.02,38.90,70
1.13,-0.09,0.39,133.11,-2.16,53.26,70
1.13,-0.07,0.38,135.58,8.26,62.62,70
1.12,-0.06,0.36,122.84,16.65,67.16,70
1.08,-0.06,0.35,101.62,23.17,69.18,70
1.00,-0.05,0.36,76.98,28.48,70.03,70
0.92,-0.05,0.36,53.81,34.63,70.40,70
0.84,-0.08,0.35,36.83,40.40,68.81,70
0.77,-0.12,0.35,26.98,43.57,64.33,70
0.71,-0.14,0.34,21.13,46.68,59.24,70
0.66,-0.16,0.32,15.70,50.24,56.28,70
0.60,-0.17,0.31,10.21,52.96,55.70,70
0.56,-0.17,0.27,5.30,54.91,56.80,70
0.52,-0.17,0.24,2.20,55.79,58.66,70
0.49,-0.17,0.21,2.26,55.40,60.37,70
0.48,-0.18,0.20,5.79,54.51,60.21,70
0.49,-0.19,0.19,11.10,53.08,57.47,70
0.52,-0.18,0.20,15.24,51.46,53.29,70
0.54,-0.18,0.21,15.40,49.60,48.81,70
0.58,-0.18,0.22,10.70,47.29,43.93,70
0.64,-0.18,0.23,2.50,44.57,37.23,70
0.74,-0.17,0.25,-7.80,41.31,28.38,70
0.84,-0.18,0.26,-20.21,37.38,17.04,70
0.92,-0.19,0.28,-34.30,32.74,3.57,70
0.96,-0.22,0.28,-48.45,27.29,-9.91,70
0.96,-0.23,0.28,-59.21,20.58,-19.85,70
0.95,-0.23,0.28,-63.63,12.29,-25.30,70
0.94,-0.23,0.28,-60.61,3.26,-28.17,70
0.97,-0.24,0.30,-50.03,-6.89,-31.46,70
1.01,-0.23,0.33,-34.02,-16.37,-36.22,70
1.08,-0.22,0.37,-17.90,-25.15,-42.20,70
1.17,-0.21,0.38,-6.22,-34.05,-49.09,70
1.25,-0.22,0.40,0.46,-43.02,-56.55,70
1.33,-0.22,0.42,4.05,-52.44,-65.09,70
1.41,-0.24,0.45,6.07,-62.41,-76.74,70
1.47,-0.26,0.49,8.20,-72.35,-92.32,70
1.46,-0.26,0.52,10.95,-80.24,-109.12,70
1.39,-0.26,0.54,12.96,-85.18,-119.91,70
1.29,-0.22,0.55,14.54,-86.55,-120.30,70
1.17,-0.16,0.54,17.68,-84.76,-112.23,70
1.09,-0.10,0.53,24.12,-78.57,-98.84,70
1.07,-0.05,0.52,32.84,-68.11,-82.59,70
1.10,-0.01,0.51,41.01,-56.19,-66.68,70
1.10,0.00,0.51,45.03,-44.73,-54.54,70
1.05,0.00,0.50,41.52,-33.11,-46.31,70
0.99,0.01,0.48,28.51,-20.00,-39.48,70
0.91,0.02,0.44,5.43,-7.90,-31.10,70
0.81,0.00,0.39,-21.10,1.46,-21.25,70
0.72,-0.03,0.36,-40.85,9.33,-11.83,70
0.65,-0.05,0.33,-50.06,16.28,-3.57,70
0.58,-0.09,0.34,-50.58,22.13,3.84,70
0.52,-0.12,0.35,-47.90,27.74,10.67,70
0.47,-0.14,0.35,-46.49,33.54,16.77,70
0.45,-0.16,0.34,-46.28,37.77,22.04,70
0.45,-0.18,0.33,-45.46,40.21,25.70,70
0.46,-0.20,0.33,-43.69,41.22,26.59,70
0.48,-0.22,0.33,-42.01,41.31,24.51,70
0.52,-0.23,0.33,-41.28,40.91,20.95,70
0.56,-0.22,0.33,-41.74,39.91,16.16,70
0.61,-0.22,0.34,-43.35,38.14,10.15,70
0.66,-0.22,0.35,-46.89,35.73,2.56,70
0.71,-0.21,0.37,-53.38,32.04,-6.25,70
0.76,-0.20,0.37,-62.23,26.80,-14.85,70
0.80,-0.22,0.38,-69.76,19.33,-21.31,70
0.82,-0.23,0.37,-72.13,10.37,-24.15,70
0.83,-0.24,0.38,-66.49,0.30,-23.75,70
0.83,-0.24,0.38,-52.56,-8.96,-20.12,70
0.84,-0.23,0.39,-31.92,-17.59,-15.00,70
0.86,-0.22,0.41,-7.68,-24.60,-8.72,70
0.89,-0.19,0.42,15.95,-29.15,-1.83,70
0.96,-0.15,0.42,34.48,-31.65,4.24,70
1.05,-0.14,0.43,44.94,-32.41,7.29,70
1.16,-0.14,0.45,46.46,-31.92,6.98,70
1.31,-0.14,0.48,39.63,-30.82,4.85,70
1.43,-0.14,0.50,25.88,-30.70,0.91,70
1.48,-0.15,0.51,7.13,-32.84,-7.01,70
1.46,-0.18,0.52,-13.11,-36.62,-16.16,70
1.37,-0.20,0.53,-27.10,-41.01,-19.51,70
1.26,-0.21,0.51,-27.20,-42.65,-14.76,70
1.13,-0.22,0.48,-9.63,-40.79,-5.73,70
1.02,-0.24,0.43,22.13,-36.55,4.15,70
0.98,-0.24,0.39,59.63,-27.84,14.57,70
1.03,-0.20,0.37,92.23,-17.10,25.82,70
1.15,-0.16,0.38,110.43,-6.19,35.91,70
1.22,-0.12,0.38,110.95,4.73,41.89,70
1.22,-0.10,0.38,95.88,12.99,44.02,70
1.18,-0.09,0.37,68.38,20.70,44.70,70
1.10,-0.07,0.35,36.95,27.62,46.07,70
1.01,-0.08,0.33,13.11,32.41,49.54,70
0.93,-0.12,0.30,3.45,35.40,54.63,70
0.85,-0.15,0.30,4.18,37.10,58.51,70
0.78,-0.17,0.30,9.05,38.32,61.52,70
0.71,-0.18,0.29,14.91,40.34,65.76,70
0.65,-0.19,0.28,20.49,42.10,71.31,70
0.59,-0.19,0.26,26.16,44.12,77.20,70
0.55,-0.18,0.24,32.04,46.31,82.90,70
0.51,-0.17,0.21,37.47,48.11,87.26,70
0.50,-0.16,0.21,41.83,49.33,88.60,70
0.52,-0.15,0.21,43.81,50.76,86.77,70
0.54,-0.15,0.22,42.13,52.62,82.96,70
0.56,-0.14,0.22,35.67,54.21,77.96,70
0.58,-0.13,0.22,24.24,55.00,71.55,70
0.63,-0.14,0.22,9.54,54.33,62.44,70
0.69,-0.16,0.23,-6.37,51.28,49.73,70
0.75,-0.19,0.24,-22.41,45.49,33.35,70
0.81,-0.22,0.26,-38.41,37.56,13.81,70
0.84,-0.27,0.28,-53.63,27.87,-7.10,70
0.84,-0.30,0.29,-65.30,17.56,-26.49,70
0.83,-0.32,0.29,-71.16,6.55,-41.83,70
0.82,-0.33,0.29,-69.12,-5.00,-52.56,70
0.82,-0.32,0.29,-58.54,-17.32,-61.13,70
0.83,-0.30,0.31,-40.95,-29.33,-69.51,70
0.89,-0.28,0.33,-19.48,-40.43,-77.96,70
0.97,-0.26,0.36,2.59,-50.70,-85.49,70
1.11,-0.24,0.40,21.43,-59.09,-90.70,70
1.29,-0.22,0.43,34.63,-64.18,-93.96,70
1.45,-0.20,0.46,42.29,-65.55,-96.34,70
1.56,-0.19,0.48,44.94,-66.31,-98.93,70
1.66,-0.18,0.50,42.04,-66.46,-102.80,70
1.69,-0.16,0.52,35.03,-66.22,-106.92,70
1.60,-0.14,0.53,25.82,-66.62,-108.02,70
1.44,-0.11,0.54,14.66,-65.70,-102.32,70
1.26,-0.09,0.53,3.29,-62.53,-91.31,70
1.14,-0.06,0.50,-3.20,-56.19,-77.90,70
1.09,-0.04,0.47,-1.13,-45.40,-62.01,70
1.11,-0.05,0.46,8.41,-34.48,-44.15,70
1.12,-0.06,0.46,20.49,-26.62,-28.57,70
1.08,-0.08,0.47,30.15,-19.57,-18.08,70
1.02,-0.10,0.47,32.20,-11.10,-10.30,70
0.94,-0.10,0.45,25.34,-2.10,-2.10,70
0.84,-0.09,0.44,12.99,5.52,7.32,70
0.74,-0.10,0.42,0.88,12.01,16.95,70
0.66,-0.11,0.40,-7.38,18.41,24.82,70
0.59,-0.12,0.39,-9.88,24.09,30.37,70
0.53,-0.13,0.37,-8.02,28.75,34.02,70
0.48,-0.14,0.36,-5.55,32.90,36.37,70
0.45,-0.14,0.35,-4.88,36.49,38.81,70
0.41,-0.15,0.33,-6.10,40.03,41.65,70
0.40,-0.15,0.32,-8.48,43.57,44.02,70
0.39,-0.15,0.29,-11.10,46.65,45.46,70
0.40,-0.15,0.28,-13.23,48.45,45.12,70
0.43,-0.15,0.28,-14.66,49.09,42.93,70
0.48,-0.15,0.28,-16.13,49.18,38.66,70
0.55,-0.15,0.30,-19.30,49.27,32.44,70
0.63,-0.15,0.31,-26.04,49.12,23.90,70
0.71,-0.16,0.33,-37.32,47.77,12.90,70
0.78,-0.18,0.34,-52.29,44.27,0.15,70
0.86,-0.20,0.35,-67.53,38.41,-13.14,70
0.91,-0.22,0.36,-80.12,30.79,-23.81,70
0.94,-0.23,0.38,-88.54,20.27,-29.91,70
0.94,-0.24,0.38,-90.37,7.84,-30.64,70
0.92,-0.25,0.39,-82.07,-4.91,-27.20,70
0.93,-0.24,0.40,-62.59,-17.62,-22.26,70
0.97,-0.22,0.42,-33.99,-28.35,-16.71,70
1.05,-0.19,0.45,-1.83,-36.95,-12.32,70
1.18,-0.16,0.47,26.59,-41.62,-10.06,70
1.32,-0.15,0.49,44.82,-43.75,-9.76,70
1.42,-0.15,0.50,50.24,-44.88,-11.49,70
1.47,-0.15,0.50,43.20,-48.02,-15.70,70
1.48,-0.17,0.50,27.87,-54.24,-21.98,70
1.41,-0.20,0.49,12.26,-62.13,-28.11,70
1.29,-0.22,0.48,4.09,-69.15,-30.85,70
1.13,-0.22,0.47,7.65,-71.71,-29.27,70
0.98,-0.21,0.44,24.60,-69.94,-24.18,70
0.91,-0.23,0.39,53.14,-63.51,-15.88,70
0.92,-0.24,0.36,87.38,-53.84,-5.24,70
0.97,-0.22,0.35,118.14,-45.91,4.39,70
1.01,-0.20,0.37,138.72,-37.99,10.76,70
1.03,-0.18,0.38,145.91,-27.01,14.24,70
1.04,-0.15,0.38,137.47,-14.18,17.84,70
1.01,-0.10,0.36,114.79,-1.34,22.38,70
0.97,-0.06,0.34,83.48,10.67,25.30,70
0.92,-0.05,0.31,51.31,20.06,25.37,70
0.87,-0.07,0.31,24.27,27.20,24.18,70
0.79,-0.09,0.31,4.76,32.99,24.05,70
0.71,-0.12,0.31,-8.60,37.93,25.98,70
0.64,-0.14,0.30,-18.60,42.96,29.70,70
0.58,-0.15,0.27,-25.95,47.13,35.61,70
0.54,-0.18,0.25,-28.11,49.36,43.57,70
0.52,-0.20,0.22,-22.80,50.06,51.31,70
0.52,-0.22,0.21,-11.65,50.03,57.26,70
0.54,-0.22,0.20,2.04,49.60,60.85,70
0.58,-0.22,0.21,14.21,49.15,61.65,70
0.63,-0.22,0.21,21.77,47.90,59.63,70
0.70,-0.23,0.23,24.12,45.79,54.79,70
0.79,-0.23,0.24,21.10,43.29,46.68,70
0.88,-0.23,0.26,12.84,39.85,34.70,70
0.94,-0.25,0.28,-0.27,35.00,18.78,70
0.97,-0.27,0.30,-16.25,29.76,3.20,70
0.98,-0.27,0.30,-31.98,24.91,-7.84,70
0.99,-0.27,0.29,-43.38,18.05,-14.51,70
0.98,-0.26,0.28,-47.29,10.79,-18.26,70
1.00,-0.24,0.28,-43.72,3.84,-21.49,70
1.03,-0.24,0.29,-34.76,-2.59,-23.45,70
1.08,-0.23,0.30,-23.05,-9.05,-23.35,70
1.15,-0.21,0.31,-10.79,-15.21,-21.89,70
1.21,-0.20,0.34,0.88,-21.07,-20.76,70
1.30,-0.20,0.38,10.21,-25.18,-21.16,70
1.44,-0.20,0.42,14.82,-26.10,-23.35,70
1.54,-0.18,0.47,14.48,-25.06,-27.20,70
1.55,-0.15,0.49,8.75,-21.89,-33.29,70
1.45,-0.14,0.48,-4.15,-18.41,-41.34,70
1.31,-0.17,0.45,-20.37,-19.97,-48.29,70
1.16,-0.19,0.43,-30.67,-24.30,-50.88,70
1.01,-0.19,0.44,-28.87,-28.11,-49.66,70
0.91,-0.18,0.45,-15.76,-30.00,-46.04,70
0.90,-0.17,0.46,3.84,-28.48,-40.37,70
0.94,-0.16,0.48,23.93,-25.70,-33.05,70
0.97,-0.15,0.49,39.94,-23.69,-25.58,70
0.95,-0.15,0.48,50.40,-20.46,-19.15,70
0.90,-0.15,0.46,55.30,-14.82,-14.05,70
0.85,-0.14,0.43,54.51,-9.30,-10.12,70
0.81,-0.13,0.40,50.37,-4.73,-6.16,70
0.76,-0.12,0.37,46.40,-0.73,-0.64,70
0.70,-0.11,0.35,42.80,3.90,5.67,70
0.65,-0.10,0.34,38.84,9.09,12.07,70
0.63,-0.10,0.33,35.40,14.60,18.17,70
0.62,-0.10,0.33,32.77,19.79,24.27,70
0.61,-0.10,0.33,28.93,23.99,29.09,70
0.60,-0.11,0.33,22.50,27.04,32.35,70
0.60,-0.12,0.33,14.18,29.27,34.54,70
0.59,-0.13,0.33,7.23,30.70,36.19,70
0.58,-0.13,0.34,2.23,32.50,36.13,70
0.56,-0.14,0.34,-3.99,34.82,34.05,70
0.56,-0.15,0.33,-12.93,35.98,31.40,70
0.54,-0.16,0.31,-21.80,34.76,29.60,70
0.51,-0.18,0.29,-25.58,31.22,28.78,70
0.52,-0.19,0.28,-22.23,26.16,26.77,70
0.56,-0.20,0.30,-14.54,19.94,22.16,70
0.62,-0.20,0.33,-6.77,13.57,15.46,70
0.69,-0.21,0.37,-2.35,7.59,7.80,70
0.77,-0.23,0.38,-2.50,1.59,-0.49,70
0.85,-0.24,0.39,-5.43,-6.07,-10.06,70
0.91,-0.26,0.39,-7.41,-15.55,-19.85,70
0.97,-0.27,0.40,-5.67,-26.74,-29.27,70
1.02,-0.28,0.41,0.21,-37.71,-37.07,70
1.10,-0.26,0.44,8.29,-47.87,-42.44,70
1.19,-0.25,0.46,16.07,-57.13,-44.91,70
1.31,-0.24,0.48,23.60,-65.49,-44.30,70
1.43,-0.25,0.49,33.41,-73.14,-42.41,70
1.44,-0.27,0.51,49.15,-79.63,-41.55,70
1.39,-0.28,0.52,68.20,-83.75,-39.45,70
1.31,-0.26,0.51,85.15,-82.26,-30.85,70
1.18,-0.24,0.46,101.10,-77.10,-16.95,70
1.08,-0.22,0.40,120.09,-69.33,-2.20,70
1.07,-0.22,0.35,141.77,-58.45,11.37,70
1.10,-0.20,0.31,161.46,-47.41,23.14,70
1.15,-0.19,0.31,175.46,-38.72,32.93,70
1.18,-0.17,0.32,181.34,-29.76,39.70,70
1.14,-0.14,0.35,174.88,-20.30,43.45,70
1.07,-0.09,0.38,153.32,-10.09,45.70,70
1.00,-0.06,0.38,121.71,2.53,47.62,70
0.91,-0.06,0.37,90.09,13.08,48.51,70
0.84,-0.09,0.35,65.06,20.37,47.62,70
0.77,-0.12,0.34,46.19,27.26,45.95,70
0.72,-0.16,0.33,31.43,33.60,44.73,70
0.67,-0.19,0.31,19.70,39.85,45.27,70
0.62,-0.23,0.26,8.99,45.98,46.83,70
0.58,-0.31,0.17,-0.70,49.54,46.28,70
0.54,-0.39,0.05,-5.49,47.84,44.42,70
0.54,-0.45,-0.03,-3.66,38.90,45.70,70
0.54,-0.49,-0.06,7.29,28.57,54.45,70
0.55,-0.47,-0.08,28.11,24.33,69.36,70
0.58,-0.39,-0.08,52.04,25.00,86.04,70
0.66,-0.32,-0.04,66.92,26.83,100.12,70
0.73,-0.29,0.02,66.83,26.86,108.23,70
0.81,-0.31,0.10,54.57,23.48,110.09,70
0.88,-0.36,0.18,39.73,18.96,108.17,70
0.91,-0.41,0.25,31.52,14.82,104.60,70
0.95,-0.47,0.31,30.46,10.91,101.13,70
0.98,-0.51,0.36,28.81,6.59,99.51,70
0.97,-0.51,0.38,20.27,-0.95,99.05,70
0.94,-0.52,0.39,9.24,-10.79,96.59,70
0.93,-0.55,0.39,8.51,-18.45,89.94,70
0.94,-0.57,0.39,21.28,-22.99,81.37,70
0.94,-0.56,0.39,39.88,-27.62,75.82,70
0.95,-0.55,0.39,57.62,-34.91,73.05,70
0.97,-0.54,0.42,74.39,-42.96,69.21,70
1.01,-0.54,0.45,91.77,-50.24,62.07,70
1.08,-0.52,0.50,106.95,-56.49,52.93,70
1.17,-0.50,0.51,112.80,-62.71,41.74,70
1.24,-0.48,0.48,106.40,-69.42,29.48,70
1.28,-0.48,0.43,91.74,-79.73,19.48,70
1.24,-0.47,0.41,79.15,-91.46,12.44,70
1.12,-0.44,0.40,77.62,-96.31,5.98,70
0.98,-0.38,0.36,84.05,-89.42,-0.67,70
0.88,-0.33,0.29,86.71,-73.08,-2.96,70
0.86,-0.28,0.21,80.64,-56.74,0.85,70
0.90,-0.25,0.18,70.43,-46.34,5.46,70
0.95,-0.28,0.20,62.29,-39.15,4.30,70
0.96,-0.34,0.24,61.31,-31.55,-1.07,70
0.92,-0.33,0.30,65.40,-24.33,-4.42,70
0.85,-0.27,0.36,61.68,-17.93,-5.30,70
0.77,-0.24,0.38,44.54,-11.71,-6.92,70
0.70,-0.25,0.35,24.18,-7.50,-11.07,70
0.65,-0.29,0.32,11.01,-6.25,-17.10,70
0.64,-0.32,0.31,7.07,-8.08,-22.04,70
0.62,-0.35,0.31,10.52,-9.57,-23.29,70
0.60,-0.37,0.31,19.12,-9.54,-20.43,70
0.57,-0.37,0.30,31.22,-8.38,-15.52,70
0.55,-0.37,0.29,44.54,-5.76,-11.86,70
0.57,-0.37,0.28,53.96,-2.41,-11.62,70
0.62,-0.38,0.27,55.06,-1.52,-13.26,70
0.68,-0.40,0.27,50.91,-2.35,-13.02,70
0.73,-0.40,0.25,49.97,-1.43,-10.00,70
0.77,-0.40,0.24,55.18,1.04,-5.95,70
0.80,-0.38,0.23,62.80,3.66,-1.55,70
0.82,-0.35,0.22,66.46,5.61,3.35,70
0.85,-0.34,0.23,64.73,4.91,7.32,70
0.88,-0.35,0.24,62.26,2.04,9.48,70
0.90,-0.36,0.28,61.86,-0.49,10.21,70
0.89,-0.33,0.30,59.88,-1.95,10.67,70
0.86,-0.30,0.30,51.95,-3.51,10.64,70
0.83,-0.31,0.29,41.04,-6.31,10.79,70
0.80,-0.33,0.28,35.55,-10.30,11.68,70
0.79,-0.32,0.29,39.54,-14.15,12.65,70
0.77,-0.30,0.32,47.99,-15.37,12.84,70
0.75,-0.27,0.35,51.62,-14.45,12.10,70
0.74,-0.26,0.36,47.01,-11.74,11.59,70
0.74,-0.28,0.37,38.35,-11.16,11.04,70
0.76,-0.32,0.39,32.93,-12.65,10.82,70
0.76,-0.34,0.42,34.70,-14.82,10.40,70
0.76,-0.32,0.44,40.52,-15.64,10.34,70
0.76,-0.29,0.46,45.64,-15.30,10.61,70
0.78,-0.26,0.47,47.01,-14.66,11.31,70
0.78,-0.25,0.46,42.77,-14.48,12.32,70
0.78,-0.26,0.46,34.94,-16.19,12.71,70
0.79,-0.28,0.46,29.70,-18.41,12.50,70
0.81,-0.31,0.46,32.32,-21.07,11.92,70
0.83,-0.31,0.48,43.54,-24.05,11.04,70
0.83,-0.25,0.51,54.18,-25.55,10.00,70
0.82,-0.21,0.53,54.57,-26.07,8.60,70
0.79,-0.21,0.50,44.51,-27.50,6.55,70
0.77,-0.21,0.51,33.48,-30.95,5.00,70
0.79,-0.23,0.53,27.93,-33.41,4.82,70
0.78,-0.28,0.51,32.84,-32.35,4.24,70
0.81,-0.29,0.52,48.23,-32.65,3.45,70
0.86,-0.25,0.53,64.24,-32.65,5.40,70
0.93,-0.22,0.52,74.05,-32.04,7.84,70
0.98,-0.23,0.50,77.93,-31.52,6.62,70
1.06,-0.21,0.50,78.08,-30.15,2.84,70
1.15,-0.16,0.48,71.34,-26.22,-1.43,70
1.24,-0.21,0.43,60.21,-22.07,-6.62,70
1.34,-0.31,0.37,54.42,-18.99,-12.50,70
1.38,-0.37,0.28,57.07,-14.27,-16.07,70
1.32,-0.33,0.21,61.16,-9.70,-12.04,70
1.27,-0.28,0.14,59.88,-5.40,-1.83,70
1.22,-0.31,0.04,55.34,-3.20,5.91,70
1.17,-0.30,0.04,55.88,-6.04,7.53,70
1.09,-0.29,0.09,59.18,-8.20,7.32,70
0.96,-0.35,0.13,60.55,-8.26,7.32,70
0.85,-0.35,0.13,59.51,-10.06,6.86,70
0.78,-0.31,0.11,58.60,-11.74,11.01,70
0.73,-0.32,0.10,60.73,-13.99,17.32,70
0.70,-0.34,0.10,68.32,-17.26,17.84,70
0.70,-0.36,0.10,80.67,-19.70,13.99,70
0.71,-0.36,0.11,95.30,-21.25,13.29,70
0.72,-0.35,0.11,109.60,-22.56,15.73,70
0.75,-0.33,0.11,120.79,-23.38,17.53,70
0.82,-0.31,0.12,127.80,-23.41,18.17,70
0.87,-0.29,0.14,129.79,-22.26,18.66,70
0.91,-0.26,0.16,126.13,-19.57,18.38,70
0.93,-0.25,0.18,116.10,-16.43,17.23,70
0.95,-0.24,0.20,101.55,-13.63,15.95,70
0.94,-0.24,0.21,85.67,-11.49,14.70,70
0.93,-0.25,0.23,71.22,-9.24,13.17,70
0.93,-0.25,0.24,59.48,-6.62,11.68,70
0.91,-0.24,0.26,48.81,-4.42,11.16,70
0.89,-0.24,0.26,37.96,-2.56,12.13,70
0.88,-0.23,0.26,28.87,-1.19,14.24,70
0.87,-0.24,0.26,24.24,-0.37,16.55,70
0.86,-0.25,0.26,24.97,0.06,18.63,70
0.87,-0.26,0.26,29.36,0.12,20.55,70
0.88,-0.27,0.27,35.37,-0.30,22.32,70
0.90,-0.27,0.28,42.65,-1.19,23.75,70
0.92,-0.27,0.29,50.67,-2.07,24.73,70
0.96,-0.26,0.30,57.56,-2.47,25.03,70
1.01,-0.24,0.31,60.85,-2.96,24.33,70
1.07,-0.23,0.33,59.21,-3.38,22.68,70
1.14,-0.21,0.34,53.51,-3.60,19.73,70
1.23,-0.20,0.36,44.51,-3.38,15.03,70
1.33,-0.16,0.38,30.73,-1.92,10.00,70
1.40,-0.14,0.41,10.49,-0.49,5.27,70
1.46,-0.14,0.41,-13.81,0.03,0.58,70
1.49,-0.16,0.39,-34.54,-0.34,-4.94,70
1.51,-0.21,0.37,-45.27,-2.41,-10.24,70
1.46,-0.27,0.36,-41.55,-6.92,-14.18,70
1.40,-0.31,0.37,-22.41,-12.38,-16.46,70
1.31,-0.29,0.38,7.90,-13.51,-12.74,70
1.21,-0.20,0.35,39.36,-9.88,-1.16,70
1.09,-0.08,0.33,58.48,-2.59,16.04,70
1.03,-0.01,0.30,60.73,7.20,34.05,70
1.06,0.00,0.28,53.87,16.19,47.23,70
1.10,-0.02,0.28,47.20,19.60,52.47,70
1.14,-0.08,0.31,46.43,19.18,51.86,70
1.14,-0.12,0.36,47.93,21.92,47.74,70
1.09,-0.14,0.39,43.78,28.90,43.05,70
1.01,-0.14,0.37,29.70,36.83,41.40,70
0.93,-0.13,0.32,10.91,41.68,45.24,70
0.85,-0.13,0.28,0.61,42.71,52.68,70
0.77,-0.13,0.25,5.58,42.13,59.48,70
0.71,-0.14,0.25,20.18,41.83,61.01,70
0.67,-0.15,0.27,34.05,41.52,57.80,70
0.63,-0.16,0.28,41.89,40.37,55.15,70
0.59,-0.17,0.27,44.73,37.59,56.22,70
0.56,-0.17,0.26,46.65,34.57,58.84,70
0.53,-0.17,0.25,50.00,32.01,60.09,70
0.51,-0.17,0.23,54.82,29.51,59.24,70
0.52,-0.17,0.23,59.97,26.62,57.13,70
0.54,-0.18,0.23,64.54,23.23,54.15,70
0.56,-0.16,0.24,67.50,20.61,50.79,70
0.56,-0.15,0.24,65.91,19.70,47.38,70
0.56,-0.14,0.23,58.29,18.17,43.54,70
0.55,-0.14,0.22,47.41,14.94,39.27,70
0.56,-0.16,0.22,38.48,9.85,33.78,70
0.59,-0.18,0.23,33.87,3.96,26.34,70
0.63,-0.19,0.25,30.95,-2.29,17.44,70
0.68,-0.20,0.27,25.95,-8.81,7.99,70
0.72,-0.21,0.28,18.81,-16.25,-1.19,70
0.75,-0.22,0.29,11.01,-24.82,-9.57,70
0.78,-0.22,0.30,5.43,-35.06,-16.92,70
0.83,-0.22,0.32,4.05,-45.18,-23.84,70
0.91,-0.22,0.34,6.49,-54.94,-31.59,70
1.03,-0.20,0.37,9.79,-62.87,-38.96,70
1.17,-0.18,0.40,9.85,-69.21,-43.54,70
1.33,-0.17,0.42,5.58,-75.34,-45.76,70
1.46,-0.18,0.45,-0.24,-79.63,-48.57,70
1.57,-0.21,0.48,-2.68,-82.74,-53.35,70
1.58,-0.22,0.50,0.43,-84.54,-58.84,70
1.51,-0.20,0.51,5.82,-82.93,-59.97,70
1.39,-0.16,0.49,9.42,-76.89,-52.77,70
1.25,-0.13,0.44,12.65,-68.48,-39.76,70
1.17,-0.11,0.38,19.24,-59.94,-25.73,70
1.18,-0.11,0.33,29.91,-51.01,-13.08,70
1.23,-0.12,0.33,43.17,-45.21,-4.18,70
1.24,-0.16,0.35,58.57,-45.12,0.67,70
1.20,-0.20,0.41,73.23,-43.63,5.30,70
1.15,-0.21,0.45,80.91,-37.26,12.53,70
1.07,-0.18,0.45,79.70,-30.15,22.16,70
0.98,-0.15,0.43,74.21,-23.38,32.68,70
0.90,-0.13,0.40,70.85,-15.73,41.46,70
0.83,-0.12,0.37,70.27,-8.51,46.49,70
0.78,-0.11,0.36,69.27,-1.49,49.39,70
0.72,-0.11,0.35,65.91,5.91,52.35,70
0.67,-0.11,0.34,60.55,13.48,55.67,70
0.61,-0.10,0.33,53.32,21.10,58.78,70
0.55,-0.10,0.31,44.85,28.75,61.22,70
0.51,-0.10,0.30,35.46,36.13,63.17,70
0.48,-0.10,0.28,26.55,42.38,64.97,70
0.46,-0.11,0.26,19.51,46.98,66.04,70
0.45,-0.13,0.24,14.88,49.76,65.64,70
0.46,-0.15,0.24,12.04,50.12,62.87,70
0.48,-0.18,0.24,10.85,48.08,57.44,70
0.52,-0.20,0.25,10.46,43.96,49.30,70
0.58,-0.24,0.26,10.09,38.54,37.93,70
0.65,-0.29,0.29,9.66,31.92,23.54,70
0.75,-0.31,0.32,8.75,25.18,7.44,70
0.84,-0.32,0.35,5.37,20.18,-8.51,70
0.92,-0.29,0.37,-4.15,16.95,-23.78,70
0.98,-0.26,0.37,-20.61,13.93,-36.68,70
1.04,-0.25,0.35,-37.56,9.51,-46.71,70
1.09,-0.25,0.34,-47.93,5.91,-53.20,70
1.14,-0.24,0.34,-52.01,3.60,-56.10,70
1.17,-0.21,0.35,-54.66,2.80,-53.32,70
1.21,-0.19,0.34,-57.32,0.85,-46.71,70
1.27,-0.18,0.34,-55.98,-1.59,-38.45,70
1.36,-0.17,0.36,-48.20,-4.51,-30.03,70
1.49,-0.15,0.39,-36.92,-6.49,-23.96,70
1.62,-0.17,0.42,-28.99,-8.48,-22.65,70
1.69,-0.23,0.46,-27.23,-13.48,-26.80,70
1.65,-0.30,0.50,-26.49,-21.01,-34.24,70
1.49,-0.32,0.51,-22.01,-24.21,-39.82,70
1.32,-0.30,0.48,-13.51,-24.02,-40.00,70
1.17,-0.24,0.44,-3.78,-21.19,-35.79,70
1.04,-0.17,0.41,4.30,-15.70,-28.26,70
0.98,-0.12,0.38,11.22,-8.57,-19.02,70
0.97,-0.08,0.37,17.38,-1.07,-10.37,70
0.95,-0.05,0.36,20.34,4.79,-4.24,70
0.91,-0.07,0.36,18.23,8.57,-1.07,70
0.86,-0.10,0.36,13.45,12.10,-0.43,70
0.81,-0.12,0.36,8.08,16.55,-0.61,70
0.74,-0.13,0.35,2.47,21.13,0.30,70
0.66,-0.13,0.34,-4.54,25.91,3.32,70
0.59,-0.13,0.33,-11.89,30.06,7.99,70
0.53,-0.12,0.31,-15.49,32.90,12.74,70
0.49,-0.13,0.29,-13.45,34.48,16.19,70
0.46,-0.14,0.29,-8.81,35.43,17.29,70
0.45,-0.14,0.29,-6.31,35.43,17.07,70
0.44,-0.14,0.29,-7.47,34.60,16.68,70
0.43,-0.15,0.29,-11.10,33.51,16.01,70
0.43,-0.16,0.28,-15.15,32.56,14.24,70
0.44,-0.16,0.27,-18.66,31.01,10.88,70
0.47,-0.17,0.27,-21.92,28.29,6.28,70
0.50,-0.18,0.26,-25.03,24.21,0.03,70
0.54,-0.20,0.28,-28.08,18.54,-8.23,70
0.57,-0.23,0.29,-30.88,11.34,-18.87,70
0.63,-0.25,0.30,-33.35,2.77,-30.95,70
0.69,-0.27,0.32,-35.52,-6.31,-42.35,70
0.74,-0.27,0.34,-37.26,-16.07,-52.16,70
0.80,-0.26,0.35,-38.11,-25.61,-60.49,70
0.85,-0.25,0.37,-36.13,-35.15,-66.83,70
0.86,-0.24,0.38,-30.37,-43.32,-69.09,70
0.86,-0.22,0.38,-21.34,-50.64,-66.74,70
0.90,-0.20,0.38,-10.46,-56.62,-61.77,70
0.93,-0.19,0.37,2.84,-61.25,-56.31,70
0.99,-0.19,0.37,18.93,-65.46,-51.80,70
1.06,-0.18,0.39,34.66,-67.38,-47.80,70
1.13,-0.17,0.41,44.63,-66.55,-42.96,70
1.22,-0.16,0.43,44.97,-64.39,-37.10,70
1.32,-0.16,0.43,36.59,-62.32,-32.01,70
1.44,-0.17,0.44,25.64,-62.38,-29.27,70
1.56,-0.20,0.47,18.08,-63.45,-27.90,70
1.59,-0.21,0.50,16.16,-63.54,-27.44,70
1.54,-0.21,0.52,17.38,-60.76,-24.42,70
1.39,-0.19,0.50,17.96,-53.17,-12.93,70
1.20,-0.17,0.44,22.13,-43.32,4.05,70
1.07,-0.14,0.36,34.97,-32.16,21.40,70
1.04,-0.13,0.30,52.87,-19.39,38.29,70
1.10,-0.13,0.27,68.75,-7.74,52.65,70
1.18,-0.16,0.25,82.07,-0.43,60.34,70
1.19,-0.21,0.29,95.88,2.77,62.01,70
1.13,-0.20,0.24,109.12,8.51,62.99,70
1.08,-0.06,0.29,118.41,19.45,64.60,70
1.02,0.00,0.37,113.45,28.08,64.05,70
0.95,-0.04,0.36,90.34,36.25,61.40,70
0.90,-0.01,0.38,50.88,42.84,58.81,70
0.85,-0.03,0.34,6.40,48.08,59.15,70
0.80,-0.14,0.28,-24.91,49.51,59.57,70
0.77,-0.22,0.25,-33.84,50.40,58.02,70
0.75,-0.25,0.24,-25.37,54.18,58.23,70
0.70,-0.26,0.21,-10.40,59.36,61.71,70
0.66,-0.23,0.19,3.35,63.78,65.12,70
0.62,-0.20,0.18,12.38,68.11,67.74,70
0.60,-0.17,0.17,17.04,71.10,69.85,70
0.60,-0.16,0.19,18.14,71.92,70.43,70
0.60,-0.16,0.20,16.65,70.91,68.35,70
0.62,-0.17,0.21,13.93,67.99,63.78,70
0.64,-0.19,0.23,10.79,63.32,57.53,70
0.67,-0.21,0.23,7.38,58.69,50.09,70
0.70,-0.22,0.24,2.93,54.12,41.89,70
0.74,-0.24,0.24,-3.02,48.63,33.02,70
0.77,-0.25,0.25,-9.27,42.71,23.63,70
0.79,-0.24,0.25,-15.52,36.77,13.93,70
0.80,-0.24,0.25,-22.10,30.91,4.02,70
0.81,-0.24,0.25,-28.84,24.33,-5.40,70
0.82,-0.24,0.24,-34.48,16.83,-14.36,70
0.85,-0.24,0.24,-37.59,9.30,-22.26,70
0.90,-0.25,0.24,-37.26,1.19,-30.18,70
0.94,-0.27,0.26,-33.35,-7.23,-38.45,70
0.98,-0.26,0.27,-27.62,-14.60,-45.67,70
1.03,-0.24,0.29,-22.96,-21.04,-51.10,70
1.12,-0.23,0.30,-20.24,-27.65,-56.01,70
1.25,-0.23,0.32,-18.35,-34.60,-62.80,70
1.39,-0.23,0.35,-17.07,-40.70,-71.31,70
1.50,-0.24,0.38,-17.53,-46.62,-80.82,70
1.55,-0.25,0.41,-20.76,-52.99,-91.83,70
1.56,-0.26,0.42,-26.04,-59.30,-102.90,70
1.54,-0.29,0.44,-27.50,-66.13,-112.07,70
1.46,-0.28,0.46,-19.45,-71.13,-117.29,70
1.32,-0.24,0.47,-5.95,-71.37,-116.28,70
1.17,-0.19,0.46,4.57,-68.35,-107.93,70
1.07,-0.14,0.43,10.85,-62.44,-93.69,70
1.03,-0.10,0.39,16.13,-53.57,-75.95,70
1.03,-0.09,0.37,22.56,-46.16,-58.72,70
1.03,-0.11,0.37,32.29,-41.95,-47.07,70
1.02,-0.13,0.39,44.70,-37.41,-41.46,70
0.99,-0.13,0.41,51.49,-30.06,-37.16,70
0.92,-0.13,0.42,45.61,-21.71,-30.76,70
0.82,-0.12,0.40,29.24,-13.26,-23.17,70
0.76,-0.11,0.37,10.24,-4.85,-15.27,70
0.71,-0.11,0.36,-3.81,2.44,-7.65,70
0.68,-0.13,0.36,-10.67,8.26,-1.80,70
0.64,-0.15,0.37,-12.47,14.24,1.59,70
0.60,-0.16,0.37,-13.93,20.70,3.72,70
0.58,-0.15,0.36,-17.77,27.23,7.53,70
0.55,-0.14,0.34,-23.69,33.60,12.84,70
0.53,-0.15,0.31,-29.70,39.18,17.35,70
0.52,-0.15,0.29,-33.99,43.72,21.04,70
0.52,-0.15,0.28,-35.70,47.41,24.66,70
0.55,-0.15,0.27,-35.49,50.70,27.80,70
0.58,-0.15,0.27,-35.79,53.02,29.42,70
0.63,-0.15,0.27,-37.90,54.18,29.09,70
0.67,-0.16,0.27,-41.89,53.99,27.35,70
0.74,-0.17,0.28,-47.59,51.80,23.93,70
0.80,-0.19,0.29,-54.60,47.56,18.75,70
0.85,-0.21,0.31,-61.71,40.98,12.07,70
0.87,-0.24,0.32,-67.56,32.44,6.22,70
0.88,-0.25,0.33,-70.43,22.07,3.90,70
0.87,-0.25,0.34,-69.21,11.07,4.76,70
0.86,-0.24,0.35,-62.56,0.91,7.13,70
0.87,-0.21,0.38,-50.06,-7.47,8.48,70
0.88,-0.17,0.40,-35.52,-12.80,7.80,70
0.88,-0.16,0.39,-26.80,-16.46,5.06,70
0.91,-0.18,0.39,-24.94,-22.62,1.10,70
0.98,-0.18,0.38,-25.06,-27.74,-1.28,70
1.07,-0.18,0.37,-22.41,-31.19,-2.62,70
1.18,-0.19,0.37,-16.25,-33.66,-6.52,70
1.27,-0.21,0.39,-9.39,-35.55,-13.48,70
1.35,-0.23,0.44,-5.73,-40.09,-21.34,70
1.40,-0.25,0.48,-4.91,-46.04,-27.65,70
1.39,-0.24,0.50,-1.10,-49.66,-28.72,70
1.32,-0.22,0.49,10.30,-50.15,-24.39,70
1.22,-0.19,0.44,27.87,-45.67,-16.07,70
1.14,-0.16,0.39,47.01,-38.45,-5.12,70
1.13,-0.15,0.34,64.79,-30.79,6.71,70
1.17,-0.15,0.31,80.18,-24.97,16.74,70
1.20,-0.18,0.30,94.18,-23.11,22.01,70
1.19,-0.22,0.32,109.21,-22.41,23.81,70
1.17,-0.22,0.36,121.07,-17.90,26.52,70
1.15,-0.17,0.38,121.31,-9.45,32.20,70
1.11,-0.12,0.37,107.80,-1.19,38.23,70
1.03,-0.11,0.36,89.30,4.91,41.19,70
0.96,-0.12,0.34,73.87,10.61,41.28,70
0.90,-0.13,0.33,60.79,16.71,40.70,70
0.84,-0.13,0.32,47.84,22.71,41.25,70
0.78,-0.13,0.30,36.13,28.45,43.45,70
0.72,-0.14,0.28,27.50,33.81,45.73,70
0.65,-0.15,0.26,22.16,38.66,47.38,70
0.60,-0.15,0.25,18.45,43.17,48.93,70
0.55,-0.14,0.24,15.09,46.98,51.19,70
0.51,-0.14,0.23,11.74,49.79,53.72,70
0.50,-0.16,0.22,9.82,51.16,55.46,70
0.49,-0.17,0.21,10.06,51.37,55.58,70
0.50,-0.19,0.21,11.59,50.58,53.72,70
0.53,-0.20,0.21,13.41,48.38,49.97,70
0.56,-0.22,0.22,15.30,45.21,44.42,70
0.61,-0.24,0.22,16.86,41.22,36.74,70
0.67,-0.26,0.23,16.92,36.10,26.95,70
0.75,-0.29,0.25,15.82,29.05,15.06,70
0.83,-0.30,0.27,13.60,21.68,1.37,70
0.87,-0.29,0.30,8.54,15.67,-13.38,70
0.89,-0.27,0.31,-2.35,10.30,-26.40,70
0.88,-0.24,0.29,-18.08,4.12,-35.00,70
0.89,-0.21,0.28,-33.17,-2.26,-39.12,70
0.91,-0.20,0.26,-43.51,-8.32,-41.25,70
0.95,-0.22,0.26,-47.53,-15.27,-44.21,70
0.98,-0.24,0.27,-44.36,-22.01,-46.98,70
1.02,-0.25,0.28,-34.39,-28.32,-46.92,70
1.10,-0.25,0.31,-21.62,-33.08,-44.27,70
1.19,-0.24,0.34,-9.33,-37.29,-41.07,70
1.32,-0.23,0.38,0.55,-40.49,-39.02,70
1.47,-0.21,0.42,6.62,-40.49,-38.20,70
1.57,-0.18,0.46,6.86,-39.91,-38.17,70
1.59,-0.17,0.48,-0.70,-40.76,-40.91,70
1.58,-0.18,0.50,-14.12,-43.29,-47.50,70
1.50,-0.20,0.52,-25.61,-46.46,-55.06,70
1.38,-0.18,0.55,-31.86,-46.62,-59.12,70
1.20,-0.14,0.55,-38.41,-42.38,-59.51,70
1.04,-0.14,0.52,-48.32,-36.55,-59.09,70
0.95,-0.17,0.47,-53.29,-30.00,-57.04,70
0.93,-0.18,0.42,-44.18,-22.53,-49.33,70
0.94,-0.19,0.40,-21.07,-15.73,-35.98,70
0.94,-0.19,0.41,8.29,-10.24,-24.66,70
0.94,-0.20,0.43,33.99,-5.21,-20.58,70
0.92,-0.20,0.44,49.18,1.19,-17.77,70
0.89,-0.19,0.42,52.53,8.78,-10.95,70
0.85,-0.16,0.40,49.12,16.25,-1.95,70
0.80,-0.11,0.39,44.73,23.54,5.82,70
0.75,-0.08,0.38,38.60,31.71,11.59,70
0.70,-0.04,0.38,25.30,40.73,15.61,70
0.65,-0.03,0.37,3.35,48.96,19.18,70
0.61,-0.05,0.34,-21.28,55.46,23.78,70
0.59,-0.08,0.30,-39.94,60.18,29.48,70
0.56,-0.11,0.28,-48.20,62.90,34.54,70
0.54,-0.14,0.26,-47.77,63.99,38.45,70
0.52,-0.16,0.25,-43.11,64.85,41.68,70
0.51,-0.17,0.24,-38.14,64.82,44.63,70
0.50,-0.18,0.23,-33.87,62.50,46.46,70
0.52,-0.20,0.23,-29.36,58.20,46.40,70
0.54,-0.21,0.24,-24.54,52.47,43.78,70
0.58,-0.23,0.25,-20.34,44.76,38.17,70
0.63,-0.24,0.27,-17.93,35.49,29.60,70
0.67,-0.26,0.30,-18.29,24.36,18.17,70
0.72,-0.28,0.33,-21.13,11.77,4.63,70
0.76,-0.28,0.38,-24.70,-0.98,-8.72,70
0.78,-0.25,0.41,-28.84,-10.70,-19.12,70
0.75,-0.20,0.43,-36.01,-17.41,-26.37,70
0.70,-0.15,0.40,-45.91,-21.65,-31.04,70
0.68,-0.14,0.36,-55.79,-25.73,-35.43,70
0.67,-0.16,0.33,-60.37,-31.04,-40.15,70
0.72,-0.19,0.33,-56.22,-38.38,-45.40,70
0.82,-0.20,0.36,-45.18,-45.58,-51.74,70
0.94,-0.20,0.43,-32.77,-48.81,-59.85,70
1.08,-0.22,0.47,-26.28,-47.93,-68.48,70
1.19,-0.23,0.46,-26.40,-47.20,-73.11,70
1.30,-0.22,0.46,-29.45,-48.99,-71.07,70
1.41,-0.21,0.46,-30.82,-52.16,-65.55,70
1.54,-0.21,0.48,-24.73,-56.01,-62.10,70
1.64,-0.24,0.53,-8.99,-57.44,-62.29,70
1.64,-0.24,0.58,9.82,-56.59,-59.70,70
1.52,-0.22,0.56,22.74,-51.25,-47.53,70
1.33,-0.18,0.49,28.41,-41.28,-27.04,70
1.21,-0.15,0.39,33.60,-29.27,-4.88,70
1.19,-0.14,0.30,44.12,-16.49,15.91,70
1.22,-0.14,0.25,61.01,-8.41,32.93,70
1.21,-0.16,0.24,83.23,-6.22,43.99,70
1.16,-0.18,0.28,105.73,-4.27,49.73,70
1.09,-0.18,0.35,117.96,2.47,55.12,70
1.03,-0.14,0.37,113.20,12.01,62.68,70
0.99,-0.13,0.37,94.97,20.09,69.18,70
0.92,-0.13,0.36,75.09,25.37,72.04,70
0.84,-0.14,0.35,60.18,29.48,72.10,70
0.77,-0.15,0.34,48.48,33.54,70.46,70
0.71,-0.15,0.33,36.34,37.10,67.77,70
0.65,-0.16,0.30,23.96,40.37,65.79,70
0.60,-0.16,0.27,14.18,43.20,65.06,70
0.56,-0.16,0.24,8.48,45.12,64.51,70
0.53,-0.17,0.23,6.83,46.62,63.20,70
0.53,-0.18,0.22,7.80,47.44,60.43,70
0.54,-0.20,0.22,9.48,47.16,56.43,70
0.56,-0.21,0.23,11.22,45.67,51.68,70
0.57,-0.21,0.23,12.53,44.21,46.07,70
0.59,-0.20,0.24,11.22,42.50,39.60,70
0.61,-0.20,0.24,6.34,39.63,33.05,70
0.64,-0.20,0.25,-0.49,35.85,26.25,70
0.68,-0.21,0.25,-7.26,30.98,18.69,70
0.73,-0.22,0.26,-12.80,25.40,9.91,70
0.78,-0.23,0.27,-17.47,19.66,-0.09,70
0.81,-0.24,0.28,-22.71,14.02,-9.45,70
0.81,-0.24,0.27,-28.96,8.29,-16.80,70
0.80,-0.23,0.27,-34.63,1.68,-21.74,70
0.81,-0.23,0.25,-37.29,-5.24,-25.21,70
0.82,-0.23,0.27,-34.97,-12.32,-28.54,70
0.83,-0.22,0.29,-28.93,-18.05,-32.10,70
0.82,-0.21,0.30,-23.72,-21.95,-35.03,70
0.82,-0.21,0.30,-22.41,-26.13,-36.92,70
0.85,-0.23,0.29,-21.98,-31.34,-37.99,70
0.90,-0.24,0.30,-17.20,-36.92,-39.91,70
0.96,-0.25,0.33,-6.80,-41.80,-44.48,70
1.05,-0.25,0.37,3.20,-45.91,-51.25,70
1.15,-0.25,0.40,6.65,-49.15,-59.12,70
1.23,-0.25,0.43,4.57,-52.35,-67.53,70
1.26,-0.24,0.45,0.73,-54.45,-74.73,70
1.28,-0.22,0.45,-4.42,-55.67,-78.51,70
1.37,-0.20,0.47,-10.15,-56.83,-80.09,70
1.48,-0.19,0.50,-11.74,-57.47,-82.35,70
1.53,-0.19,0.52,-5.85,-58.90,-85.49,70
1.56,-0.21,0.56,1.62,-59.12,-88.38,70
1.60,-0.22,0.58,5.91,-57.10,-88.54,70
1.60,-0.22,0.59,10.61,-54.60,-85.61,70
1.51,-0.21,0.58,18.72,-49.85,-80.15,70
1.34,-0.18,0.57,26.52,-42.71,-72.44,70
1.16,-0.13,0.54,27.71,-33.17,-61.80,70
1.01,-0.07,0.50,20.98,-19.33,-48.45,70
0.93,-0.03,0.43,9.73,-1.52,-32.50,70
0.92,0.00,0.37,-2.41,14.42,-15.95,70
0.92,-0.03,0.32,-10.09,24.73,-3.41,70
0.92,-0.09,0.30,-9.09,31.92,0.70,70
0.91,-0.13,0.31,-3.93,39.12,1.65,70
0.88,-0.13,0.34,-5.76,48.20,5.88,70
0.82,-0.12,0.35,-19.30,57.44,12.41,70
0.75,-0.13,0.34,-39.39,65.27,19.12,70
0.68,-0.14,0.31,-56.52,71.95,26.59,70
0.61,-0.13,0.28,-65.40,77.56,35.76,70
0.56,-0.13,0.26,-67.68,80.85,45.64,70
0.52,-0.13,0.24,-66.10,81.92,53.84,70
0.49,-0.15,0.23,-62.20,80.88,59.60,70
0.48,-0.17,0.23,-55.49,79.24,64.45,70
0.48,-0.18,0.22,-46.37,77.93,68.96,70
0.49,-0.18,0.22,-36.92,76.59,73.20,70
0.50,-0.19,0.21,-28.99,74.18,76.01,70
0.54,-0.19,0.22,-22.01,70.37,76.43,70
0.58,-0.20,0.23,-15.98,65.58,73.81,70
0.64,-0.20,0.25,-11.10,59.30,67.38,70
0.70,-0.21,0.28,-9.15,51.37,57.32,70
0.75,-0.21,0.31,-11.43,42.44,45.43,70
0.80,-0.21,0.35,-18.29,32.38,33.05,70
0.81,-0.20,0.39,-27.93,22.80,21.68,70
0.80,-0.18,0.41,-38.05,14.36,12.35,70
0.78,-0.17,0.40,-46.46,6.59,4.79,70
0.75,-0.17,0.38,-50.43,-1.62,-1.98,70
0.72,-0.17,0.37,-48.75,-10.61,-8.05,70
0.72,-0.17,0.38,-41.59,-18.45,-12.65,70
0.72,-0.17,0.38,-30.34,-25.03,-16.92,70
0.73,-0.18,0.39,-17.29,-31.98,-22.20,70
0.76,-0.19,0.41,-5.49,-38.45,-27.90,70
0.79,-0.18,0.42,2.80,-44.82,-32.93,70
0.84,-0.18,0.44,7.68,-51.19,-38.29,70
0.92,-0.18,0.45,10.73,-56.34,-45.09,70
1.04,-0.18,0.45,12.32,-60.40,-53.41,70
1.19,-0.20,0.46,12.04,-65.15,-62.23,70
1.37,-0.22,0.48,10.95,-71.98,-72.26,70
1.55,-0.24,0.51,10.30,-78.84,-84.88,70
1.66,-0.25,0.55,10.06,-83.29,-97.50,70
1.64,-0.25,0.57,8.20,-84.48,-102.96,70
1.52,-0.22,0.55,5.85,-82.32,-96.98,70
1.34,-0.18,0.51,7.38,-75.91,-83.23,70
1.17,-0.14,0.43,16.71,-66.07,-66.95,70
1.11,-0.13,0.36,32.96,-52.90,-49.51,70
1.13,-0.13,0.31,51.13,-39.73,-31.80,70
1.19,-0.13,0.28,66.40,-31.31,-16.43,70
1.19,-0.15,0.29,77.77,-28.20,-5.98,70
1.15,-0.19,0.33,85.12,-25.49,1.49,70
1.09,-0.19,0.37,86.01,-18.84,10.09,70
1.02,-0.16,0.38,77.50,-10.06,21.55,70
0.94,-0.14,0.38,63.60,-3.26,33.20,70
0.86,-0.14,0.37,53.23,1.95,42.32,70
0.78,-0.15,0.36,49.18,7.99,48.05,70
0.71,-0.16,0.35,47.44,13.75,51.92,70
0.65,-0.16,0.34,44.42,18.93,55.88,70
0.60,-0.17,0.32,40.55,24.18,60.49,70
0.57,-0.17,0.29,37.32,28.45,64.57,70
0.54,-0.17,0.28,35.85,32.59,66.68,70
0.53,-0.17,0.27,35.30,36.59,66.83,70
0.51,-0.18,0.26,34.48,39.73,65.58,70
0.51,-0.19,0.26,32.80,42.04,63.38,70
0.54,-0.22,0.26,31.83,43.96,60.46,70
0.60,-0.27,0.27,33.60,46.13,57.38,70
0.67,-0.29,0.28,37.68,47.68,55.85,70
0.75,-0.30,0.30,40.73,47.20,54.85,70
0.80,-0.31,0.31,42.29,45.95,51.46,70
0.84,-0.31,0.33,42.47,44.48,43.87,70
0.88,-0.29,0.35,36.77,43.75,36.10,70
0.91,-0.26,0.36,22.07,43.05,30.95,70
0.93,-0.25,0.36,0.34,40.67,26.40,70
0.93,-0.25,0.34,-21.55,37.53,21.68,70
0.91,-0.27,0.33,-37.50,34.33,18.11,70
0.91,-0.27,0.31,-45.49,30.52,16.49,70
0.90,-0.27,0.30,-46.98,27.38,16.92,70
0.87,-0.26,0.29,-43.99,24.05,18.41,70
0.87,-0.26,0.27,-37.23,20.43,21.04,70
0.87,-0.25,0.28,-27.20,16.16,23.66,70
0.91,-0.25,0.29,-16.07,11.10,23.87,70
0.98,-0.24,0.33,-7.41,6.19,20.21,70
1.06,-0.23,0.36,-4.48,1.83,12.38,70
1.17,-0.23,0.39,-8.75,-2.44,1.43,70
1.27,-0.24,0.41,-18.99,-7.84,-11.74,70
1.36,-0.26,0.44,-31.22,-15.27,-27.44,70
1.46,-0.28,0.46,-41.62,-22.71,-45.61,70
1.53,-0.30,0.50,-47.93,-29.09,-65.06,70
1.50,-0.29,0.52,-49.48,-34.24,-82.47,70
1.40,-0.26,0.51,-49.09,-37.59,-92.41,70
1.26,-0.22,0.49,-47.65,-40.55,-92.35,70
1.12,-0.18,0.46,-40.21,-43.57,-85.58,70
1.01,-0.15,0.43,-20.79,-43.96,-74.82,70
0.95,-0.13,0.40,8.63,-40.52,-61.43,70
0.94,-0.12,0.38,38.84,-35.24,-48.02,70
0.97,-0.11,0.39,62.35,-30.82,-38.99,70
0.96,-0.13,0.39,76.62,-26.59,-35.00,70
0.93,-0.15,0.39,81.04,-20.95,-32.10,70
0.89,-0.16,0.38,77.20,-14.21,-27.96,70
0.86,-0.13,0.36,67.65,-6.95,-22.38,70
0.81,-0.10,0.35,54.85,0.40,-16.89,70
0.76,-0.08,0.34,41.13,7.93,-13.41,70
0.71,-0.08,0.34,26.83,15.34,-12.26,70
0.68,-0.08,0.35,11.62,21.92,-12.68,70
0.65,-0.09,0.35,-5.24,27.47,-12.96,70
0.62,-0.11,0.34,-22.90,31.59,-12.10,70
0.60,-0.13,0.33,-38.32,34.88,-10.58,70
0.58,-0.15,0.31,-48.26,37.71,-8.84,70
0.56,-0.17,0.29,-52.01,39.85,-6.55,70
0.55,-0.18,0.27,-51.01,40.91,-3.93,70
0.54,-0.19,0.26,-47.80,40.91,-1.25,70
0.55,-0.19,0.26,-43.69,39.88,0.88,70
0.57,-0.19,0.26,-39.36,37.77,2.26,70
0.60,-0.20,0.26,-35.40,34.15,2.01,70
0.65,-0.22,0.27,-32.16,28.75,-0.03,70
0.70,-0.22,0.30,-29.88,22.56,-3.54,70
0.76,-0.23,0.32,-29.18,15.64,-7.87,70
0.83,-0.24,0.34,-30.43,7.96,-12.80,70
0.86,-0.24,0.37,-33.41,-0.18,-16.55,70
0.87,-0.22,0.38,-36.77,-8.26,-17.77,70
0.85,-0.20,0.38,-38.75,-15.49,-16.55,70
0.82,-0.17,0.38,-37.53,-21.16,-14.36,70
0.79,-0.16,0.37,-33.14,-26.68,-12.10,70
0.77,-0.16,0.38,-26.98,-31.40,-10.09,70
0.77,-0.16,0.38,-20.52,-34.97,-8.41,70
0.79,-0.17,0.39,-14.33,-37.93,-7.99,70
0.82,-0.18,0.41,-8.45,-40.30,-9.33,70
0.87,-0.19,0.42,-3.17,-41.83,-11.49,70
0.93,-0.19,0.43,0.98,-42.65,-14.39,70
0.98,-0.19,0.44,3.54,-43.20,-17.84,70
1.02,-0.18,0.45,4.24,-43.63,-20.46,70
1.08,-0.16,0.46,2.65,-43.20,-21.52,70
1.14,-0.14,0.46,-1.01,-42.32,-22.01,70
1.23,-0.14,0.47,-5.85,-42.29,-23.08,70
1.34,-0.17,0.48,-9.21,-42.90,-25.12,70
1.47,-0.21,0.50,-9.15,-44.33,-28.75,70
1.55,-0.23,0.52,-5.40,-43.81,-33.20,70
1.52,-0.22,0.53,-0.61,-42.20,-34.18,70
1.39,-0.20,0.50,1.89,-37.16,-26.40,70
1.25,-0.16,0.44,3.84,-28.66,-11.80,70
1.15,-0.13,0.37,9.97,-19.42,3.26,70
1.13,-0.13,0.32,23.11,-10.52,16.19,70
1.15,-0.14,0.29,39.79,-3.05,25.98,70
1.17,-0.16,0.31,54.88,1.31,31.07,70
1.18,-0.19,0.34,65.52,5.70,33.51,70
1.16,-0.19,0.36,69.21,12.71,36.98,70
1.10,-0.15,0.37,62.96,21.07,43.35,70
1.05,-0.12,0.35,46.98,29.09,50.24,70
0.99,-0.11,0.31,29.30,35.12,54.85,70
0.93,-0.12,0.29,18.11,37.68,56.80,70
0.87,-0.15,0.27,13.32,39.12,57.96,70
0.80,-0.17,0.27,10.79,39.45,58.51,70
0.73,-0.18,0.26,9.42,39.12,59.30,70
0.66,-0.19,0.26,9.27,39.70,61.25,70
0.60,-0.19,0.23,11.43,40.85,64.48,70
0.53,-0.19,0.21,16.28,42.07,68.05,70
0.49,-0.18,0.18,23.29,42.80,71.59,70
0.47,-0.18,0.17,31.74,42.23,74.48,70
0.47,-0.19,0.17,41.16,39.97,74.82,70
0.49,-0.20,0.18,50.49,37.29,71.59,70
0.51,-0.21,0.20,57.29,34.79,65.67,70
0.55,-0.22,0.21,59.39,31.68,58.29,70
0.63,-0.24,0.22,57.62,26.86,48.05,70
0.70,-0.27,0.24,54.48,21.31,34.36,70
0.77,-0.27,0.27,50.40,16.68,18.81,70
0.82,-0.26,0.29,42.04,13.60,3.87,70
0.83,-0.24,0.28,27.84,10.43,-8.60,70
0.83,-0.21,0.26,10.03,6.71,-17.74,70
0.82,-0.19,0.24,-6.77,1.55,-24.97,70
0.82,-0.20,0.22,-18.69,-4.33,-31.31,70
0.82,-0.22,0.23,-24.02,-10.91,-36.13,70
0.82,-0.24,0.23,-24.05,-18.54,-39.05,70
0.83,-0.25,0.25,-20.40,-25.76,-39.70,70
0.84,-0.25,0.25,-13.66,-32.62,-38.60,70
0.86,-0.26,0.26,-3.90,-39.33,-36.28,70
0.90,-0.25,0.27,8.84,-45.24,-33.51,70
0.93,-0.24,0.28,22.99,-50.18,-31.07,70
0.97,-0.23,0.29,35.46,-54.05,-29.24,70
1.02,-0.22,0.31,43.38,-57.04,-27.74,70
1.07,-0.21,0.32,46.10,-59.12,-26.95,70
1.12,-0.21,0.35,45.06,-60.95,-27.62,70
1.19,-0.20,0.38,41.55,-61.46,-29.39,70
1.29,-0.18,0.40,35.12,-59.85,-32.41,70
1.40,-0.17,0.43,25.73,-57.65,-36.37,70
1.51,-0.18,0.44,14.33,-56.13,-41.31,70
1.65,-0.20,0.47,2.07,-56.04,-48.66,70
1.75,-0.24,0.52,-6.95,-58.48,-59.05,70
1.73,-0.28,0.58,-7.38,-62.23,-70.70,70
1.62,-0.26,0.61,-1.92,-60.18,-76.89,70
1.43,-0.19,0.59,0.91,-51.43,-70.49,70
1.20,-0.11,0.54,-1.71,-42.04,-54.45,70
1.01,-0.07,0.47,-3.14,-30.21,-35.55,70
0.91,-0.06,0.41,2.23,-15.55,-17.29,70
0.91,-0.04,0.38,13.90,-0.67,-1.13,70
0.93,-0.03,0.35,26.71,11.92,12.13,70
0.92,-0.07,0.34,36.74,21.98,18.84,70
0.89,-0.12,0.33,42.68,32.38,20.46,70
0.86,-0.13,0.33,41.43,43.57,24.73,70
0.83,-0.11,0.33,29.70,53.60,32.44,70
0.77,-0.09,0.32,11.55,61.68,39.18,70
0.72,-0.11,0.32,-5.06,67.01,42.01,70
0.68,-0.17,0.28,-13.14,72.93,42.32,70
0.65,-0.18,0.30,-11.13,74.48,41.22,70
0.64,-0.18,0.32,-9.54,72.68,41.07,70
0.60,-0.18,0.33,-13.69,72.62,41.80,70
0.57,-0.19,0.33,-20.76,70.98,42.71,70
0.55,-0.21,0.31,-25.95,67.90,44.42,70
0.52,-0.22,0.28,-24.70,64.70,47.07,70
0.50,-0.22,0.25,-15.95,61.16,49.97,70
0.49,-0.23,0.22,-2.16,57.38,51.83,70
0.49,-0.23,0.20,13.72,52.80,52.16,70
0.53,-0.24,0.20,28.60,46.80,51.43,70
0.58,-0.25,0.22,40.82,39.66,48.90,70
0.66,-0.26,0.24,49.82,31.89,43.26,70
0.75,-0.27,0.26,55.37,22.47,34.24,70
0.84,-0.28,0.29,57.41,12.38,22.41,70
0.89,-0.29,0.32,54.85,2.29,11.07,70
0.89,-0.27,0.32,47.59,-8.23,4.39,70
0.87,-0.26,0.32,38.87,-19.97,1.86,70
0.83,-0.24,0.31,34.42,-31.43,1.43,70
0.78,-0.23,0.31,37.44,-41.40,1.65,70
0.73,-0.23,0.32,46.49,-49.54,2.62,70
0.70,-0.25,0.31,58.93,-57.13,3.75,70
0.69,-0.26,0.32,73.78,-64.45,5.24,70
0.69,-0.27,0.33,90.58,-70.00,8.11,70
0.69,-0.27,0.33,107.07,-73.66,12.04,70
