0.12,-0.54,0.84,2.23,0.24,0.46,65
0.11,-0.52,0.85,4.05,-1.98,0.12,65
0.11,-0.54,0.83,4.57,-2.53,0,65
0.12,-0.53,0.88,3.02,-2.62,-0.12,65
0.12,-0.51,0.81,2.8,-2.2,-0.46,65
0.13,-0.51,0.92,1.04,-1.95,-0.52,65
0.13,-0.52,0.92,0.27,-1.98,-0.4,65
0.13,-0.53,0.86,0.98,-1.92,-0.34,65
0.14,-0.54,0.76,2.07,-1.65,-0.3,65
0.15,-0.51,0.86,2.07,-2.01,-0.64,65
0.13,-0.53,0.87,1.92,-1.31,-0.88,65
0.16,-0.52,0.8,1.74,-0.76,-1.04,65
0.1,-0.53,0.83,1.8,0,-1.62,65
0.17,-0.51,0.89,2.29,-0.27,-1.22,65
0.11,-0.53,0.86,2.71,-0.18,-1.01,65
0.13,-0.53,0.81,3.57,-0.55,-0.24,65
0.13,-0.51,0.91,2.32,-0.67,-0.24,65
0.13,-0.5,0.86,1.71,-1.25,0.4,65
0.13,-0.51,0.86,0.34,-0.64,0.79,65
0.12,-0.54,0.84,1.31,-0.7,1.71,65
0.16,-0.57,0.86,3.99,3.51,2.62,65
0.23,-0.62,0.94,4.27,9.88,6.52,65
0.29,-0.61,1.23,-20.27,11.01,17.26,65
0.45,-0.55,1.35,-100.91,19.63,51.46,65
0.56,-0.8,1.25,-179.54,38.54,92.53,65
0.62,-1.35,0.76,-158.84,58.11,120.12,65
0.23,-1.58,0.95,-111.1,76.04,137.71,65
-0.02,-1.48,1.21,-55.58,122.47,167.32,65
-0.25,-1.24,1.15,-12.1,155.91,188.23,65
-0.34,-0.85,0.94,17.5,177.13,188.81,65
-0.41,-0.6,0.76,32.16,182.99,198.23,65
-0.48,-0.37,0.72,37.99,175.67,214.12,65
-0.53,-0.33,0.64,48.6,165.37,211.52,65
-0.52,-0.3,0.53,50.58,146.83,196.55,65
-0.47,-0.23,0.42,36.83,118.69,190.91,65
-0.45,-0.22,0.32,22.93,88.41,188.35,65
-0.47,-0.26,0.24,17.04,57.53,178.45,65
-0.47,-0.32,0.16,10.67,24.7,170,65
-0.45,-0.4,0.11,-0.18,-11.89,167.23,65
-0.39,-0.45,0.14,-15.58,-46.83,168.41,65
-0.35,-0.47,0.25,-20.3,-75.95,159.42,65
-0.35,-0.42,0.3,-16.04,-97.8,142.35,65
-0.47,-0.16,0.34,-25.88,-125.37,129.54,65
-0.58,0.11,0.46,-42.93,-149.82,110.15,65
-0.45,0.19,0.39,-77.74,-127.53,77.93,65
-0.49,-0.16,4.53,-107.9,31.28,63.87,65
0.29,-0.33,1.74,27.47,123.93,12.04,65
-0.05,0.14,1.41,86.83,177.84,-39.63,65
-0.85,-0.4,0.76,9.63,169.21,-9.91,65
-1.15,-0.18,0.12,-61.22,97.32,21.13,65
-0.54,-0.22,0,-13.05,108.69,22.1,65
-0.76,-0.55,0.11,72.65,107.26,8.69,65
-0.87,-0.21,0.22,74.45,94.12,-13.84,65
-1,0.39,0.22,8.63,50.91,-34.33,65
-1,0.16,-0.07,-23.35,-20.12,-38.48,65
-0.81,-0.31,-0.34,7.41,-80.55,-25.85,65
-0.84,-0.42,-0.35,18.32,-147.53,-17.01,65
-0.73,-0.08,0.11,-27.23,-199.05,-13.69,65
-0.64,-0.02,0.78,-80.3,-213.84,-8.41,65
-0.09,-0.41,2.58,-187.96,-88.51,25.18,65
0.84,-2.07,2.28,-116.62,68.78,59.09,65
-0.58,-0.45,0.41,45.27,133.78,-36.49,70
-1.1,-0.3,0.44,43.96,153.11,-81.19,70
-0.54,-0.76,0.04,-30,100.03,-28.84,70
-0.76,-0.7,-0.16,-18.6,96.37,41.28,70
-0.89,-0.41,-0.02,75.37,67.26,25.46,70
-0.85,0.2,0.39,106.89,43.05,-23.08,70
-0.71,0.19,0.25,22.01,0.76,-26.55,70
-0.59,-0.58,-0.11,-33.66,-69.82,-10,70
-0.67,-0.69,0.01,26.55,-117.8,-2.23,70
-0.59,-0.24,0.5,54.51,-161.22,-6.71,70
-0.5,0,1.3,1.19,-199.63,17.38,70
-0.43,-0.57,3.83,-99.02,-169.51,45.18,70
0,-1.76,1.48,-120.7,-13.41,62.01,70
-0.41,-0.08,0.59,47.38,96.55,42.56,70
-0.83,0.27,0.74,69.88,115.64,-28.32,70
-0.75,-0.54,0.5,-14.18,124.88,-58.14,70
-0.62,-0.83,0.34,-16.19,129.82,4.66,70
-0.8,-0.54,0.18,83.81,135.09,43.26,70
-0.97,-0.05,0.17,151.8,120.4,6.07,70
-0.9,0.25,0.4,103.2,76.55,-21.43,70
-0.74,0.16,0.17,-24.79,11.49,-0.52,70
-0.74,-0.39,-0.19,-76.22,-49.05,25.73,70
-0.78,-0.41,-0.14,-7.8,-86.65,18.05,70
-0.81,-0.08,0.21,24.94,-115.4,-7.74,70
-0.72,-0.04,0.7,-20.55,-160.03,-1.8,70
-0.47,-0.38,0.98,-79.36,-181.83,14.79,70
-0.32,-0.69,3.99,-118.11,-112.68,20.79,70
-0.01,-1.23,1.52,-105.82,43.23,49.21,70
-0.58,-0.16,0.61,-7.04,128.69,30.21,70
-0.83,-0.03,0.44,21.01,140,-42.9,70
-0.74,-0.4,0.31,-22.07,134.79,-42.5,70
-0.66,-0.63,0.31,-20.64,104.54,25.7,70
-0.78,-0.36,0.23,45.88,87.13,40.27,70
-0.85,0.08,0.31,90.91,65.88,2.93,70
-0.81,0.05,0.27,48.69,26.43,-9.36,70
-0.79,-0.18,-0.08,-19.18,-28.72,3.38,70
-0.96,-0.43,-0.31,-11.43,-73.38,12.93,70
-0.94,-0.25,-0.14,27.2,-116.22,3.23,70
-0.79,-0.09,0.22,7.99,-159.36,-2.99,70
-0.6,-0.08,0.71,-45.98,-191.16,3.05,70
-0.68,-0.8,1.11,-89.76,-167.77,4.7,70
1.09,-2.14,2.71,-17.59,-109.12,5.37,70
-0.41,-0.2,1.53,120.15,122.65,49.82,70
-0.98,0.74,1.24,22.47,121.52,12.84,70
-1.03,-0.28,0.2,-135.24,107.26,-52.47,70
-0.6,-0.74,0.06,-167.13,76.83,-24.12,70
-0.56,-0.63,0.17,-49.36,47.9,41.28,70
-0.73,-0.12,0.29,132.2,51.1,27.04,70
-0.92,0.3,0.48,195.27,51.37,-27.9,70
-0.93,0.18,0.39,96.8,9.36,-37.35,70
-0.92,-0.33,0.04,-16.59,-41.55,-15.91,70
-0.9,-0.47,-0.05,-32.99,-76.74,-8.45,70
-0.78,-0.23,0.35,-30.58,-109.27,-8.32,70
-0.58,-0.23,0.54,-68.08,-132.07,-0.95,70
-0.92,-0.56,2.14,-93.17,-103.48,4.3,70
1.25,-1.9,2.21,-17.32,-49.45,6.28,70
-0.66,-0.03,1.21,34.76,133.54,44.79,70
-0.92,0.03,0.85,-19.73,110.37,-8.9,70
-1.03,-0.46,0.19,-86.19,101.71,-30.61,70
-0.62,-0.49,0.35,-63.41,69.3,20.21,70
-0.69,-0.44,0.4,44.66,71.95,48.48,70
-0.81,-0.05,0.44,157.29,83.38,9.09,70
-0.87,0.12,0.37,161.34,74.3,-29.6,70
-0.87,-0.06,0.22,76.68,34.39,-25.52,70
-0.89,-0.25,-0.09,1.04,-10.55,-7.44,70
-0.94,-0.26,-0.22,-6.55,-45.06,-13.66,70
-0.83,-0.1,0,7.53,-80.64,-28.23,70
-0.7,-0.16,0.46,-4.91,-113.54,-29.39,70
-0.43,-0.6,2.69,-30.76,-116.86,-28.72,70
0.48,-1.58,1.73,-82.99,-31.77,1.04,70
-0.42,-0.41,0.87,-31.68,72.59,23.6,70
-1.13,-0.05,0.67,12.41,91.65,-24.79,70
-0.89,-0.29,0.6,-32.62,63.6,-24.97,70
-0.52,-0.56,0.51,-56.19,38.69,27.53,70
-0.75,-0.59,0.48,2.23,45.18,47.13,70
-0.89,-0.32,0.44,82.1,62.44,8.99,70
-0.92,-0.03,0.34,87.13,66.19,-12.38,70
-0.95,-0.08,0.16,31.01,40.43,5.43,70
-0.94,-0.19,0.06,-11.01,6.43,17.62,70
-0.9,-0.17,-0.05,-17.77,-20.58,3.9,70
-0.87,-0.17,-0.11,-0.09,-48.87,-12.77,70
-0.81,-0.18,0.08,19.91,-81.37,-17.74,70
-0.69,-0.24,0.51,18.78,-112.74,-17.68,70
-0.42,-0.4,1.31,-4.18,-120.7,-16.04,70
0.38,-1.58,2.42,-79.63,-59.45,3.29,70
-0.43,-0.53,1.11,-82.26,67.35,36.4,70
-0.85,0.01,0.71,-4.24,85.21,-5.61,70
-1,-0.25,0.44,-7.01,82.8,-30.09,70
-0.55,-0.51,0.51,-24.18,52.38,8.11,70
-0.69,-0.57,0.45,6.68,57.8,37.87,70
-0.85,-0.37,0.33,77.59,70.58,6.68,70
-0.91,-0.13,0.23,96.34,72.47,-26.01,70
-0.91,-0.04,0.16,38.6,41.98,-15.55,70
-0.9,-0.16,0.02,-33.51,1.95,6.89,70
-0.86,-0.35,-0.15,-50.43,-31.59,2.29,70
-0.88,-0.31,-0.19,-7.04,-57.74,-15.91,70
-0.85,-0.19,0.09,24.33,-90.61,-19.91,70
-0.72,-0.29,0.63,18.66,-122.74,-12.35,70
-0.25,-0.63,3.92,-13.99,-114.79,-6.62,70
-0.22,-1.01,1.48,-102.77,6.71,34.21,70
-0.46,-0.26,0.96,-27.16,63.11,10.61,70
-1.29,-0.06,0.59,27.38,103.75,-36.89,70
-0.8,-0.31,0.53,-7.07,60.34,-18.57,70
-0.45,-0.63,0.41,-18.23,47.59,25.34,70
-0.77,-0.54,0.32,31.68,67.62,31.52,70
-0.85,-0.25,0.25,84.51,70.03,-2.01,70
-0.84,-0.07,0.23,68.72,59.24,-13.63,70
-0.85,-0.19,0.12,7.65,26.55,6.74,70
-0.92,-0.3,-0.13,-27.59,-5.7,20.46,70
-1,-0.22,-0.3,-12.59,-35.09,4.3,70
-0.96,-0.13,-0.2,16.25,-69.57,-14.66,70
-0.83,-0.13,0.09,20.58,-110.58,-13.87,70
-0.63,-0.34,0.51,23.35,-141.95,-12.56,70
-0.34,-0.65,3.88,23.29,-127.56,-13.75,70
0.03,-1.12,2.01,-52.26,-6.86,26.74,70
-0.63,-0.08,0.98,-33.75,74.66,27.23,70
-1.06,0.09,0.65,-7.74,85.64,-24.73,70
-0.83,-0.36,0.29,-38.17,64.82,-20.95,70
-0.42,-0.71,0.31,-9.33,42.77,22.38,70
-0.72,-0.57,0.36,90.27,69.6,33.2,70
-0.95,-0.14,0.34,137.53,80.34,4.88,70
-1,0.07,0.31,76.71,65.46,-15.55,70
-0.96,-0.11,0.12,-12.04,33.99,-7.01,70
-0.88,-0.28,-0.14,-39.24,-1.49,7.56,70
-0.93,-0.23,-0.3,4.48,-33.14,-0.91,70
-0.93,-0.14,-0.15,58.08,-69.02,-23.02,70
-0.78,-0.04,0.17,61.95,-112.38,-25.06,70
-0.67,-0.15,0.75,49.09,-140.4,-22.2,70
0.43,-1.46,3.31,3.26,-116.77,-21.86,70
-0.7,-0.12,0.76,-97.84,25.27,33.96,70
-0.53,-0.51,0.09,31.59,7.74,-21.59,70
-1.25,-0.21,0.14,145.76,57.32,-53.2,70
-0.62,-0.14,0.83,176.68,8.17,-14.24,70
-0.59,-0.31,1.16,189.36,23.26,-10.12,70
-0.68,-0.12,1.29,167.99,45.76,-23.11,70
-0.75,-0.19,0.93,76.07,56.34,-4.45,70
-0.78,-0.02,0.37,-25.58,37.01,19.27,70
-0.82,-0.12,0.09,-65.58,9.6,17.1,70
-0.72,-0.07,-0.04,-41.59,-20.03,4.24,70
-0.77,-0.12,-0.09,13.78,-45.03,-11.83,70
-0.81,-0.04,-0.02,52.62,-76.62,-24.21,70
-0.82,-0.06,0.36,58.75,-113.05,-28.93,70
-0.48,-0.18,0.93,50.73,-132.77,-30.03,70
-0.25,-1.28,2.74,-9.05,-79.36,-20.06,70
-0.36,-0.22,1.42,-67.9,39.15,13.51,70
-0.69,-0.12,1.01,-81.86,62.32,24.48,70
-1.02,-0.43,0.6,-76.49,86.86,11.77,70
-0.5,-0.39,0.57,-21.4,70.61,27.53,70
-0.65,-0.15,0.56,51.19,81.86,51.01,70
-0.86,-0.09,0.71,78.96,82.2,50.43,70
-0.81,0.08,0.59,36.86,67.26,41.13,70
-0.82,0.08,0.32,-8.29,50.88,33.9,70
-0.85,-0.05,0.06,-11.31,30.37,23.23,70
-0.89,0.08,-0.13,6.49,2.35,4.18,70
-0.89,0.14,-0.16,18.75,-38.63,-15.15,70
-0.79,0.15,-0.03,25.95,-80.49,-30.82,70
-0.72,0.14,0.2,30.82,-112.38,-49.48,70
-0.57,-0.1,0.79,37.38,-131.25,-68.29,70
-0.28,-0.53,1.5,40.24,-124.66,-73.9,70
0.19,-1.72,2.49,5,-47.71,-46.55,70
-0.44,0.21,1.34,-71.34,56.74,24.09,70
-1.13,-0.35,0.47,-109.79,62.16,21.98,70
-0.83,-0.51,0.66,-58.14,61.31,-17.07,70
-0.43,-0.42,0.73,24.48,62.01,3.2,70
-0.74,-0.15,0.72,66.49,72.9,47.87,70
-0.96,0.01,0.61,45.49,72.8,51.59,70
-0.85,0.06,0.3,-6.52,56.71,30.21,70
-0.82,0.18,0.05,-26.52,32.74,23.29,70
-0.89,0.17,0.01,-3.26,8.29,15.3,70
-0.9,0.12,0.03,18.87,-19.7,-13.02,70
-0.77,-0.01,-0.01,19.85,-58.96,-44.3,70
-0.73,-0.04,0.03,11.46,-97.84,-54.88,70
-0.72,-0.05,0.36,5.15,-131.4,-56.28,70
-0.52,-0.34,1.22,12.41,-145.98,-66.13,70
0.22,-1.69,3.07,-11.8,-89.85,-61.49,70
-0.05,-0.49,1.57,-102.07,39.05,7.96,70
-0.9,-0.54,0.52,-80.49,79.42,21.83,70
-1.16,-0.12,0.47,-36.22,76.4,-2.35,70
-0.43,-0.44,0.68,-1.16,54.48,1.49,70
-0.54,-0.45,0.75,19.85,57.93,41.49,70
-0.86,-0.13,0.63,32.01,64.48,58.38,70
-0.9,0.04,0.39,9.97,60.27,39.05,70
-0.86,0.14,0.15,-20.46,38.23,23.48,70
-0.91,0.15,0.13,-24.48,14.24,18.78,70
-0.93,0.07,0.07,-14.39,-9.42,5.46,70
-0.87,0.04,0,-5.7,-41.55,-27.26,70
-0.79,-0.07,0,0.43,-76.22,-48.57,70
-0.8,-0.02,0.25,-3.23,-110.67,-47.47,70
-0.63,-0.18,0.57,-10.61,-136.8,-50.67,70
0.19,-1.41,3.42,-54.45,-105.67,-55.46,70
0.07,-0.79,1.81,-180.88,7.65,5.18,70
-0.56,-0.96,0.46,-96.8,65.27,24.66,70
-1.11,-0.28,0.42,24.79,94.6,-0.95,70
-0.84,0.03,0.72,5.37,65.3,3.51,70
-0.6,-0.25,0.65,-39.39,46.95,25.18,70
-0.71,-0.36,0.56,-7.41,54.3,27.2,70
-0.79,-0.14,0.56,15.43,61.83,6.07,70
-0.83,-0.07,0.37,-28.38,48.9,0.34,70
-0.84,-0.24,0.16,-97.87,16.07,16.16,70
-0.89,-0.37,-0.09,-136.89,-13.57,26.28,70
-0.97,-0.28,-0.21,-147.44,-45.7,18.75,70
-0.94,-0.16,-0.07,-157.29,-85.3,7.23,70
-0.86,-0.29,0.21,-172.59,-128.72,8.32,70
-0.62,-0.74,0.14,-161.19,-146.13,8.45,70
0.76,-1.67,2.59,-113.26,-100.12,5.98,70
-0.45,-0.35,1.24,-39.63,60.4,36.55,70
-0.86,-0.12,0.8,-7.68,80.52,-21.37,70
-0.98,-0.23,0.61,-92.68,63.2,-26.8,70
-0.46,-0.46,0.53,-169.54,24.66,23.29,70
-0.6,-0.54,0.54,-129.15,41.46,30.27,70
-0.81,-0.3,0.53,-57.59,73.51,-16.55,70
-0.91,-0.15,0.29,-86.49,76.4,-38.78,70
-0.85,-0.25,0.11,-189.63,42.68,-23.29,70
-0.79,-0.6,-0.14,-253.32,17.13,-6.28,70
-0.71,-0.78,-0.2,-221.37,-0.49,-5,70
-0.79,-0.79,-0.31,-169.51,-20.67,3.9,70
-0.83,-0.74,-0.27,-147.13,-49.15,13.78,70
-0.83,-0.88,-0.15,-151.8,-76.34,21.46,70
-0.78,-0.96,-0.38,-137.71,-90.15,34.21,70
0.27,-0.03,2.5,-130.12,-71.01,42.1,70
-0.53,-1.76,0.1,-111.98,55.67,14.39,70
-1.02,-0.63,0.12,52.04,45.55,-11.01,70
-0.88,-0.66,0.42,70.73,43.75,15.24,70
-0.4,-0.74,0.42,76.31,40.95,17.74,70
-0.7,-0.41,0.38,114.73,63.81,-5.95,70
-0.87,-0.34,0.16,91.46,70.73,-23.84,70
-0.96,-0.42,-0.13,43.96,62.07,-27.35,70
-0.88,-0.49,-0.26,10.4,42.2,-31.77,70
-0.79,-0.66,-0.29,-4.73,22.01,-28.11,70
-0.75,-0.8,-0.3,13.87,2.53,-17.84,70
-0.84,-0.87,-0.23,34.73,-22.99,-3.96,70
-0.9,-0.91,-0.11,5.76,-56.37,17.01,70
-0.86,-0.96,0,-40.21,-88.9,40.18,70
-0.85,-0.81,0.27,-56.19,-106.89,65.27,70
-0.34,0.55,2.38,-74.73,-102.38,77.04,70
-0.01,-0.94,0.8,-130.37,-11.89,39.12,70
-1.03,-1.2,-0.04,30.03,59.85,-20.88,70
-1.06,-0.34,0.29,138.11,35.46,23.48,70
-0.66,-0.83,0.28,109.05,26.83,37.8,70
-0.46,-0.9,0.22,133.26,29.97,20.52,70
-0.78,-0.52,0.16,182.84,56.31,17.5,70
-0.96,-0.29,0.03,161.65,58.93,20.82,70
-1,-0.22,-0.08,84.88,37.9,19.88,70
-0.94,-0.42,-0.17,12.35,2.9,16.55,70
-0.86,-0.52,-0.17,2.04,-28.29,14.18,70
-0.88,-0.49,-0.12,37.47,-49.33,9.85,70
-0.98,-0.32,0.21,43.81,-73.11,17.13,70
-0.78,-0.36,0.7,-39.66,-106.19,34.76,70
0,-1.4,2.18,-190.67,-77.9,47.07,70
-0.71,-1.1,0.1,-154.09,-9.18,74.73,70
-0.75,-0.12,0.38,120.76,32.26,43.02,70
-0.99,-0.1,0.35,130.4,62.41,21.92,70
-0.65,-0.54,0.23,46.22,12.99,54.21,70
-0.7,-0.67,0.11,98.05,25.46,21.65,70
-0.84,-0.23,0.11,186.49,56.34,-14.85,70
-0.85,-0.11,0.06,211.86,51.98,-7.8,70
-0.91,-0.08,0.02,217.68,37.71,-16.34,70
-0.89,-0.14,-0.06,229.97,19.12,-46.49,70
-0.89,-0.07,-0.07,236.92,-11.49,-59.94,70
-0.91,-0.19,-0.01,238.93,-47.71,-53.48,70
-0.89,-0.18,0.15,228.26,-82.77,-44.36,70
-0.8,-0.16,0.43,195,-112.2,-36.1,70
-0.75,-0.14,0.97,137.53,-131.71,-25.55,70
0.11,-0.96,3.76,18.66,-117.65,-13.11,70
-0.81,-0.82,1.1,-167.38,38.45,49.88,70
-0.46,0.37,0.53,-108.66,28.02,26.71,70
-1.17,-0.56,0.24,46.19,91.04,-43.69,70
-0.64,-0.64,0.64,122.96,78.35,-16.55,70
-0.51,-0.37,0.62,151.13,66.8,39.91,70
-0.92,-0.19,0.59,120.06,65.58,40.24,70
-0.92,-0.12,0.47,55.82,48.32,22.29,70
-0.76,-0.14,0.22,15.06,35.3,27.01,70
-0.81,-0.03,0.04,18.29,21.1,32.47,70
-0.91,0.02,-0.06,44.15,2.87,17.77,70
-0.91,0.12,-0.09,55,-31.98,-6.52,70
-0.8,-0.04,-0.07,46.49,-77.13,-25,70
-0.79,0.04,0.08,31.98,-117.71,-29.18,70
-0.75,0.03,0.46,20.24,-145.21,-38.05,70
-0.65,-0.28,1.07,22.68,-150.12,-53.54,70
-0.36,-0.85,2.95,27.93,-111.1,-54.66,70
-0.13,-0.98,1.88,0.24,20,-10.55,70
-0.74,0.38,0.87,-55.61,61.95,43.45,70
-1.19,-0.03,0.48,-86.74,62.53,16.37,70
-0.68,-0.73,0.51,-47.04,48.26,-15.03,70
-0.36,-0.44,0.62,46.92,49.73,19.21,70
-0.85,-0.09,0.71,91.49,66.55,56.55,70
-1,0.08,0.57,52.44,62.62,48.81,70
-0.86,0.14,0.28,-4.33,45.73,24.12,70
-0.85,0.08,0.12,-14.97,24.63,9.05,70
-0.9,0.01,-0.05,16.77,5.03,-2.9,70
-0.89,0.14,-0.03,49.09,-27.5,-27.77,70
-0.8,0.04,0.07,52.32,-67.23,-46.98,70
-0.73,0.12,0.19,36.46,-105.82,-51.31,70
-0.7,-0.1,0.69,26.55,-129.82,-58.66,70
-0.41,-0.29,1.15,19.42,-129.54,-65.12,70
-0.09,-1.62,3.03,-26.37,-60.7,-47.29,70
-0.26,-0.58,1.15,-79.85,48.75,24.48,70
-0.88,0.33,0.45,-69.88,58.11,48.6,70
-1.24,-0.37,0.49,-25.76,69.88,-2.35,70
-0.44,-0.74,0.66,37.62,53.72,-17.74,70
-0.49,-0.35,0.79,86.07,67.1,35.79,70
-0.89,0.04,0.67,57.96,63.38,81.43,70
-0.94,0.27,0.44,-5.06,45.76,63.75,70
-0.84,0.25,0.16,-38.48,24.3,28.87,70
-0.8,0.17,0.04,-15.3,-0.09,13.69,70
-0.86,0.11,0,34.15,-24.66,-4.33,70
-0.76,0.13,0.06,65.46,-62.96,-36.4,70
-0.73,0.16,0.14,57.07,-100.88,-53.84,70
-0.77,0.16,0.38,33.45,-133.6,-59.27,70
-0.64,-0.18,1.06,25.98,-150.7,-77.35,70
-0.22,-1.49,2.89,17.8,-107.2,-83.48,70
0.11,-1.14,1.86,-3.38,22.8,-10.52,70
-0.76,0.24,0.71,-61.1,57.26,69.02,70
-1.31,-0.06,0.39,-86.31,54.51,39.94,70
-0.64,-0.47,0.57,-46.16,48.81,-8.02,70
-0.27,-0.45,0.69,29.94,51.46,5.91,70
-0.65,-0.18,0.72,82.26,67.9,46.86,70
-0.9,0.16,0.62,65.95,61.04,59.12,70
-0.92,0.36,0.45,-0.55,38.05,36.95,70
-0.81,0.2,0.18,-36.95,8.14,14.54,70
-0.81,0.24,0.03,-13.26,-16.46,2.96,70
-0.77,0.2,0.16,35.46,-49.82,-13.26,70
-0.59,0.05,0.31,72.32,-85.82,-32.93,70
-0.71,0.21,0.32,77.68,-108.72,-45,70
-0.79,0.1,0.62,62.9,-130.73,-55.27,70
-0.62,-0.19,1.48,45.18,-140,-72.01,70
-0.07,-1.78,2.91,0.64,-79.7,-68.66,70
-0.01,-0.38,1.63,-58.45,38.17,12.77,70
-0.92,0.23,0.49,-105.61,60.82,49.33,70
-1.08,-0.51,0.36,-103.72,58.6,-2.93,70
-0.42,-0.62,0.5,-53.48,60.95,-24.82,70
-0.29,-0.51,0.67,15.98,64.6,17.07,70
-0.69,-0.2,0.71,45.7,77.62,53.81,70
-0.84,0.16,0.55,28.05,71.34,46.71,70
-0.8,0.28,0.33,-17.99,51.25,19.88,70
-0.81,0.27,0.09,-47.1,19.85,8.69,70
-0.87,0.25,-0.01,-33.6,-18.17,2.32,70
-0.76,0.13,0.11,15.64,-60.18,-18.72,70
-0.59,0.1,0.26,62.68,-97.9,-43.63,70
-0.59,0.06,0.57,77.59,-122.74,-53.75,70
-0.63,-0.15,1.23,58.96,-135.91,-55.21,70
-0.48,-0.7,1.87,13.63,-125.55,-56.92,70
0.15,-1.58,2.65,-47.8,-34.48,-24.66,70
-0.45,-0.06,1.12,-102.16,59.63,53.32,70
-1.08,-0.29,0.17,-102.56,71.01,44.76,70
-0.69,-0.44,0.55,-39.82,67.68,-4.05,70
-0.37,-0.5,0.71,13.29,73.2,6.19,70
-0.55,-0.28,0.64,41.4,74.6,45.88,70
-0.78,0.09,0.47,40.37,71.98,51.25,70
-0.88,0.37,0.32,-4.36,49.57,27.99,70
-0.86,0.39,0.16,-52.13,8.35,11.68,70
-0.86,0.2,0.05,-44.12,-30.09,1.31,70
-0.66,0.01,0.11,26.68,-67.87,-23.45,70
-0.65,0.15,0.25,85.91,-94.66,-48.63,70
-0.72,0.09,0.6,74.63,-125.12,-50.03,70
-0.66,-0.3,0.62,36.55,-147.56,-46.16,70
0.3,-1.79,3.56,15.18,-105.43,-45.3,70
0.07,-0.44,2.15,-36.77,25.18,39.33,70
-0.94,-0.02,0.73,-127.13,75.06,63.66,70
-1.18,-0.59,0.26,-89.82,86.8,-0.34,70
-0.38,-0.39,0.5,-23.96,78.08,-14.76,70
-0.4,-0.33,0.66,6.01,79.73,33.26,70
-0.67,-0.23,0.69,47.65,88.17,51.19,70
-0.74,0.14,0.59,50.27,89.79,26.86,70
-0.8,0.34,0.33,-10.09,64.73,17.41,70
-0.86,0.28,0.08,-44.54,23.93,22.84,70
-0.88,0.26,-0.05,-17.32,-18.29,0.7,70
-0.68,0.12,0,40.27,-63.63,-36.89,70
-0.65,0.23,0.17,76.46,-101.49,-51.37,70
-0.67,0.13,0.69,67.8,-134.45,-53.26,70
-0.51,-0.3,1.81,34.97,-147.26,-65.55,70
0.42,-1.86,2.9,-40.43,-72.47,-42.47,70
-0.28,-0.22,1.27,-117.41,39.88,32.71,70
-1.02,-0.69,0.28,-66.37,67.9,11.8,70
-0.83,-0.4,0.59,10.58,81.89,-28.08,70
-0.31,-0.4,0.91,9.7,75.76,-3.69,70
-0.53,-0.48,0.77,-21.65,84.3,39.24,70
-0.71,-0.28,0.64,-0.43,90.27,44.45,70
-0.78,0,0.37,6.25,88.41,30.98,70
-0.83,0.28,0.14,-19.02,54.45,30.7,70
-0.9,0.37,0.02,-24.91,14.39,30.43,70
-0.89,0.22,0.02,2.84,-28.08,13.75,70
-0.66,0.05,0.05,49.73,-75.21,-18.99,70
-0.66,0.11,0.1,86.16,-108.72,-36.77,70
-0.79,0.25,0.43,80.82,-141.49,-33.63,70
-0.67,-0.03,1.25,41.59,-165.4,-45.3,70
0.1,-1.71,2.76,-23.38,-129.63,-53.05,70
0.3,-0.57,2.21,-97.62,-1.43,8.29,70
-0.71,-0.86,0.67,-76.68,76.04,29.51,70
-1.12,-0.31,0.34,-22.74,90.64,4.12,70
-0.5,-0.33,0.8,5,79.27,-1.16,70
-0.37,-0.49,0.82,-2.71,82.74,27.01,70
-0.62,-0.27,0.72,20.52,92.41,47.38,70
-0.76,-0.01,0.55,36.59,98.08,38.41,70
-0.81,0.28,0.27,3.35,77.38,28.48,70
-0.89,0.44,0.03,-25.52,38.17,22.2,70
-0.93,0.24,-0.1,-9.12,-4.27,9.36,70
-0.78,0.17,-0.12,42.59,-54.45,-24.76,70
-0.63,0.17,0,81.62,-101.59,-54.82,70
-0.69,0.25,0.27,70.67,-146.1,-52.44,70
-0.62,0.04,1.01,37.01,-180.79,-56.62,70
-0.16,-1.25,2.88,-13.23,-159.39,-68.57,70
0.83,-0.72,2.85,-84.76,-42.23,-15.98,70
-0.75,-1.04,0.75,-118.93,71.19,24.02,70
-1.03,-0.65,0.24,-35.85,81.4,-1.28,70
-0.62,-0.38,0.79,30.46,95.98,-14.45,70
-0.37,-0.55,0.93,11.16,91.34,25.21,70
-0.71,-0.27,0.66,-0.58,100.18,54.48,70
-0.79,0.02,0.39,8.63,101.28,37.29,70
-0.82,0.3,0.16,-9.76,76.28,26.49,70
-0.94,0.37,-0.01,-22.5,33.57,32.56,70
-0.97,0.32,-0.04,-4.39,-11.62,17.53,70
-0.82,0.19,-0.06,25.24,-63.11,-21.13,70
-0.59,0.05,0.06,56.8,-112.96,-43.23,70
-0.62,0.16,0.4,67.29,-149.02,-38.11,70
-0.51,-0.1,1.16,43.54,-172.23,-42.77,70
0.26,-1.59,2.77,-26.07,-132.8,-39.09,70
0.33,-0.38,1.95,-125.73,-6.74,15.55,70
-0.9,-1.13,0.28,-93.72,71.46,17.77,70
-0.95,-0.32,0.53,-4.24,77.93,-5.85,70
-0.38,-0.58,1.03,28.2,83.08,-3.26,70
-0.45,-0.52,0.82,-0.88,87.44,36.62,70
-0.8,-0.21,0.59,6.52,99.79,45.12,70
-0.8,0.07,0.36,2.26,94.82,28.51,70
-0.86,0.4,0.13,-30.85,61.77,28.66,70
-0.92,0.21,-0.02,-25,20.79,27.53,70
-0.95,0.33,-0.09,11.34,-21.13,-2.04,70
-0.74,0.12,-0.05,39.94,-76.28,-37.2,70
-0.64,0.13,0.16,56.22,-122.26,-42.71,70
-0.69,0.14,0.67,44.97,-156.65,-43.6,70
-0.37,-0.09,2.67,-6.8,-166.49,-53.23,70
0.78,-1.54,3.11,-130.43,-85.7,-23.29,70
-0.08,-0.98,0.86,-143.08,45.12,14.76,70
-1.11,-0.86,0.04,-7.16,86.8,3.41,70
-0.76,-0.38,0.88,71.65,86.89,-13.2,70
-0.34,-0.53,1.03,31.68,79.91,18.84,70
-0.62,-0.39,0.72,-17.74,81.16,55.76,70
-0.79,-0.2,0.49,-2.56,87.23,45.52,70
-0.79,0.1,0.26,7.71,79.09,30.49,70
-0.87,0.37,0.13,0.4,48.29,34.12,70
-0.99,0.4,0.06,5.61,11.89,24.63,70
-0.95,0.3,0.03,18.75,-30.58,-11.62,70
-0.68,0.01,0.04,43.93,-78.78,-47.5,70
-0.58,0.03,0.31,68.6,-115.73,-54.33,70
-0.56,-0.04,1.08,53.81,-144.05,-49.3,70
0.23,-1.9,2.29,-36.25,-127.44,-41.49,70
0.09,-0.13,1.94,-137.5,-16.34,19.63,70
-0.69,-1.17,0.57,-85.34,49.45,9.76,70
-0.89,-0.82,0.43,13.35,66.43,-18.48,70
-0.38,-0.29,0.94,56.25,65.85,0.3,70
-0.45,-0.62,0.9,27.8,74.7,43.02,70
-0.69,-0.33,0.73,17.41,80.91,56.07,70
-0.77,-0.09,0.51,19.57,86.34,44.02,70
-0.74,0.13,0.25,8.11,71.13,41.28,70
-0.9,0.39,0.06,5.43,44.24,38.93,70
-0.93,0.35,-0.01,21.25,8.6,13.96,70
-0.87,0.26,-0.1,38.75,-35,-22.9,70
-0.71,0.05,-0.04,65.21,-85.79,-51.37,70
-0.6,0.09,0.26,79.18,-128.48,-57.26,70
-0.58,0.02,0.98,52.47,-160.18,-56.95,70
-0.36,-0.12,2.34,-9.42,-157.16,-57.9,70
1,-1.76,2.82,-106.28,-74.42,-26.71,70
-0.2,-0.53,0.96,-126.92,69.09,15.09,70
-0.99,-0.78,0.12,3.14,101.65,-20.46,70
-0.94,-0.33,0.74,88.72,112.29,-44.24,70
-0.39,-0.31,0.96,37.32,84.88,3.17,70
-0.63,-0.45,0.72,-18.66,84.36,49.18,70
-0.78,-0.14,0.55,-1.62,88.41,43.11,70
-0.82,0.15,0.34,0.85,81.55,27.41,70
-0.86,0.29,0.09,-12.99,51.59,29.88,70
-0.99,0.29,-0.09,7.16,19.36,25.27,70
-0.99,0.27,-0.14,45.98,-23.23,-5.98,70
-0.81,0.16,-0.06,66.34,-77.29,-41.98,70
-0.64,0.1,0.15,62.2,-128.93,-48.93,70
-0.55,-0.08,0.8,44.02,-163.2,-45.64,70
-0.29,-0.61,1.88,15.88,-165.43,-49.6,70
0.74,-1.56,2.99,-59.18,-75.98,-15.79,70
-0.25,-0.24,1.36,-138.02,50.79,44.76,70
-1.01,-0.85,0.28,-66.31,88.75,1.71,70
-0.95,-0.57,0.44,41.89,100.73,-32.1,70
-0.37,-0.32,0.84,40.12,78.57,12.44,70
-0.61,-0.36,0.77,-18.93,76.59,67.8,70
-0.77,-0.24,0.65,-3.72,80.49,65.37,70
-0.81,0.09,0.4,7.99,82.47,38.66,70
-0.87,0.31,0.17,-8.69,57.32,32.99,70
-0.99,0.41,-0.04,-16.04,24.27,30.64,70
-0.99,0.29,-0.04,1.92,-18.81,2.04,70
-0.67,0.02,-0.01,38.87,-66.19,-39.24,70
-0.66,0.04,0.06,65.73,-102.35,-53.29,70
-0.72,0.08,0.48,55.34,-138.41,-47.07,70
-0.52,-0.13,1.49,8.84,-164.73,-51.01,70
0.4,-1.91,2.56,-80.79,-109.21,-34.3,70
0.02,-0.27,1.51,-141.13,4.48,31.04,70
-0.79,-1.16,0.56,-84.85,48.63,11.28,70
-0.94,-0.77,0.38,22.53,78.32,-14.15,70
-0.44,0.05,0.83,29.7,58.75,24.21,70
-0.61,-0.4,0.91,-35.24,54.45,53.57,70
-0.64,-0.56,0.77,-28.84,60.95,49.7,70
-0.69,-0.08,0.54,2.59,73.66,49.57,70
-0.87,0.2,0.36,9.73,62.04,51.92,70
-0.95,0.26,0.23,4.57,34.97,43.23,70
-0.87,0.17,0.08,3.11,2.29,22.77,70
-0.84,0.09,-0.1,27.44,-35.58,-5.49,70
-0.78,0.12,0.02,66.04,-74.66,-23.69,70
-0.73,0.15,0.42,68.96,-112.8,-25.76,70
-0.52,-0.07,1.24,30.73,-140.06,-29.76,70
-0.05,-1.1,3.33,-43.2,-117.53,-25.95,70
0.32,-0.92,2.12,-149.6,-6.89,29.33,70
-0.41,-0.86,0.8,-93.93,82.29,46.4,70
-1.06,-0.49,0.2,37.8,124.94,11.43,70
-0.78,0.05,0.52,81.22,107.41,11.4,70
-0.57,-0.1,0.72,22.77,80.52,32.8,70
-0.61,-0.32,0.63,-3.45,72.44,40.37,70
-0.73,-0.1,0.58,18.6,75.24,39.76,70
-0.83,0.25,0.4,5.76,68.17,34.88,70
-0.98,0.37,0.14,-38.45,37.84,26.49,70
-0.96,-0.02,-0.14,-40.95,-6.68,7.68,70
-0.85,-0.09,-0.26,26.43,-48.2,-17.53,70
-0.79,0.13,0.01,78.05,-90.12,-26.07,70
-0.82,0.31,0.41,53.69,-132.04,-19.79,70
-0.74,0.45,1.72,-8.93,-160.18,-26.68,70
0.2,-1.31,2.53,-134.05,-107.16,-25.34,70
-0.04,-0.87,1.26,-184.45,-21.16,-12.32,70
-0.68,-1.26,0.34,-30,36.43,-29.88,70
-0.76,-0.28,0.43,90.91,70.61,-17.2,70
-0.44,-0.24,1.14,43.84,52.07,16.71,70
-0.44,-0.9,1,-52.26,53.96,39.76,70
-0.65,-0.42,0.63,-34.12,76.95,54.27,70
-0.83,0.04,0.41,15.76,88.6,58.23,70
-0.99,0.39,0.16,14.6,71.04,55.85,70
-1.01,0.29,-0.06,2.04,30.95,38.99,70
-0.96,0.15,-0.14,9.63,-17.07,11.16,70
-0.87,0.13,0,22.65,-68.78,-7.23,70
-0.81,0.15,0.29,21.19,-111.22,-13.78,70
-0.73,0.21,1.08,-4.91,-140.52,-21.62,70
0.19,-1.92,2.6,-98.38,-100.7,-15.09,70
0.06,-0.45,1.62,-172.26,-3.2,23.2,70
-0.71,-1.09,0.59,-65.61,70.37,3.63,70
-0.87,-0.36,0.25,53.29,106.28,-11.62,70
-0.59,0.14,0.63,53.14,86.16,-2.68,70
-0.63,-0.69,0.64,-32.99,68.75,9.45,70
-0.7,-0.6,0.48,-40.12,60.06,31.52,70
-0.85,-0.11,0.47,-5.76,57.53,40.49,70
-0.89,0.27,0.43,-42.87,39.27,32.99,70
-0.86,0.1,0.1,-107.68,6.55,21.74,70
-0.74,-0.37,-0.26,-85.46,-35.24,13.93,70
-0.86,-0.13,-0.3,8.96,-66.37,8.75,70
-0.81,0.13,0.08,42.23,-108.57,7.1,70
-0.67,0.05,0.61,0.67,-148.02,9.05,70
-0.47,-0.21,2.61,-39.82,-155.43,3.11,70
0.11,-0.94,1.86,-107.41,-72.13,4.02,70
-0.07,-0.45,1.14,-88.84,26.46,-9.73,70
-0.95,-1,0.45,17.71,103.05,-32.5,70
-1.02,0.01,0.72,32.01,97.32,-9.6,70
-0.62,-0.19,0.68,-45.09,68.81,-5.7,70
-0.62,-0.66,0.45,-62.01,65.79,-8.26,70
-0.67,-0.47,0.44,22.74,60.79,1.62,70
-0.83,-0.1,0.38,63.57,56.92,6.86,70
-0.91,0.09,0.23,18.57,23.26,7.35,70
-0.89,-0.11,0.06,-25.64,-17.68,8.38,70
-0.81,-0.4,-0.08,-7.71,-54.05,8.6,70
-0.81,-0.22,-0.05,49.09,-80.7,-0.46,70
-0.85,0,0.22,59.24,-109.79,0.06,70
-0.78,-0.01,0.64,0.7,-144.21,5.82,70
-0.47,-0.35,1.88,-58.11,-153.38,-0.09,70
0.49,-1.31,2.5,-152.07,-73.51,5.85,70
-0.08,-0.93,0.92,-148.51,42.59,20.61,70
-0.83,-0.48,0.52,25.64,99.12,-17.35,70
-1.09,-0.15,0.55,73.17,105.06,-28.26,70
-0.56,-0.22,0.73,-7.77,54.3,-1.4,70
-0.64,-0.55,0.64,-78.6,40,31.25,70
-0.65,-0.6,0.5,-30.67,35.7,31.1,70
-0.78,-0.26,0.43,43.57,51.25,12.47,70
-0.9,0,0.3,40.52,39.54,9.63,70
-0.92,-0.1,0.14,-4.45,8.35,11.83,70
-0.81,-0.3,0.02,-12.9,-25.85,12.01,70
-0.7,-0.32,-0.01,23.32,-54.18,6.19,70
-0.73,-0.13,0.17,47.29,-78.6,-1.95,70
-0.67,-0.11,0.63,15.34,-108.63,-0.06,70
-0.5,-0.45,0.42,-35.61,-127.56,3.69,70
-0.09,-0.89,3.31,-78.14,-94.18,5.82,70
-0.02,-0.77,1.35,-117.5,22.62,35.03,70
-0.49,-0.31,0.91,-22.38,73.05,10.34,70
-1.12,-0.27,0.62,24.73,106.04,-29.09,70
-0.81,-0.2,0.52,-12.74,75.7,-13.54,70
-0.64,-0.31,0.42,-82.62,46.74,27.8,70
-0.76,-0.69,0.33,-76.43,36.1,34.57,70
-0.72,-0.42,0.38,5.76,37.35,18.38,70
-0.8,0.03,0.36,48.63,42.53,3.48,70
-0.86,0.09,0.35,11.34,25.24,-6.89,70
-0.75,-0.49,0.08,-28.32,-5.7,-8.29,70
-0.71,-0.45,-0.18,6.52,-35.43,-6.77,70
-0.83,-0.11,0.06,38.69,-64.79,-7.5,70
-0.76,0,0.47,-20.7,-110.64,-5.34,70
-0.47,-0.44,0.36,-104.05,-145.09,0.34,70
-0.56,-1.17,3.51,-144.54,-114.54,-0.12,70
-0.04,-1.3,1.32,-70.61,39.88,17.32,70
-0.4,0.01,0.74,18.11,80.55,25.34,70
-0.92,-0.05,0.28,-10.88,75.12,-8.02,70
-0.75,-0.37,0.33,-76.62,53.48,-6.74,70
-0.48,-0.81,0.38,-43.75,30.24,18.14,70
-0.69,-0.59,0.3,81.4,53.17,1.65,70
-0.88,-0.19,0.33,145.46,57.1,-31.01,70
-0.98,-0.08,0.31,91.25,26.62,-27.93,70
-0.87,-0.22,0.22,-3.72,-21.13,-10.88,70
-0.71,-0.54,0.03,-33.57,-59.66,-8.11,70
-0.75,-0.38,0.03,19.6,-80.7,-10.85,70
-0.79,-0.06,0.41,58.63,-100,-12.1,70
-0.6,-0.17,1.1,27.71,-121.59,-12.62,70
-0.82,-0.53,2.64,-22.29,-96.92,-13.9,70
0.76,-1.79,2.01,-68.45,-19.45,7.38,70
-0.47,-0.25,0.75,-60.7,87.32,35.85,70
-0.89,-0.31,0.61,-1.65,84.88,-12.93,70
-1.01,-0.33,0.23,-9.7,86.13,-15.98,70
-0.5,-0.31,0.42,-33.14,44.97,11.89,70
-0.63,-0.67,0.44,0.98,54.33,12.68,70
-0.71,-0.42,0.45,89.57,66.07,-13.32,70
-0.82,-0.23,0.42,126.49,70.34,-36.68,70
-0.83,-0.22,0.29,70.52,38.75,-27.29,70
-0.82,-0.37,0.01,0.09,-9.54,-7.01,70
-0.82,-0.4,-0.12,3.84,-44.88,-6.25,70
-0.76,-0.14,0.09,35.79,-75.58,-15.21,70
-0.65,-0.16,0.47,30.61,-101.83,-19.45,70
-0.36,-0.54,0.66,5.91,-114.73,-19.57,70
-0.02,-1.06,3.33,-28.66,-69.73,-13.9,70
-0.17,-0.86,1.15,-49.88,56.37,21.01,70
-0.69,-0.14,0.62,1.74,76.89,-0.85,70
-1.06,-0.23,0.33,9.36,78.54,-23.81,70
-0.63,-0.33,0.39,-28.08,42.13,-2.77,70
-0.47,-0.78,0.58,-23.57,29.45,20.85,70
-0.66,-0.64,0.54,54.79,48.2,18.32,70
-0.79,-0.27,0.51,117.53,60.46,-10.4,70
-0.92,-0.22,0.38,96.65,54.63,-19.48,70
-0.89,-0.15,0.2,29.91,16.71,-2.56,70
-0.85,-0.13,0.15,-24.39,-23.57,2.47,70
-0.69,-0.31,0.15,-39.42,-58.41,-4.94,70
-0.62,-0.31,0.11,-10.18,-80.91,-6.46,70
-0.72,-0.16,0.37,17.2,-98.69,-12.13,70
-0.58,-0.32,0.81,2.1,-120.76,-16.19,70
-0.78,-0.52,2.26,-31.52,-105.06,-10.3,70
0.81,-1.89,1.79,-30.49,-30.67,-5.09,70
-0.49,-0.12,0.83,1.62,89.18,19.15,70
-0.8,-0.25,0.78,-13.87,59.79,-0.67,70
-0.93,-0.44,0.29,-64.39,60.82,1.55,70
-0.44,-0.73,0.39,-27.9,31.68,19.42,70
-0.59,-0.69,0.49,74.91,52.62,26.52,70
-0.75,-0.2,0.5,143.38,61.37,7.96,70
-0.87,-0.06,0.44,131.86,54.76,-15.34,70
-0.87,-0.19,0.3,76.37,26.52,-13.87,70
-0.8,-0.2,0.21,26.13,-13.63,-5.85,70
-0.68,-0.19,0.21,5.88,-47.96,-7.9,70
-0.6,-0.33,0.26,8.9,-76.1,-2.8,70
-0.55,-0.32,0.65,11.59,-96.74,1.49,70
-0.42,-0.36,1.24,-18.78,-107.5,1.77,70
-0.55,-0.48,0.55,-66.92,-78.2,13.29,70
0.15,-1.49,2.4,-77.56,-33.96,5.27,70
-0.53,-0.43,0.94,-41.65,106.71,21.95,70
-0.86,0.18,0.63,-64.3,77.29,35.4,70
-0.91,-0.5,0.37,-90.12,63.45,21.86,70
-0.58,-0.62,0.44,-53.54,58.51,32.1,70
-0.57,-0.42,0.53,53.54,67.71,36.28,70
-0.8,-0.18,0.48,130.37,88.6,6.98,70
-0.83,-0.1,0.47,109.76,71.43,-13.29,70
-0.73,-0.19,0.31,26.25,32.44,-3.75,70
-0.73,-0.23,0.09,-42.01,-10.46,9.73,70
-0.75,-0.27,-0.06,-52.59,-46.16,7.68,70
-0.79,-0.13,0.02,-25.64,-77.2,-5.88,70
-0.69,-0.14,0.4,-7.29,-107.5,-20.09,70
-0.46,-0.55,0.58,-4.18,-115.4,-24.42,70
0.07,-1.25,3,-12.71,-76.31,-19.24,70
-0.17,-0.61,1.25,-1.98,56.92,14.76,70
-0.83,0.13,0.85,-19.94,68.23,9.12,70
-1.01,-0.38,0.52,-63.54,53.72,-14.88,70
-0.61,-0.62,0.46,-70.15,41.4,8.41,70
-0.56,-0.85,0.64,3.93,46.19,39.36,70
-0.79,-0.33,0.62,85.24,72.44,33.66,70
-0.88,-0.05,0.46,103.11,79.79,2.93,70
-0.91,-0.15,0.24,75.49,65.37,-3.02,70
-0.86,-0.16,0.21,39.63,33.11,7.68,70
-0.81,-0.15,0.15,7.16,-2.1,5.09,70
-0.68,-0.23,0.03,-5.43,-38.78,-2.38,70
-0.73,-0.19,-0.05,19.97,-68.29,-6.65,70
-0.76,0,0.2,46.52,-101.28,-18.14,70
-0.56,-0.24,0.77,46.04,-127.9,-29.6,70
-0.3,-1.02,3.09,32.35,-108.26,-23.72,70
-0.01,-0.97,1.71,-5.3,8.38,18.96,70
-0.54,-0.04,0.67,-12.84,56.98,24.36,70
-1.14,-0.32,0.61,14.3,62.32,-2.5,70
-0.68,-0.38,0.61,20.98,41.01,10.18,70
-0.58,-0.55,0.53,16.25,37.1,34.91,70
-0.7,-0.54,0.67,62.23,45.15,40.73,70
-0.81,-0.07,0.68,93.05,61.28,37.13,70
-0.89,0.11,0.49,65.21,63.02,27.29,70
-0.91,0.03,0.34,40.15,51.01,10.24,70
-0.83,0.05,0.28,32.47,30.7,-2.53,70
-0.71,-0.02,0.13,27.53,-5.98,-6.34,70
-0.69,-0.02,0.02,40.88,-44.42,-17.29,70
-0.76,0.17,0.11,47.84,-83.78,-25.46,70
-0.77,0.14,0.39,27.93,-123.14,-30.61,70
-0.53,-0.31,1.22,23.69,-142.9,-43.6,70
0.32,-2.1,1.9,33.93,-68.51,-36.8,70
-0.2,0.47,1.31,5.15,41.55,20.7,70
-1.19,-0.12,0.55,-50.24,62.16,15.88,70
-1.12,-0.56,0.62,-76.52,49.15,-20.21,70
-0.22,-0.68,0.65,-53.08,41.4,-19.85,70
-0.47,-0.34,0.65,-4.57,63.38,22.65,70
-0.86,-0.24,0.71,48.08,76.62,32.2,70
-0.82,-0.17,0.56,36.4,74.48,12.99,70
-0.75,0.03,0.24,-12.44,46.37,15.91,70
-0.9,0.06,0.12,-44.09,8.87,24.42,70
-0.75,-0.16,0.13,-42.29,-32.77,17.04,70
-0.65,-0.18,0.05,-15.73,-67.56,13.9,70
-0.72,0.03,0.09,15.37,-99.18,13.02,70
-0.72,0.18,0.41,12.68,-136.07,5.4,70
-0.57,-0.1,0.84,-8.57,-159.36,-0.3,70
-0.24,-1.86,2.75,-35.15,-103.9,0.3,70
-0.24,-0.19,1.7,-49.05,25.49,47.93,70
-0.83,0.17,0.8,-53.69,69.76,46.68,70
-1.3,-0.14,0.49,-53.72,83.66,13.69,70
-0.42,-0.3,0.44,-52.44,45.52,8.93,70
-0.52,-0.41,0.45,-52.9,57.87,20.49,70
-0.74,-0.56,0.64,8.99,68.84,24.12,70
-0.8,-0.36,0.68,74.33,89.12,17.65,70
-0.89,-0.02,0.39,53.17,89.57,14.79,70
-0.99,0.04,0.15,-3.35,63.69,13.11,70
-0.91,0.07,0.07,-39.15,23.63,11.59,70
-0.75,-0.14,-0.08,-32.99,-20.37,5.85,70
-0.69,-0.09,-0.15,23.78,-57.96,-2.07,70
-0.8,0.23,0.1,62.16,-92.35,-11.62,70
-0.76,0.15,0.53,38.66,-135.09,-19.33,70
-0.59,-0.41,2.69,3.48,-149.48,-21.46,70
0.89,-1.41,2.52,-55.58,-73.75,9.91,70
-0.16,-0.27,0.97,-72.71,43.38,44.09,70
-1.08,-0.4,0.32,5.52,82.9,-15.79,70
-1.11,-0.35,0.3,20.21,61.95,-31.37,70
-0.44,-0.21,0.58,-41.16,22.44,-0.58,70
-0.63,-0.53,0.5,-63.57,30.09,13.2,70
-0.71,-0.15,0.5,3.38,35.27,-4.79,70
-0.84,0.03,0.45,38.23,48.6,-34.48,70
-0.91,-0.02,0.28,7.68,31.1,-35.06,70
-1.02,0.11,0.22,-41.22,-8.23,-20.82,70
-0.85,-0.16,0.24,-59.05,-57.44,-22.07,70
-0.57,-0.37,0.22,-19.76,-91.49,-24.6,70
-0.65,-0.13,0.57,36.22,-103.96,-13.35,70
-0.72,-0.12,1.2,41.89,-115.64,-3.69,70
-0.73,-0.72,2.7,0.64,-98.57,4.42,70
0.25,-0.98,1.92,-69.82,-24.73,35.79,70
-0.54,-0.1,0.7,-68.72,64.42,51.8,70
-1.23,-0.02,0.36,-15.18,78.29,5.7,70
-0.79,-0.37,0.42,-1.4,52.99,-20.43,70
-0.4,-0.64,0.67,-4.39,48.23,2.84,70
-0.54,-0.44,0.76,34.48,58.69,30.3,70
-0.76,-0.2,0.66,72.07,75.27,16.16,70
-0.75,-0.15,0.41,52.41,69.24,-0.61,70
-0.74,-0.1,0.15,19.3,38.75,8.63,70
-0.79,-0.03,0.07,8.57,0.88,19.51,70
-0.73,0.01,0.15,16.89,-37.41,14.21,70
-0.59,-0.13,0.21,29.7,-72.87,0.18,70
-0.53,-0.21,0.37,50.61,-101.22,-13.38,70
-0.55,-0.15,0.63,67.01,-119.97,-16.13,70
-0.53,-0.15,1.05,59.79,-125.52,-13.17,70
-0.18,-0.79,3.42,13.08,-99.97,-12.71,70
-0.43,-0.64,1.75,-103.51,25.18,18.29,70
-0.6,-0.03,0.47,-112.62,51.68,20.61,70
-1.05,-0.08,0.3,-26.68,86.4,-20.88,70
-0.8,-0.12,0.4,-11.95,66.49,-27.1,70
-0.49,-0.45,0.61,17.96,55.52,-22.77,70
-0.66,-0.45,0.71,66.46,69.12,-17.71,70
-0.82,-0.1,0.61,57.44,61.37,-8.93,70
-0.8,0.01,0.44,0.61,39.88,-2.1,70
-0.72,-0.08,0.24,-40.43,5.58,6.98,70
-0.72,-0.12,0,-26.01,-28.57,2.59,70
-0.75,-0.06,0.03,24.79,-60.61,-19.97,70
-0.7,0.1,0.14,50.52,-97.07,-30.43,70
-0.73,0.18,0.47,45.43,-129.36,-28.08,70
-0.73,-0.03,0.71,14.54,-144.18,-37.87,70
-0.11,-1.92,2.6,-16.59,-119.54,-47.01,70
0.23,-0.39,2.51,33.05,18.05,19.09,70
-1,0.61,1.16,-124.24,73.38,50.27,70
-1.16,-0.24,0.41,-203.69,81.46,-17.68,70
-0.67,-0.98,-0.16,-174.45,74.79,-31.28,70
-0.23,-0.87,0.18,-45.34,59.12,17.38,70
-0.58,-0.4,0.68,97.16,74.66,49.76,70
-0.84,0.14,0.81,126.22,80.79,20.49,70
-0.72,0.17,0.54,66.71,65.61,-20.73,70
-0.75,-0.11,0.19,37.04,40.55,-21.25,70
-0.83,-0.09,0.05,56.98,2.1,-10.18,70
-0.77,-0.02,0.06,83.69,-43.57,-23.48,70
-0.72,0.09,0.12,80.95,-86.31,-38.41,70
-0.7,0.22,0.3,53.38,-128.99,-37.59,70
-0.62,0.06,0.74,24.18,-156.49,-44.79,70
-0.12,-1.64,3.48,-5.67,-140.58,-54.3,70
0.31,-0.54,2.16,-41.89,-8.2,5.24,70
-0.68,-0.34,0.84,-55.76,54.02,22.2,70
-1.31,-0.45,0.24,-10.95,81.83,-24.76,70
-0.45,-0.43,0.81,18.66,54.73,-28.99,70
-0.22,-0.6,0.89,-0.18,56.8,6.31,70
-0.58,-0.5,0.79,16.86,70.27,31.34,70
-0.78,-0.25,0.64,42.87,79.97,22.74,70
-0.75,-0.06,0.39,23.78,67.74,11.98,70
-0.76,0.11,0.27,-0.24,38.48,16.34,70
-0.83,0.06,0.19,-1.34,8.63,18.02,70
-0.8,0.03,0.19,14.45,-25.15,0.09,70
-0.74,-0.14,0.14,40.7,-56.8,-21.46,70
-0.76,0,0.25,63.35,-86.04,-26.71,70
-0.76,0.09,0.6,53.35,-113.57,-24.97,70
-0.59,-0.11,0.87,10.79,-125.27,-30.03,70
0.81,-1.74,3.11,-83.69,-82.38,-25.46,70
-0.1,-0.59,1.33,-162.35,61.8,28.78,70
-0.7,-0.45,0.54,-75.64,92.2,6.68,70
-1.07,-0.02,0.62,-37.87,115.79,-15.79,70
-0.57,-0.12,0.71,-130.91,79.15,-4.18,70
-0.52,-0.36,0.51,-244.12,62.53,21.16,70
-0.51,-0.5,0.35,-238.78,49.48,35.61,70
-0.69,-0.49,0.12,-126.04,68.08,20.3,70
-0.8,-0.26,-0.02,-12.84,82.96,-9.91,70
-0.77,0.1,-0.04,20.3,56.83,-22.38,70
-0.76,-0.1,-0.12,0.79,6.89,-30.79,70
-0.8,-0.55,-0.04,7.93,-39.09,-44.21,70
-0.71,-0.65,0.17,52.68,-74.85,-47.47,70
-0.64,-0.42,0.65,56.77,-104.05,-35.21,70
-0.54,-0.54,0.2,-18.05,-130.98,-7.59,70
0.08,-0.7,3.28,-129.3,-109.05,18.41,70
-0.12,-0.9,1.1,-195.61,13.6,44.51,70
-0.59,-0.91,0.29,-42.87,80.85,-17.32,70
-1.19,-0.63,0.57,62.07,109.24,-36.52,70
-0.73,-0.21,0.59,2.29,63.75,23.81,70
-0.55,-0.47,0.46,-80.27,37.23,51.01,70
-0.68,-0.81,0.38,-12.35,48.17,16.01,70
-0.74,-0.53,0.33,117.5,71.74,-16.65,70
-0.81,-0.18,0.26,147.5,63.23,-6.22,70
-0.85,-0.02,0.25,78.57,19.85,5.55,70
-0.73,-0.32,0.3,-4.3,-23.81,-5.88,70
-0.48,-0.79,0.19,-17.71,-55.06,-8.23,70
-0.65,-0.49,0.19,25.12,-64.05,6.25,70
-0.83,-0.14,0.51,7.2,-85.43,15.03,70
-0.74,-0.03,0.46,-96.92,-117.44,12.16,70
0.19,-0.08,2.79,-232.1,-98.2,14.33,70
-0.29,-1.39,0.84,-349.97,-11.37,42.93,70
-0.14,-1.47,0.27,-30.03,49.02,3.87,70
-1.17,-0.35,0.49,242.84,176.83,-27.26,70
-1,-0.09,0.51,186.43,130.18,-12.99,70
-0.55,-0.33,0.08,50.15,67.74,11.4,70
-0.66,-0.55,0.02,10.24,51.07,24.45,70
-0.72,-0.59,0.29,67.07,36.89,10.43,70
-0.81,-0.42,0.23,121.62,45.95,-15.91,70
-0.79,-0.15,0.23,110.18,25.79,-17.77,70
-0.82,-0.06,0.19,41.74,-12.29,4.42,70
-0.75,-0.4,0.21,-4.3,-51.68,2.74,70
-0.68,-0.61,0.01,10.27,-74.27,-23.75,70
-0.78,-0.35,0.12,48.84,-96.83,-24.09,70
-0.89,-0.02,0.37,19.42,-132.44,-10.27,70
-0.09,0.13,3.87,-110.79,-150.55,-3.69,70
-0.14,-1.1,0.99,-357.23,-64.24,45.06,70
0.14,-1.35,0.26,-140.73,-14.09,9.82,70
-1.22,-1.1,0.6,194.79,130.82,-54.48,70
-1.02,-0.12,0.91,203.96,104.33,-15.4,70
-0.33,-0.13,0.69,17.32,40.09,31.95,70
-0.6,-0.89,0.45,-88.48,44.09,40.91,70
-0.69,-0.82,0.46,-33.41,38.29,35.55,70
-0.79,-0.45,0.27,55.7,62.71,22.35,70
-0.82,-0.17,0.14,79.82,54.73,28.75,70
-0.87,0.03,0.16,48.29,18.2,38.87,70
-0.85,-0.13,0.1,14.36,-13.63,20.95,70
-0.78,-0.21,-0.07,17.56,-41.52,-5.95,70
-0.81,-0.31,-0.02,55.37,-69.79,-16.13,70
-0.79,-0.15,0.24,73.26,-106.28,-15.46,70
-0.67,-0.11,0.51,36.1,-138.84,-19.85,70
-0.08,-0.72,4.19,-70.21,-125.09,-14.05,70
0.08,-1.21,1.32,-217.35,-9.79,56.13,70
-0.25,-0.91,0.35,-18.87,61.19,32.96,70
-1.11,-0.36,0.44,179.85,126.62,-49.12,70
-0.92,-0.07,0.59,155.7,90.91,-35.79,70
-0.43,-0.33,0.67,35.18,38.45,25.91,70
-0.65,-0.79,0.63,1.1,37.9,51.92,70
-0.7,-0.52,0.56,65.58,49.51,24.88,70
-0.8,-0.12,0.38,100.55,65.58,-1.83,70
-0.88,0.01,0.19,74.82,46.28,0.85,70
-0.94,0,0,39.66,13.41,9.12,70
-0.89,0.08,0.04,13.63,-27.93,-5.34,70
-0.75,-0.2,0.01,13.63,-66.62,-30.55,70
-0.71,-0.17,0.11,38.75,-96.71,-43.02,70
-0.73,-0.01,0.4,38.26,-126.16,-42.8,70
-0.54,-0.14,0.46,1.13,-151.68,-43.54,70
0.17,-1.33,3.46,-98.69,-123.38,-34.15,70
0.2,-0.99,1.43,-237.53,-10.91,35.18,70
-0.5,-1.36,0.25,-60.09,67.77,17.77,70
-1,-0.61,0.35,135.88,113.08,-27.44,70
-0.82,0,0.72,114.33,83.93,-9.05,70
-0.52,-0.19,0.67,-19.15,46.86,40.43,70
-0.68,-0.61,0.62,-52.47,42.93,60.58,70
-0.75,-0.56,0.52,21.28,52.8,36.04,70
-0.77,-0.12,0.34,70.82,60.52,18.08,70
-0.84,0.2,0.2,58.35,38.9,26.59,70
-0.93,0.12,0.13,33.63,6.77,22.74,70
-0.82,-0.08,0.04,28.51,-31.95,-8.75,70
-0.68,-0.17,0.02,53.23,-69.27,-35.15,70
-0.64,-0.02,0.23,69.3,-105.7,-36.49,70
-0.62,0.02,0.58,41.59,-137.65,-36.65,70
-0.43,-0.46,3.26,-12.5,-143.75,-42.29,70
0.26,-1.05,2.1,-119.94,-50.82,-2.77,70
-0.2,-1.19,0.72,-69.21,41.37,12.74,70
-0.94,-0.72,0.17,80.37,92.71,-14.05,70
-0.89,0.04,0.73,103.81,72.71,0.7,70
-0.45,-0.26,0.89,-6.19,33.66,25.98,70
-0.59,-0.7,0.62,-45.37,37.68,45.91,70
-0.67,-0.4,0.55,36.98,47.1,36.04,70
-0.8,0.02,0.57,87.71,59.7,20.03,70
-0.77,0.29,0.53,59.73,36.86,28.32,70
-0.83,0.11,0.33,37.62,14.33,28.35,70
-0.83,0.08,0.16,53.02,-13.35,-8.02,70
-0.74,0.02,0.15,70.88,-51.62,-40.7,70
-0.69,0.07,0.31,79.09,-87.16,-38.78,70
-0.73,0.17,0.63,68.57,-110.88,-46.04,70
-0.59,-0.46,2.04,23.87,-120.49,-66.83,70
0.02,-1.15,2.24,-55.21,-52.04,-39.18,70
-0.43,-0.63,0.89,-90.43,20.79,16.52,70
-0.87,-0.47,0.35,-33.32,43.2,13.38,70
-0.59,-0.14,0.48,16.83,48.54,-6.68,70
-0.43,-0.53,0.82,11.19,41.31,0.79,70
-0.58,-0.65,0.81,11.65,46.43,27.26,70
-0.7,-0.19,0.63,29.6,51.98,37.35,70
-0.83,0.28,0.38,15.73,42.99,29.15,70
-0.91,0.39,0.23,-8.9,13.2,19.7,70
-0.83,0.09,0.11,4.88,-24.39,2.5,70
-0.62,-0.09,0.14,60.21,-61.77,-27.41,70
-0.55,0.06,0.26,94.85,-96.86,-43.69,70
-0.59,0.16,0.6,72.26,-133.26,-36.01,70
-0.4,-0.07,1.66,14.97,-154.6,-38.17,70
0.42,-1.78,2.46,-71.25,-95.15,-37.38,70
0.02,-0.46,1.17,-126.59,11.1,15.34,70
-0.8,-0.89,0.37,-68.48,53.14,5.58,70
-0.77,-0.57,0.44,-10.03,62.93,-16.98,70
-0.29,-0.35,0.87,-7.04,55.34,-7.65,70
-0.46,-0.61,0.84,-29.73,67.04,14.54,70
-0.63,-0.46,0.78,-16.59,81.52,21.55,70
-0.67,-0.2,0.66,-9.97,92.29,12.41,70
-0.67,-0.13,0.43,-33.35,82.56,7.32,70
-0.74,0.18,0.32,-57.99,57.74,11.52,70
-0.8,0.03,0.21,-52.74,27.13,14.33,70
-0.84,-0.05,0.06,-15.73,-14.6,-3.72,70
-0.84,-0.1,0.09,26.01,-62.44,-30.61,70
-0.72,-0.08,0.29,37.87,-114.12,-23.48,70
-0.69,0.01,0.77,10.7,-154.02,-9.33,70
-0.29,-0.37,3.4,-55.3,-151.65,-17.38,70
0.35,-0.81,2.01,-172.65,-51.43,-4.33,70
-0.32,-1.3,0.49,-81.92,41.52,-2.68,70
-1.03,-0.48,0.42,49.57,82.29,0.76,70
-0.66,-0.11,0.93,23.48,65.52,-2.96,70
-0.43,-0.66,0.79,-75.7,54.6,13.48,70
-0.57,-0.66,0.53,-67.29,49.97,50.88,70
-0.71,-0.38,0.56,22.56,61.19,38.78,70
-0.73,-0.14,0.55,53.81,61.04,18.81,70
-0.76,0.08,0.46,13.9,31.8,33.35,70
-0.82,0.05,0.37,-25.91,2.41,40.4,70
-0.75,-0.13,0.2,-23.11,-25.76,19.45,70
-0.61,-0.26,0.17,20,-50.34,-11.22,70
-0.62,-0.2,0.24,53.17,-72.68,-19.88,70
-0.65,-0.09,0.5,33.63,-104.36,-14.97,70
-0.47,-0.26,0.4,-23.45,-129.79,-16.04,70
0.4,-1.72,2.56,-127.07,-97.96,-11.34,70
-0.11,-0.46,1.33,-220.67,22.71,39.27,70
-0.5,-0.74,0.63,-96.46,62.53,4.42,70
-1.03,-0.53,0.52,6.22,116.01,-34.79,70
-0.59,-0.29,0.56,-19.91,82.71,-14.3,70
-0.55,-0.33,0.46,-103.14,53.81,33.14,70
-0.76,-0.61,0.4,-83.66,39.3,47.96,70
-0.71,-0.47,0.47,18.99,40.46,21.74,70
-0.74,-0.13,0.42,72.96,43.84,-0.76,70
-0.8,0,0.33,46.22,13.35,6.19,70
-0.88,-0.07,0.3,-5.91,-22.07,11.71,70
-0.7,-0.41,0.16,-20.61,-56.13,-7.74,70
-0.58,-0.39,0.21,17.04,-77.07,-23.93,70
-0.64,-0.22,0.62,25.64,-97.44,-18.78,70
-0.49,-0.49,0.21,-43.75,-124.09,-8.38,70
0.45,-1.53,2.88,-151.31,-117.41,7.56,70
0.13,-0.72,0.97,-175.73,4.45,59.85,70
-0.64,-0.99,0.4,-6.4,71.16,18.96,70
-1.04,-0.5,0.59,88.93,102.04,-25.06,70
-0.61,-0.29,0.69,26.01,69.21,6.74,70
-0.52,-0.65,0.6,-53.14,43.6,63.9,70
-0.66,-0.68,0.5,-0.03,48.14,54.7,70
-0.69,-0.38,0.43,105.76,68.63,10.64,70
-0.75,-0.19,0.4,142.65,65.52,10.21,70
-0.84,0.11,0.43,101.25,36.71,20.12,70
-0.8,-0.17,0.31,36.59,1.16,0,70
-0.68,-0.43,-0.07,29.02,-33.57,-16.34,70
-0.73,-0.24,-0.02,69.88,-60.88,-8.32,70
-0.85,0.07,0.24,56.77,-96.77,-1.19,70
-0.7,0.01,0.01,-16.07,-138.57,-7.71,70
0.1,-1.73,3.22,-148.99,-139.63,-7.32,70
0.12,-0.64,0.9,-245.82,-27.07,41.62,70
-0.15,-1,0.57,6.34,44.54,1.34,70
-1.22,-0.52,0.52,160.09,126.46,-30.37,70
-0.69,0.12,0.84,92.41,65.7,-9.73,70
-0.5,-0.48,0.7,-77.29,29.91,24.73,70
-0.59,-0.83,0.58,-108.57,22.29,40.46,70
-0.56,-0.53,0.54,1.19,43.14,29.3,70
-0.76,-0.19,0.54,75.18,64.18,19.79,70
-0.83,0.02,0.32,57.59,43.2,13.38,70
-0.78,-0.11,0.24,22.47,13.81,0.06,70
-0.72,-0.38,0.19,10.79,-18.72,-0.85,70
-0.7,-0.35,0.15,30.61,-44.51,-4.05,70
-0.73,-0.22,0.25,41.01,-71.4,-10.24,70
-0.73,-0.22,0.62,3.48,-106.1,-2.53,70
-0.73,-0.37,1.29,-65.58,-120.58,9.45,70
0.53,-1.59,2.29,-169.39,-97.13,21.01,70
-0.12,-0.81,0.84,-137.35,40.55,45.67,70
-0.79,-0.5,0.51,62.99,94.66,-3.14,70
-1,-0.3,0.49,141.16,105.82,-39.02,70
-0.56,-0.14,0.68,76.1,65.12,-7.56,70
-0.64,-0.35,0.68,-4.79,41.89,30.3,70
-0.7,-0.53,0.55,18.05,42.38,9.33,70
-0.71,-0.31,0.48,78.11,52.47,-12.47,70
-0.81,-0.06,0.39,70.67,39.3,-3.87,70
-0.89,-0.02,0.26,7.84,8.29,-1.65,70
-0.82,-0.22,0.14,-46.98,-30.18,-8.11,70
-0.71,-0.35,0.1,-47.5,-62.93,-12.59,70
-0.77,-0.14,0.22,-23.05,-86.49,-13.81,70
-0.85,0.09,0.54,-41.98,-117.53,-12.62,70
-0.69,-0.14,0.55,-101.92,-142.29,-16.07,70
0.36,-1.72,2.96,-194.27,-120.12,-11.77,70
0.04,-0.8,1.11,-181.34,-4.21,34.05,70
-0.78,-0.57,0.96,61.89,80.52,-13.41,70
-1.51,-0.45,0.87,151.37,129.6,-69.33,70
-0.96,0.1,0.95,69.21,82.71,-38.54,70
-0.98,-0.2,0.77,-61.25,68.26,22.62,70
-1.12,-0.68,0.73,-81.46,60.88,51.22,70
-1.13,-0.52,0.81,12.23,84.3,41.07,70
-1.2,-0.27,0.72,74.27,113.63,21.07,70
-1.25,-0.15,0.43,51.19,110.73,25.24,70
-1.41,-0.06,0.13,2.5,83.14,40.3,70
-1.52,-0.03,0.01,-13.69,39.42,34.02,70
-1.4,-0.02,0.11,19.85,-2.07,7.99,70
-1.28,-0.11,0.29,83.99,-33.57,-3.32,70
-1.26,-0.2,0.59,135.24,-62.26,-8.14,70
-1.23,-0.15,0.71,124.48,-92.32,-35.55,70
-0.81,-0.37,0.29,76.28,-119.36,-66.52,70
1.06,0.39,2.35,-69.27,-108.54,-90.58,70
0.92,-0.79,0.46,-211.8,11.4,-102.29,70
0.15,-1.34,0.25,-11.22,62.9,-121.74,70
-0.58,-1.04,0.17,29.94,101.22,-100,70
0.32,-1.22,0.28,-39.57,49.09,-50.09,70
0.32,-0.89,0.51,-19.97,88.57,-22.62,70
0.01,-0.6,0.47,-32.35,125,-5.52,70
-0.37,-0.74,-0.13,-51.68,145.12,9.73,70
-0.63,-0.66,-0.4,-7.62,125.06,21.07,70
-0.64,-0.6,-0.34,34.39,73.26,23.84,70
-0.61,-0.62,-0.23,52.84,12.59,18.6,70
-0.57,-0.62,-0.05,64.45,-44.51,19.88,70
-0.58,-0.54,0.16,65.27,-93.54,19.45,70
-0.57,-0.6,0.46,69.82,-123.6,17.07,70
-0.4,-0.37,2.56,81.77,-116.19,13.2,70
0.86,-1.31,1.59,-32.5,-8.54,16.68,70
-0.64,0,0.47,3.93,104.27,40.21,70
-0.96,0.19,0.78,-2.65,86.59,12.53,70
-0.6,-0.67,0.42,-113.17,78.69,-15.15,70
-0.37,-0.94,0.21,-76.71,70.18,17.96,70
-0.65,-0.52,0.35,25.46,87.5,38.78,70
-0.77,-0.22,0.4,55.7,93.93,22.65,70
-0.89,-0.23,0.18,13.72,86.89,5.73,70
-0.97,-0.33,0,-34.18,56.28,10.21,70
-1.01,-0.42,-0.15,-41.55,14.48,23.54,70
-0.96,-0.46,-0.2,9.3,-33.08,19.33,70
-0.95,-0.3,-0.05,68.51,-80.61,18.57,70
-0.9,-0.3,0.1,78.6,-123.9,14.73,70
-0.79,-0.44,0.31,70.55,-154.66,5,70
-0.58,-0.57,0.84,75.55,-161.07,3.35,70
0.75,-0.31,2.54,4.33,-113.23,10.27,70
-0.24,-0.41,1.03,-2.9,56.31,31.1,70
-0.97,0.22,0.85,58.66,100.37,2.77,70
-0.92,0.01,0.52,-72.65,75.43,-22.99,70
-0.65,-0.74,0.22,-147.84,57.44,-10.88,70
-0.65,-0.68,0.27,-91.74,66.59,2.68,70
-0.79,-0.39,0.31,-20.3,78.11,6.49,70
-0.86,-0.25,0.29,2.68,81.4,-12.56,70
-0.95,-0.25,0.15,-17.9,73.9,-30.79,70
-0.94,-0.24,0.06,-46.83,43.05,-25.76,70
-0.96,-0.49,-0.13,-35.67,3.87,-17.59,70
-0.85,-0.69,-0.1,29.45,-51.31,-16.22,70
-0.75,-0.65,0.14,81.34,-107.23,-12.07,70
-0.73,-0.61,0.41,86.16,-150,1.71,70
-0.53,-0.68,0.35,79.33,-168.23,16.65,70
0.45,-0.16,2.03,-12.99,-125.52,15.95,70
-0.09,-0.09,1.44,-63.35,16.31,18.17,70
-0.96,-0.54,0.57,67.8,99.12,-18.93,70
-1.04,-0.17,0.34,56.01,93.45,-30.24,70
-0.64,-0.41,0.31,-98.57,39.33,16.62,70
-0.69,-0.71,0.33,-99.88,49.91,14.88,70
-0.68,-0.45,0.35,-11.52,86.77,-12.8,70
-0.73,-0.24,0.28,12.1,99.3,-25.21,70
-0.97,-0.44,-0.05,-11.43,85.58,-26.89,70
-0.99,-0.57,-0.16,-5.49,40.95,-13.87,70
-0.87,-0.5,-0.13,20.61,-17.74,-7.53,70
-0.73,-0.6,-0.02,49.79,-76.86,-5.3,70
-0.68,-0.65,0.18,75.67,-124.05,4.6,70
-0.67,-0.57,0.53,88.93,-155.37,14.05,70
-0.53,-0.55,0.97,81.8,-161.01,16.77,70
0.27,-0.49,2.08,-50.21,-93.69,20.85,70
-0.22,-0.03,0.96,-100.88,41.13,14.21,70
-1.05,-0.69,0.24,31.22,101.37,-27.13,70
-0.72,-0.32,0.37,-14.54,58.78,-3.78,70
-0.59,-0.84,0.28,-97.1,32.44,49.7,70
-0.5,-0.79,0.32,-24.91,57.44,37.23,70
-0.51,-0.32,0.33,38.2,87.68,17.68,70
-0.73,-0.2,0.22,16.1,95.67,-1.19,70
-0.91,-0.2,0.2,-31.25,75.7,-1.98,70
-0.97,-0.29,0.04,-39.97,40.43,14.45,70
-0.82,-0.37,-0.02,5.64,-16.25,12.71,70
-0.8,-0.23,0.08,69.27,-74.18,0.09,70
-1.06,-0.09,0.14,88.11,-123.26,-15.15,70
-1.16,-0.13,0.61,87.41,-176.07,-22.2,70
0.58,1.26,2.76,-28.41,-192.32,-41.01,70
-0.27,-0.6,0.26,-194.3,4.3,-78.75,70
-0.29,-1.45,0.32,-5.27,-1.28,-118.6,70
-0.11,-0.59,0.25,46.86,-17.59,-1.8,70
-0.11,-1.03,0.16,-43.78,-10.34,41.55,70
0.15,-1.1,0.34,-24.33,-13.6,12.68,70
-0.29,-0.74,0.58,-21.55,29.57,47.59,70
-0.53,-0.65,0.47,-67.8,55.37,76.19,70
-0.71,-0.58,0.16,-82.01,75.79,67.04,70
-0.97,-0.32,-0.02,-46.71,82.65,41.62,70
-1.14,0.07,-0.04,8.6,58.78,18.96,70
-1.15,-0.11,-0.04,57.77,8.48,4.57,70
-0.96,-0.45,0.17,105.24,-63.54,1.31,70
-0.85,-0.31,0.49,93.96,-124.51,-8.54,70
-0.95,-0.22,0.76,3.6,-171.16,-7.5,70
-0.55,0.01,3.48,-120.82,-179.45,3.69,70
-0.08,-1.69,0.85,-195.88,-24.48,0.21,70
-0.29,-0.89,0.62,-11.49,30.09,6.68,70
-0.55,-0.32,0.78,20.03,16.13,24.05,70
-0.83,-0.54,0.26,-76.13,22.59,35.09,70
-0.54,-1.07,0.07,-79.09,8.08,38.45,70
-0.68,-0.93,0.19,17.65,29.57,52.07,70
-0.84,-0.48,0.39,98.14,55.61,47.8,70
-0.95,-0.05,0.26,103.87,60.4,20.37,70
-0.98,0.19,0.12,72.32,40.15,-16.55,70
-0.99,0.25,0.28,19.57,-5.09,-32.1,70
-0.82,-0.07,0.29,-23.9,-67.32,-24.94,70
-0.91,-0.14,0.18,-7.32,-102.5,-32.77,70
-1.04,0.09,0.39,25.21,-132.59,-64.15,70
-1.08,0.4,1.22,-29.85,-174.76,-84.39,70
0.02,-1.33,2.51,-219.48,-158.84,-81.22,70
-0.22,-1.04,0.77,-272.07,-26.89,-34.12,70
-0.17,-0.83,0.66,-57.71,-11.52,-60.24,70
-1.03,-0.6,0.69,-4.3,9.85,-79.18,70
-0.77,-0.86,0.39,-59.66,-35.67,-35.88,70
-0.44,-1.31,0.46,-42.13,-47.8,20.34,70
-0.45,-1.03,0.74,38.75,-33.2,32.84,70
-0.65,-0.54,0.81,68.48,-5.43,21.95,70
-0.82,-0.43,0.5,49.3,11.49,25.24,70
-0.88,-0.37,0.22,46.25,6.83,33.26,70
-0.82,-0.12,0.31,61.86,-10.27,19.88,70
-0.63,-0.13,0.4,66.4,-35.55,-0.12,70
-0.55,-0.25,0.18,68.75,-65.7,-7.23,70
-0.65,-0.34,0.22,94.79,-96.65,-15.88,70
-0.62,-0.26,0.57,85,-131.46,-23.41,70
-0.71,-0.51,1.18,2.04,-155.09,-11.59,70
0.63,-1.17,2.67,-137.13,-121.83,22.77,70
0.03,-1.17,0.58,-138.35,13.78,54.33,70
-0.15,-1.17,0.64,96.01,44.63,-9.54,70
-0.82,-0.34,0.6,162.74,95.82,-25,70
-0.69,-0.15,0.66,33.81,52.01,22.9,70
-0.49,-0.76,0.65,-84.24,15.12,49.24,70
-0.51,-0.87,0.63,-58.69,27.56,40.95,70
-0.46,-0.52,0.76,61.22,48.63,28.02,70
-0.7,-0.06,0.72,118.6,67.07,32.53,70
-0.81,0.1,0.57,91.25,49.91,23.14,70
-0.77,0.06,0.34,53.75,19.63,-4.54,70
-0.7,-0.08,0.28,49.94,-15.37,-22.5,70
-0.64,-0.14,0.33,71.77,-47.84,-28.6,70
-0.57,-0.15,0.47,73.32,-79.18,-29.57,70
-0.37,-0.75,2.91,18.08,-98.23,-19.57,70
0.32,-1.34,1.76,-165.03,-38.26,44.63,70
-0.26,-0.93,0.28,-152.62,29.94,70.24,70
-0.83,-0.63,0.37,39.24,78.96,3.57,70
-0.82,-0.23,0.97,78.78,101.59,-7.87,70
-0.5,-0.4,0.95,-9.27,79.36,39.3,70
-0.57,-0.62,0.79,-28.32,88.99,53.17,70
-0.56,-0.38,0.7,31.62,103.66,39.73,70
-0.61,-0.13,0.44,71.31,101.89,40.76,70
-0.7,0,0.24,74.39,71.1,34.42,70
-0.66,-0.12,0.11,68.02,29.97,13.6,70
-0.61,-0.09,0,73.29,-9.09,-1.28,70
-0.65,-0.01,0.05,83.17,-46.01,-13.57,70
-0.64,-0.06,0.16,82.1,-82.99,-28.48,70
-0.6,-0.16,0.49,71.22,-113.26,-39.91,70
-0.42,-0.38,1.07,57.56,-123.93,-40.37,70
0.04,-1.39,2.73,-6.46,-78.84,-27.8,70
-0.53,-0.62,0.98,-131.13,46.55,19.73,70
-0.43,-0.42,0.53,-62.53,53.78,13.96,70
-0.81,-0.36,0.4,39.33,87.84,-6.92,70
-0.47,-0.39,0.79,102.77,74.63,3.38,70
-0.5,-0.34,0.95,96.74,67.5,32.07,70
-0.68,-0.19,0.89,61.98,61.89,39.39,70
-0.7,-0.08,0.66,28.63,52.62,30.82,70
-0.71,-0.05,0.45,12.8,36.28,29.66,70
-0.71,0.05,0.3,14.94,10.98,20.34,70
-0.75,0.07,0.11,24.02,-18.9,-1.89,70
-0.76,0.04,0.07,33.23,-58.45,-23.35,70
-0.72,0.07,0.17,36.59,-96.04,-33.84,70
-0.68,0.01,0.55,33.51,-125.24,-42.29,70
-0.68,0.01,0.55,24.39,-132.74,-46.83,70