0.18,0.96,0.25,4.21,-1.19,-1.46,65
0.18,0.96,0.25,0.64,-0.27,-0.43,65
0.18,0.96,0.25,0.64,-0.15,-0.46,65
0.18,0.96,0.25,0.76,-0.06,-0.43,65
0.18,0.96,0.25,0.73,-0.09,-0.55,65
0.18,0.96,0.25,0.58,-0.18,-0.43,65
0.18,0.96,0.25,0.55,-0.18,-0.46,65
0.18,0.96,0.24,0.7,-0.15,-0.43,65
0.18,0.96,0.25,0.76,-0.12,-0.52,65
0.18,0.96,0.25,0.7,0.06,-0.64,65
0.18,0.95,0.25,0.61,0.09,-0.67,65
0.18,0.96,0.25,0.61,0.18,-0.64,65
0.18,0.96,0.25,0.73,0.06,-0.61,65
0.18,0.96,0.25,0.73,-0.03,-0.49,65
0.18,0.96,0.25,0.76,-0.21,-0.4,65
0.18,0.96,0.25,0.82,0,-0.61,65
0.18,0.96,0.25,0.67,0.06,-0.58,65
0.18,0.96,0.25,0.46,0.06,-0.55,65
0.18,0.96,0.25,0.34,-0.15,-0.49,65
0.18,0.96,0.25,0.4,-0.3,-0.43,65
0.18,0.96,0.25,0.79,-0.43,-0.37,65
0.18,0.96,0.25,1.16,-0.37,-0.4,65
0.18,0.96,0.25,1.19,-0.21,-0.58,65
0.18,0.96,0.25,0.95,0.06,-0.7,65
0.18,0.96,0.25,0.64,0.12,-0.67,65
0.18,0.96,0.25,0.37,0.03,-0.64,65
0.18,0.96,0.25,0.06,-0.24,-0.55,65
0.18,0.96,0.25,-0.09,-0.37,-0.34,65
0.18,0.96,0.25,-0.12,-0.52,-0.21,65
0.18,0.96,0.25,0.03,-0.58,-0.21,65
0.18,0.95,0.24,0.18,-0.52,-0.15,65
0.19,0.96,0.26,0.73,-0.52,-0.49,65
0.19,0.95,0.24,0.79,-0.12,-0.34,65
0.17,0.96,0.23,1.49,-0.06,-0.58,65
0.19,0.94,0.21,0.88,0.06,-0.79,65
0.18,0.94,0.21,0.85,0.3,-0.73,65
0.17,0.95,0.2,0.58,0.3,-0.58,65
0.16,0.98,0.28,0.43,0.06,-0.37,65
0.18,0.95,0.27,-0.06,-0.79,-0.21,65
0.18,0.95,0.2,0.06,-0.4,-0.18,65
0.16,0.97,0.3,0.79,-0.61,-0.09,65
0.19,0.96,0.24,0.79,-0.34,-0.61,65
0.18,0.94,0.25,0.91,-0.52,-0.61,65
0.18,0.96,0.21,1.13,0.52,-0.85,65
0.17,0.97,0.25,1.04,0.15,-0.85,65
0.21,0.97,0.25,2.35,-0.91,-2.5,65
0.31,0.98,0.13,17.35,1.13,-11.68,65
0.33,1.23,0.37,41.46,19.05,-40.7,65
0.31,1.92,0.3,88.72,39.05,-104.66,65
0.04,1.96,-0.46,167.71,88.29,-173.23,65
-0.84,1.77,-0.71,394.39,207.04,-266.37,65
-0.58,1.91,-0.09,565.49,96.59,-273.05,65
-0.41,1.96,0.32,492.8,-26.89,-258.2,65
-0.59,1.85,-0.05,262.71,-9.3,-270.85,65
-0.57,1.27,-0.62,21.37,-40.73,-256.13,65
-0.27,0.64,-0.87,-90.34,-150.58,-227.16,65
-0.25,0.31,-1.09,-61.68,-199.79,-198.35,65
-0.36,0.22,-1.01,49.51,-223.96,-164.24,65
-0.27,0.37,-0.75,148.08,-264.82,-135.24,65
-0.17,0.51,-0.35,181.22,-292.01,-106.04,65
-0.07,0.73,0.01,161.22,-294.91,-72.53,65
-0.04,2.51,1.14,106.25,-251.34,-77.41,65
0.99,1.31,1.72,19.33,-184.91,-158.2,65
0.37,0.88,0.71,-89.91,-5.85,-212.16,65
-0.41,0.45,0.26,-163.17,79.54,-178.2,65
-0.74,0.12,-0.1,-135.64,54.76,-101.55,65
-0.61,0.21,-0.58,-34.24,62.47,-83.17,65
-0.73,0.22,-0.57,57.23,81.65,-96.55,65
-0.85,0.26,-0.28,73.54,31.16,-71.65,65
-0.88,0.24,-0.17,7.65,-5.64,-42.71,65
-0.87,0.27,-0.32,-94.97,12.71,-24.51,65
-0.81,0.59,-0.75,-175.55,20.06,7.47,65
-0.85,0.37,-1.31,-173.11,-23.84,19.24,65
-0.85,0.07,-1.32,-57.65,-98.63,3.78,65
-0.75,0.13,-0.7,120.91,-166.22,15.21,65
-1.23,1.01,3.22,274.51,-217.53,45.12,65
1.24,1.71,0.84,326.74,-156.86,3.26,65
-0.11,0.76,0.21,176.62,212.87,-114.91,65
-1.87,1.56,-0.04,-55.4,207.56,-80.15,65
-1.3,0.79,-0.02,-222.44,-47.65,11.31,65
-0.26,0.57,0.03,-241.55,-53.17,10.06,65
-0.21,0.49,-0.22,-154.18,123.66,-45.4,65
-0.71,0.49,-0.5,-75.46,169.73,-45.34,65
-1.02,0.43,-0.76,-37.99,86.86,-11.59,65
-1.02,0.29,-0.86,2.41,41.86,-10.24,65
-0.89,0.4,-0.99,40.43,47.62,-17.1,65
-0.86,0.48,-1.01,34.33,13.66,-2.2,65
-0.82,0.34,-1.08,6.19,-61.95,9.85,65
-0.85,0.27,-1.02,19.15,-115.76,18.05,65
-0.9,0.35,-0.58,86.04,-149.6,31.98,65
-1.13,1.55,4.63,195.4,-215.52,42.5,65
1,0.98,0.09,279.33,-107.13,-42.68,65
-0.25,0.37,-0.34,236.16,224.15,-140.64,65
-2.31,1.98,0.22,68.23,156.07,-51.4,65
-1.66,1.07,0.58,-124.3,-138.75,69.88,65
-0.23,0.87,0.58,-229.79,-110.49,-5.88,65
-0.18,0.59,0.02,-236.95,107.9,-83.57,65
-0.81,0.28,-0.52,-201.34,171.95,-48.81,65
-1.33,0.09,-1.07,-138.54,105.12,1.16,65
-1.43,-0.09,-1.12,-31.01,54.27,-7.38,65
-1.08,0.12,-0.76,73.35,21.16,-21.01,65
-0.71,0.34,-0.64,68.78,-16.25,-5.95,65
-0.74,0.25,-0.85,-8.08,-55.91,13.81,65
-0.89,0.11,-0.97,-44.91,-116.19,42.1,65
-1.66,1.01,1.62,24.6,-182.41,73.72,65
1.25,1.65,0.95,157.5,-231.86,58.81,65
0.48,0.4,-0.06,148.41,98.78,-60.3,65
-1.06,1.72,-0.1,57.77,224.02,-56.31,65
-1.8,1.28,-0.17,-92.2,50.82,129.18,65
-0.9,0.95,0.34,-194.21,-116.74,153.54,65
-0.06,0.57,-0.06,-184.91,-55.15,19.36,65
-0.28,0.26,-0.58,-108.26,89.09,-42.5,65
-1.17,0.1,-1,-17.1,128.26,30.21,65
-1.91,0.33,-1.06,53.2,77.74,79.6,65
-1.54,0.57,-0.7,80,5.12,28.35,65
-0.76,0.63,-0.65,45.24,-27.87,-29.63,65
-0.61,0.44,-0.96,-3.66,-40.55,-25,65
-0.86,0.3,-0.92,5.64,-100.03,16.34,65
-1.35,0.8,1.22,94.94,-190.06,43.23,65
1.08,1.73,1.25,240.15,-244.6,3.29,65
0.48,0.28,-0.01,232.9,58.84,-127.93,65
-1.08,1.24,0.13,119.6,187.96,-127.77,65
-2.06,1.3,0.13,-23.14,24.97,86.59,65
-1.34,1.5,0.53,-165.27,-107.9,137.71,65
-0.43,0.91,0.17,-232.38,-18.54,-31.68,65
-0.34,0.37,-0.26,-223.51,105.55,-127.1,65
-0.7,-0.14,-0.68,-167.5,119.05,-66.13,65
-1.09,-0.03,-0.98,-54.97,85.67,14.97,65
-1.47,0.28,-0.82,65.88,72.5,21.86,65
-1.22,0.5,-0.43,106.28,30.7,-22.2,65
-0.64,0.59,-0.55,28.02,-24.3,-49.6,65
-0.55,0.29,-1.03,-60.67,-69.63,-27.01,65
-0.83,-0.03,-1.12,-39.57,-133.41,33.87,65
-1.4,0.91,1.55,100.06,-210.64,75.3,65
0.96,1.97,0.72,277.68,-250.98,34.66,65
0.37,0.63,0.4,251.1,59.39,-104.66,65
-0.86,1.34,0.14,112.74,180.37,-100.24,65
-1.61,1.27,-0.22,-31.59,59.18,82.38,65
-1.21,1.24,0.37,-117.53,-78.26,131.25,65
-0.41,0.8,0.22,-108.45,-41.4,-16.74,65
-0.25,0.46,-0.22,-72.84,84.54,-121.28,65
-0.64,-0.04,-0.77,-56.13,134.12,-63.69,65
-1.31,-0.02,-1,-32.35,127.01,10.18,65
-1.64,0.2,-0.7,2.01,69.7,21.31,65
-1.09,0.33,-0.49,-4.94,-1.92,-17.23,65
-0.61,0.49,-0.42,-53.14,-17.07,-30.12,65
-0.61,0.34,-0.88,-84.85,-13.26,2.65,65
-0.98,0.08,-1.25,-39.45,-48.32,34.24,65
-1.06,0.07,-0.85,83.38,-135.06,46.77,65
-1.04,0.62,1.03,212.8,-212.13,46.89,65
0.82,2.51,1.61,296.46,-226.74,23.81,65
0.37,0.78,0.49,177.29,72.56,-82.44,65
-1.21,1.24,0.34,0.55,207.74,-85.3,65
-1.87,1.12,-0.05,-133.69,64.48,34.88,65
-1.16,1.02,0.08,-202.93,-49.7,42.35,65
-0.4,0.52,-0.17,-187.59,11.25,-57.41,65
-0.37,0.29,-0.2,-130.91,93.93,-95.91,65
-0.7,0.22,-0.32,-81.86,85.24,-37.56,65
-1.02,0.33,-0.54,-31.98,58.26,15.64,65
-1.21,0.29,-0.79,15.27,81.34,-8.23,65
-1.15,0.2,-0.93,38.41,86.59,-44.27,65
-0.96,0.26,-0.88,3.48,19.51,-24.88,65
-0.68,0.4,-1.01,-55.06,-80.09,23.32,65
-0.76,0.35,-1.22,-67.77,-144.15,47.74,65
-0.92,0.17,-1.12,-0.73,-193.9,51.46,65
-0.92,0.84,-0.22,118.05,-250.85,52.77,65
0.75,2.14,1.66,286.31,-319.42,43.45,65
0.82,0.89,0.76,319.15,-43.29,-78.02,65
-0.79,1.09,0.71,170.15,181.55,-99.15,65
-1.85,1.3,0.25,-27.77,75.21,36.71,65
-1.54,1.39,0.78,-211.37,-93.45,102.74,65
-0.39,0.88,0.65,-310.7,-61.46,1.19,65
-0.3,0.45,-0.07,-287.8,94.79,-85.85,65
-0.75,0.09,-0.4,-204.94,143.93,-53.69,65
-1.08,0.17,-0.38,-92.77,78.87,16.86,65
-1.09,0.38,-0.17,10.12,30.34,16.68,65
-0.98,0.43,-0.13,55.49,52.01,-32.5,65
-0.97,0.31,-0.36,33.57,91.89,-54.82,65
-1.05,0.12,-0.55,-27.07,87.2,-33.57,65
-1.01,0.14,-0.85,-77.47,33.54,1.07,65
-0.96,0.09,-1.09,-71.46,-30.79,21.25,65
-0.94,0.07,-1.13,6.83,-92.16,22.56,65
-0.83,0.13,-0.86,121.8,-148.81,23.81,65
-0.68,0.19,-0.52,227.41,-184.91,36.52,65
-1.09,1.09,1.57,300.37,-201.77,55.64,65
1.12,2.52,0.76,329.51,-204.02,59.33,65
0.07,1.45,0.79,204.45,104.79,-24.63,65
-1.88,1.57,0.36,3.17,168.63,-34.73,65
-1.82,1.14,0.39,-164.82,-27.32,10.4,65
-0.47,0.71,0.62,-220.88,-76.28,-11.92,65
-0.08,0.56,0.08,-161.1,88.38,-52.29,65
-0.51,0.46,-0.07,-88.96,173.57,-45.15,65
-0.85,0.51,-0.29,-43.14,109.36,0.09,65
-0.98,0.45,-0.3,-14.76,60.91,6.86,65
-0.93,0.39,-0.27,5.7,80.03,-22.99,65
-0.76,0.35,-0.36,-2.29,105.49,-34.45,65
-0.76,0.29,-0.66,-48.78,104.18,-13.26,65
-0.99,0.17,-1.12,-91.65,70.85,9.39,65
-1.18,0.13,-1.33,-85.58,1.52,21.95,65
-1.06,0.05,-1.23,-9.12,-79.85,32.44,65
-0.82,0.16,-0.95,107.44,-130.21,34.12,65
-0.73,0.4,-0.77,192.59,-152.62,40.3,65
-0.79,0.65,-0.44,211.92,-177.59,62.87,65
-1.31,3.32,5.5,214.21,-243.11,78.32,65
1.49,1.15,0.58,135.18,-118.93,-31.49,65
-0.58,0.76,0.46,-15.64,252.65,-147.13,65
-1.86,0.7,0.14,-155.3,104.76,-28.69,65
-1.05,0.76,0.46,-174.82,-129.94,117.04,65
-0.65,0.67,0.1,-87.96,8.05,29.15,65
-0.73,0.64,0.18,-4.27,159.18,-93.57,65
-0.59,0.66,0.07,-1.01,96.4,-60.64,65
-0.74,0.56,0,-52.07,38.75,6.43,65
-1.01,0.46,-0.13,-85.21,75.24,7.65,65
-1.03,0.41,-0.31,-83.87,119.88,-24.09,65
-0.82,0.31,-0.47,-75.64,109.82,-33.35,65
-0.78,0.25,-0.73,-72.04,85.15,-25.46,65
-0.97,0.22,-0.96,-66.4,63.38,-12.87,65
-1.05,0.25,-1.06,-43.66,21.43,1.89,65
-0.9,0.29,-1.01,1.98,-36.8,11.65,65
-0.76,0.34,-0.86,58.45,-89.02,15.18,65
-0.72,0.36,-0.7,107.04,-128.84,25.15,65
-0.75,0.4,-0.56,144.85,-155.7,43.45,65
-0.77,0.62,-0.13,175.85,-177.96,59.42,65
-0.1,2.11,3.47,238.32,-225.73,62.44,65
0.73,0.9,0.7,208.63,-31.31,-37.71,65
-0.83,1.29,0.63,53.38,205.34,-91.62,65
-1.85,1.09,0.12,-142.65,87.23,14.51,65
-1.14,0.71,0.54,-241.13,-76.43,52.93,65
-0.22,0.53,0.13,-201.37,0.27,-25.73,65
-0.39,0.44,-0.09,-112.32,153.81,-63.75,65
-0.8,0.41,-0.38,-52.47,150.85,-5.85,65
-1.08,0.31,-0.6,-27.65,85.4,30.03,65
-1.15,0.21,-0.68,-13.11,66.13,6.62,65
-1.05,0.25,-0.67,-5.85,73.6,-16.25,65
-0.86,0.37,-0.82,-21.55,61.49,-5.85,65
-0.85,0.36,-1.08,-46.34,20.58,11.04,65
-0.92,0.24,-1.17,-40.37,-55.03,20.98,65
-0.83,0.09,-1.09,19.18,-135.61,28.32,65
-0.76,0.23,-0.74,111.34,-181.13,34.88,65
-1.26,2.53,3.31,209.88,-225.49,53.45,65
1.13,1.5,1.09,250.82,-190.18,26.74,65
-0.57,1.16,0.87,119.09,176.77,-87.07,65
-1.61,1.2,0.12,-99.85,130.24,-43.45,65
-1.17,0.89,0.44,-217.96,-82.2,61.25,65
-0.51,0.68,0.24,-197.23,-39.54,38.66,65
-0.64,0.68,-0.01,-110.06,115.37,-48.96,65
-0.83,0.57,-0.13,-55.34,117.47,-47.62,65
-0.79,0.61,-0.11,-49.02,55.67,-13.32,65
-0.82,0.59,-0.19,-72.62,56.13,-8.32,65
-0.93,0.41,-0.51,-96.62,92.41,-23.2,65
-0.98,0.2,-0.87,-88.32,94.15,-27.68,65
-1.01,0.14,-1.02,-46.49,54.33,-17.38,65
-0.94,0.19,-0.99,8.11,0.52,-4.21,65
-0.87,0.28,-0.86,54.48,-43.2,3.35,65
-0.79,0.36,-0.76,86.25,-82.74,9.33,65
-0.75,0.39,-0.67,112.71,-118.84,20.06,65
-0.76,0.43,-0.41,141.98,-151.74,34.02,65
-0.78,0.6,0.26,170.3,-182.56,43.17,65
0.31,2.03,3.3,229.02,-211.52,37.74,65
0.68,0.61,0.73,197.41,42.13,-50.61,65
-1,1.3,0.36,59.24,252.44,-82.16,65
-1.8,1.02,0.02,-127.68,86.68,18.63,65
-0.99,0.83,0.4,-228.48,-91.13,63.51,65
-0.32,0.75,0.12,-216.71,6.8,-9.54,65
-0.66,0.49,-0.19,-156.52,157.44,-56.65,65
-0.99,0.4,-0.49,-91.59,132.41,-15.58,65
-1.12,0.44,-0.49,-39.7,64.7,14.85,65
-1.1,0.48,-0.45,-20.09,61.59,-10.52,65
-0.96,0.4,-0.57,-37.29,75.34,-38.84,65
-0.88,0.26,-0.86,-66.65,52.96,-32.01,65
-0.88,0.21,-1,-59.15,-2.74,-7.8,65
-0.87,0.23,-0.98,3.23,-63.14,9.42,65
-0.83,0.3,-0.8,91.4,-105.24,12.99,65
-0.73,0.41,-0.56,161.04,-133.05,16.92,65
-0.67,0.47,-0.3,189.88,-153.96,32.26,65
-0.72,0.66,0.29,191.92,-174.48,52.84,65
0.16,1.71,2.76,206.8,-203.38,56.4,65
0.4,1.05,1.07,146.98,27.26,-38.63,65
-1.03,1.21,0.32,1.34,195.85,-64.05,65
-1.55,0.87,0.12,-136.8,58.93,21.49,65
-0.81,0.78,0.33,-189.82,-55.52,25.67,65
-0.34,0.57,0.01,-163.96,42.74,-37.99,65
-0.66,0.46,-0.19,-97.87,137.2,-40.67,65
-0.94,0.49,-0.36,-48.99,104.73,3.96,65
-1.05,0.46,-0.41,-31.89,67.04,7.26,65
-1.03,0.36,-0.63,-41.1,79.05,-22.77,65
-1.03,0.26,-0.82,-60.18,76.31,-26.49,65
-0.91,0.19,-1.03,-62.41,21.46,-5.03,65
-0.85,0.22,-1.05,-26.07,-39.97,8.63,65
-0.81,0.26,-0.93,45.7,-90.58,13.51,65
-0.77,0.31,-0.74,124.6,-124.09,18.99,65
-0.73,0.45,-0.42,180.09,-147.59,30.46,65
-0.67,0.68,0.17,202.84,-168.35,45.73,65
-0.22,2,3.03,207.99,-182.65,44.48,65
0.46,1.13,1.23,116.28,-6.74,-52.2,65
-0.86,0.84,0.64,-36.8,176.16,-78.99,65
-1.33,0.87,0.18,-155.3,71.52,18.81,65
-1.03,0.83,0.16,-197.13,-18.45,48.96,65
-0.56,0.48,-0.09,-163.72,47.26,-25.34,65
-0.56,0.34,-0.23,-82.04,106.59,-47.99,65
-0.75,0.44,-0.29,-23.17,84.12,5.82,65
-0.99,0.58,-0.36,-1.65,70.21,28.51,65
-1.09,0.54,-0.44,-16.62,89.6,-5.34,65
-0.9,0.35,-0.77,-44.02,88.38,-32.01,65
-0.86,0.24,-1.03,-58.32,59.02,-19.21,65
-0.9,0.19,-1.11,-31.62,-1.52,7.68,65
-0.84,0.26,-0.95,35.49,-69.54,18.84,65
-0.76,0.36,-0.71,107.41,-112.74,18.84,65
-0.76,0.52,-0.42,153.57,-137.47,29.3,65
-0.78,0.6,0.06,170.88,-165.15,48.54,65
-0.66,2.03,3.11,185.4,-188.81,53.93,65
0.52,1.41,1.38,143.63,-53.93,-30.18,65
-0.78,0.85,0.58,-0.82,177.16,-88.87,65
-1.32,0.98,0.11,-152.32,91.65,-3.41,65
-0.99,0.81,0.3,-205.09,-34.79,55.91,65
-0.51,0.69,-0.03,-182.59,38.14,-17.62,65
-0.65,0.48,-0.22,-125.09,121.68,-61.01,65
-0.79,0.45,-0.42,-78.84,90.18,-17.53,65
-0.96,0.41,-0.47,-45.55,67.9,5.55,65
-1.02,0.33,-0.7,-22.8,86.43,-15.34,65
-0.96,0.26,-0.9,-6.43,74.45,-25.21,65
-0.84,0.24,-0.94,9.7,17.44,-6.28,65
-0.79,0.25,-0.9,36.98,-39.54,14.48,65
-0.82,0.3,-0.8,76.22,-80.58,22.87,65
-0.79,0.31,-0.7,122.29,-113.6,28.9,65
-0.77,0.43,-0.5,167.68,-136.98,40.55,65
-0.78,0.59,0.02,196.98,-160.64,56.71,65
-0.64,2.28,3.24,217.35,-190,62.38,65
0.53,1.21,1.44,147.65,-52.62,-45.09,65
-0.59,0.61,0.54,-10.4,173.2,-106.59,65
-1.28,1.01,0.07,-144.54,104.45,2.71,65
-1.16,0.77,0.1,-174.82,-16.68,80.7,65
-0.66,0.63,-0.06,-129.73,38.78,-16.43,65
-0.56,0.47,-0.16,-66.59,109.76,-70.73,65
-0.7,0.5,-0.26,-35.24,91.62,-13.35,65
-0.94,0.5,-0.35,-27.99,78.96,16.83,65
-1.01,0.46,-0.5,-27.29,95.15,-12.07,65
-0.91,0.39,-0.67,-32.99,89.7,-33.32,65
-0.85,0.32,-0.81,-43.08,52.32,-17.84,65
-0.9,0.3,-0.91,-39.48,7.16,5.85,65
-0.94,0.3,-0.9,-7.07,-36.68,14.12,65
-0.85,0.3,-0.81,46.83,-76.04,13.48,65
-0.74,0.33,-0.68,100.55,-105.52,20,65
-0.7,0.46,-0.46,138.45,-126.43,36.37,65
-0.73,0.64,-0.11,155.98,-144.18,52.32,65
-0.46,2.17,2.37,178.81,-170.58,55.06,65
0.47,1.2,1.1,131.65,-45.06,-31.55,65
-0.64,0.88,0.44,-12.07,154.94,-85.24,65
-1.34,0.95,0.07,-130.95,92.23,8.38,65
-1.08,0.79,0.08,-153.9,-14.21,53.6,65
-0.58,0.56,-0.09,-115.76,41.71,-35.09,65
-0.63,0.45,-0.15,-63.6,103.72,-61.77,65
-0.84,0.49,-0.23,-42.65,83.81,-7.84,65
-1.02,0.5,-0.34,-46.07,76.46,6.95,65
-1,0.43,-0.54,-56.62,94.91,-21.71,65
-0.86,0.36,-0.87,-62.65,86.34,-33.51,65
-0.86,0.28,-1.07,-53.26,40.67,-14.36,65
-0.87,0.25,-1.09,-13.78,-25.46,7.8,65
-0.84,0.29,-0.97,48.11,-79.6,14.54,65
-0.79,0.33,-0.83,109.48,-113.05,18.05,65
-0.78,0.5,-0.5,153.78,-142.62,32.07,65
-0.84,0.85,0.19,174.12,-172.59,47.5,65
-0.03,2.27,2.76,195.15,-203.41,43.41,65
0.5,1.04,0.65,103.11,8.38,-48.48,65
-1.03,1.1,0.31,-71.34,201.01,-87.99,65
-1.64,0.77,-0.13,-195.76,53.23,12.26,65
-0.94,0.68,0.15,-191.68,-69.66,34.54,65
-0.35,0.5,-0.12,-125.4,30.91,-57.74,65
-0.59,0.36,-0.3,-63.45,123.48,-74.66,65
-1.02,0.36,-0.48,-42.87,89.6,-16.55,65
-1.19,0.26,-0.54,-50.12,42.62,0.85,65
-1,0.15,-0.59,-53.81,42.32,-18.38,65
-0.79,0.16,-0.83,-45.61,41.13,-14.85,65
-0.8,0.22,-0.99,-28.84,-6.25,13.96,65
-0.82,0.26,-0.87,13.38,-82.1,39.79,65
-0.77,0.36,-0.46,89.24,-132.16,45.3,65
-0.73,0.61,0.21,178.05,-148.66,41.16,65
-0.76,1.47,2.32,246.31,-145.91,38.69,65
0.33,1.81,1.36,229.39,-53.84,4.33,65
-0.38,0.77,0.45,70.34,176.55,-62.53,65
-1.01,0.83,-0.38,-108.14,192.68,-33.35,65
-1.34,0.86,-0.42,-175.49,51.83,64.51,65
-0.78,0.7,-0.11,-131.65,-14.09,33.54,65
-0.32,0.56,-0.2,-51.8,66.37,-66.01,65
-0.52,0.35,-0.27,-0.55,126.22,-47.87,65
-0.85,0.29,-0.46,6.31,120,3.66,65
-0.97,0.47,-0.68,-5.3,109.36,12.68,65
-0.92,0.38,-0.81,-21.95,99.51,0.24,65
-0.8,0.33,-1.01,-38.38,53.57,-2.47,65
-0.85,0.36,-1.15,-52.8,-12.26,16.55,65
-0.95,0.25,-1.16,-29.33,-71.43,45.98,65
-0.9,0.19,-0.98,46.49,-112.32,51.34,65
-0.71,0.31,-0.7,134.88,-140.18,44.36,65
-0.65,0.65,-0.26,193.32,-162.1,58.75,65
-1.05,2.44,1.44,204.73,-179.45,83.51,65
0.4,2.45,1.46,188.17,-193.11,47.26,65
0.12,0.68,0.36,37.2,108.72,-126.59,65
-0.95,0.4,-0.11,-122.9,203.17,-91.16,65
-1.34,1.04,-0.33,-169.39,40.3,75.55,65
-1.04,0.8,-0.07,-123.57,-39.18,79.45,65
-0.46,0.65,-0.15,-32.2,54.09,-85.7,65
-0.39,0.47,-0.18,19.21,108.9,-103.96,65
-0.65,0.44,-0.33,7.13,88.57,-23.84,65
-0.93,0.43,-0.65,-32.84,86.01,8.02,65
-1.05,0.3,-0.81,-50.43,94.15,-7.99,65
-0.81,0.34,-0.89,-39.12,53.32,-19.94,65
-0.64,0.37,-0.9,-30.58,-0.06,-6.4,65
-0.75,0.36,-0.95,-21.01,-32.84,19.3,65
-0.93,0.29,-0.93,6.34,-63.11,33.9,65
-0.87,0.31,-0.77,59.21,-105.21,35.49,65
-0.73,0.56,-0.4,122.04,-134.57,38.41,65
-0.77,1.1,0.26,158.6,-141.43,50.82,65
-0.29,1.81,2.63,174.39,-156.92,49.6,65
0.41,1.45,0.66,77.47,14.12,-44.54,65
-0.57,1.06,0.23,-124.27,209.05,-95.43,65
-1.31,1.16,-0.14,-275.61,120.52,-0.34,65
-1.04,0.83,0.08,-296.83,-16.04,39.6,65
-0.41,0.61,-0.19,-206.04,49.3,-64.3,65
-0.41,0.39,-0.31,-97.07,158.41,-95,65
-0.64,0.44,-0.47,-37.62,155.24,-36.89,65
-0.88,0.44,-0.72,-31.22,114.94,-8.17,65
-0.99,0.38,-0.85,-39.76,101.52,-22.32,65
-0.85,0.3,-1.04,-35.67,85.37,-32.26,65
-0.74,0.32,-1.17,-29.45,45.21,-20.52,65
-0.75,0.26,-1.21,-22.68,-14.21,2.96,65
-0.78,0.25,-1.11,4.91,-76.07,23.35,65
-0.76,0.24,-0.92,55.15,-120.64,33.9,65
-0.68,0.3,-0.75,112.26,-147.93,40.95,65
-0.64,0.43,-0.6,158.17,-165.64,55.55,65
-0.69,0.7,-0.25,184.39,-184.48,75.79,65
-1.28,1.55,2.38,192.99,-215.18,87.77,65
0.7,2.65,1.55,221.01,-204.48,39.12,65
-0.06,1.05,0.62,112.59,131.04,-90.82,65
-1.29,1.3,0.35,-91.52,192.1,-62.93,65
-1.33,1.28,0.12,-264.02,3.08,45.73,65
-0.59,0.97,0.37,-337.47,-72.13,21.92,65
-0.17,0.68,-0.17,-331.55,50.55,-66.49,65
-0.46,0.27,-0.44,-297.23,150.91,-55.43,65
-0.73,0.15,-0.67,-243.11,114.48,15.34,65
-0.9,0.25,-0.71,-157.29,49.3,57.26,65
-0.97,0.37,-0.77,-38.2,51.04,45.67,65
-0.97,0.48,-0.84,88.93,96.46,10.91,65
-0.83,0.62,-0.83,176.19,102.5,-1.04,65
-0.76,0.71,-0.92,179.12,65.64,3.57,65
-0.9,0.62,-1.04,114.15,0.06,6.25,65
-0.93,0.47,-1.09,56.13,-89.85,12.84,65
-0.81,0.36,-1.01,74.7,-159.15,27.8,65
-0.68,0.46,-0.62,170.64,-187.16,34.73,65
-0.66,0.79,0.06,268.38,-202.77,40.3,65
-0.86,1.23,3.31,311.37,-230.67,50.3,65
0.94,2.31,1.78,250.12,-144.54,5.12,65
-0.02,0.7,0.36,40.88,193.17,-92.9,65
-1.21,1.37,-0.25,-164.02,235.21,-55.4,65
-1.61,1.24,-0.2,-285.88,25.82,62.56,65
-0.54,0.76,0.03,-270.79,-83.69,13.35,65
0,0.49,-0.22,-152.87,52.5,-104.36,65
-0.4,0.39,-0.26,-46.37,152.53,-61.49,65
-0.94,0.66,-0.33,-5.06,124.94,20.06,65
-1.15,0.72,-0.41,-21.65,81.49,9.33,65
-0.9,0.6,-0.45,-59.02,78.11,-52.1,65
-0.66,0.44,-0.72,-95.21,83.14,-64.15,65
-0.8,0.42,-0.88,-139.12,67.71,-33.78,65
-0.93,0.31,-1.01,-178.87,6.49,-6.83,65
-0.89,0.36,-1.12,-182.01,-61.98,-1.49,65
-0.83,0.38,-0.97,-130.15,-111.52,-0.76,65
-0.69,0.53,-0.8,-47.53,-149.66,1.86,65
-0.64,0.57,-0.62,25,-174.54,6.37,65
-0.66,0.53,-0.46,79.54,-196.55,11.52,65
-0.63,0.54,-0.15,121.52,-221.43,17.38,65
-0.53,0.93,0.2,138.63,-234.66,26.28,65
-1.26,2.41,3.59,82.96,-222.74,24.39,65
0.58,1.99,1.93,-37.77,-160.34,-29.88,65
-0.32,0.71,1.48,-98.54,113.23,-124.85,65
-0.47,0.82,0.48,-112.13,100.24,-109.6,65
-0.57,0.52,0.07,-99.42,43.51,-35.03,65
-1.19,0.64,-0.02,-111.92,69.45,2.87,65
-1.24,0.59,-0.04,-128.6,57.41,-28.99,65
-1.02,0.59,-0.19,-122.07,40.91,-70.24,65
-1.05,0.55,-0.29,-99.27,46.01,-78.26,65
-0.93,0.26,-0.65,-51.49,35.18,-75.95,65
-0.99,0.04,-0.84,-5.55,0.88,-77.77,65
-0.86,-0.03,-0.77,21.34,-70.91,-61.62,65
-0.72,-0.2,-0.5,51.89,-125.55,-30.82,65
-0.63,-0.19,-0.05,97.41,-155.88,-2.99,65
-0.49,0.25,0.53,143.87,-175.12,29.85,65
-0.46,1.21,0.91,163.35,-171.16,61.01,65
-0.51,2.86,2.87,91.22,-129.85,50.67,65
-0.22,0.46,1.82,-13.6,-9.24,-96.77,65
-0.53,0.47,1.18,-23.72,86.16,-152.53,65
-0.62,0.55,0.51,-40.58,103.48,-33.51,65
-1,0.73,0.33,-87.59,114.91,52.2,65
-1.01,0.61,0.08,-164.33,88.17,1.22,65
-1.12,0.44,-0.05,-221.52,65.82,-71.34,65
-0.91,0.18,-0.38,-187.41,48.29,-60.18,65
-0.94,0.02,-0.76,-83.78,61.71,-16.65,65
-1.09,-0.01,-1.03,11.77,29.12,-14.79,65
-1.04,-0.06,-0.91,34.88,-53.81,-28.69,65
-0.82,-0.23,-0.72,36.43,-119.15,-12.47,65
-0.64,-0.26,-0.35,72.13,-147.84,20.88,65
-0.49,-0.05,0.3,126.77,-170,56.13,65
-0.35,0.37,0.87,158.96,-178.87,84.7,65
-0.48,2.62,2.32,128.41,-145.79,107.01,65
0.34,1.32,2.11,15.18,-40.85,48.93,65
-0.56,0.45,1.38,-57.99,149.18,-63.99,65
-0.57,0.58,0.61,-81.04,135.82,-24.15,65
-0.72,0.48,0.26,-76.65,140.64,68.41,65
-0.93,0.7,0.11,-58.96,155.98,87.74,65
-1.08,0.73,-0.1,-70,137.87,28.63,65
-1.11,0.6,-0.03,-82.41,106.46,-20.7,65
-0.93,0.49,-0.19,-68.54,90.21,-16.62,65
-0.98,0.42,-0.7,-21.4,99.24,-8.05,65
-1.21,0.29,-0.97,24.12,49.09,-20.76,65
-1.09,0.1,-0.81,53.81,-59.88,-37.44,65
-0.81,0.05,-0.46,82.53,-139.85,-31.04,65
-0.63,0.16,-0.16,101.98,-187.77,-4.36,65
-0.54,0.3,0.34,113.35,-234.85,23.35,65
-0.43,0.47,0.99,103.17,-264.18,49.33,65
-0.41,2.28,3.05,35.09,-237.29,68.54,65
0.54,1.74,2.05,-158.2,-76.49,18.66,65
-0.75,0.07,0.92,-276.49,104.6,-63.96,65
-0.38,0.26,0.55,-211.65,46.55,17.71,65
-0.82,0.14,0.08,-78.45,118.14,113.35,65
-1.04,0.53,0.06,49.94,141.16,98.32,65
-0.86,0.63,-0.01,83.96,110.7,26.59,65
-1.01,0.75,-0.11,48.99,116.04,-10.55,65
-0.97,0.61,-0.3,-2.9,101.71,-5.49,65
-0.9,0.34,-0.7,3.38,93.38,-5.12,65
-0.97,0.12,-1.04,86.19,86.46,-18.48,65
-0.97,0.08,-1.08,205.03,48.26,-22.32,65
-0.76,0.1,-0.88,321.37,-9.79,-12.5,65
-0.59,0.25,-0.4,407.74,-54.18,5.64,65
-0.49,0.57,0.64,423.99,-88.69,30.34,65
-0.16,1.12,1.4,312.74,-79.45,58.78,65
-0.53,2.43,1.4,15.27,7.77,94.3,65
-0.78,2.76,2.27,-404.63,33.2,73.41,65
-0.17,0.32,0.38,-572.2,36.25,16.46,65
-0.69,0,-0.17,-276.55,159.05,-1.8,65
-0.85,0.01,0.02,98.93,164.66,47.84,65
-0.69,0.67,0.35,333.02,138.32,68.54,65
-0.93,1,0.15,354.12,175.37,43.66,65
-1.36,1.25,0.13,213.08,191.74,-13.14,65
-0.81,0.65,-0.36,-13.72,129.36,-55.18,65
-0.59,0.13,-1.12,-185.46,81.95,-36.16,65
-0.93,0.33,-1.69,-219.94,14.76,24.42,65
-1.44,0.39,-1.75,-137.04,-91.52,76.31,65
-1.42,0.53,-1.42,16.98,-175.79,42.71,65
-0.96,0.54,-1.03,167.62,-208.75,-25.88,65
-0.67,0.6,-0.24,266.77,-236.19,-35.46,65
-0.3,0.72,0.6,308.08,-263.57,-9.21,65
1.03,2.35,3.96,297.04,-229.7,-9.09,65
0.4,1.48,2.34,154.48,106.37,-99.73,65
-0.69,1.1,0.49,-75.34,249.91,-127.74,65
-1.16,0.78,-0.04,-245.76,112.56,-55.64,65
-0.8,0.34,0.13,-259.09,12.77,18.48,65
-0.36,0.27,-0.09,-132.35,82.29,-1.46,65
-0.47,0.26,-0.24,12.62,165.03,-41.34,65
-0.64,0.32,-0.69,75.34,148.96,-24.21,65
-1.18,0.24,-0.84,29.3,115.88,10.06,65
-1.28,0.19,-1.26,-67.8,57.41,19.88,65
-1.09,0.2,-1.57,-115.46,-13.41,23.29,65
-0.86,0.14,-1.55,-59.88,-86.31,35.58,65
-0.66,0.23,-1.26,70.3,-141.4,34.36,65
-0.65,0.46,-0.76,196.19,-171.98,29.79,65
-0.74,0.68,-0.12,269.51,-196.62,40.61,65
-0.78,1.51,1.23,280.4,-209.51,47.8,65
0.74,2.44,1.81,266.68,-167.62,12.1,65
0.03,1.36,1.17,160.52,137.8,-111.49,65
-0.84,1.12,0.34,-12.04,194.36,-90.61,65
-1.05,0.95,0.3,-119.6,62.68,5.15,65
-0.63,0.75,0.2,-145.98,34.7,17.04,65
-0.5,0.57,-0.09,-119.54,128.81,-37.04,65
-0.65,0.32,-0.48,-74.18,159.85,-33.69,65
-0.97,0.29,-0.88,-47.65,132.71,0.09,65
-1.3,0.23,-1.12,-41.89,106.49,11.8,65
-1.25,0.2,-1.26,-29.82,56.22,5.12,65
-0.88,0.23,-1.23,-9.51,-15.06,0.46,65
-0.74,0.29,-1.2,16.28,-69.48,12.96,65
-0.84,0.33,-1.04,60.24,-112.38,30.61,65
-0.89,0.47,-0.62,123.02,-155.49,35,65
-0.81,0.67,0.02,178.41,-187.93,30.49,65
-0.19,2.09,1.96,222.96,-201.68,22.1,65
0.42,1.28,1.44,173.05,-44.85,-50.91,65
-0.42,1.34,0.58,20.3,148.02,-103.14,65
-1.07,0.97,0.25,-114.94,121.59,-23.9,65
-0.87,0.82,0.16,-157.32,44.15,13.9,65
-0.5,0.5,-0.12,-131.77,84.97,-45.43,65
-0.58,0.3,-0.49,-88.69,145.67,-65.06,65
-0.92,0.28,-0.84,-80.55,142.29,-21.25,65
-1.14,0.27,-1.07,-99.66,98.6,11.71,65
-1.03,0.23,-1.37,-100.98,39.7,6.89,65
-0.9,0.13,-1.47,-57.68,-19.12,-4.3,65
-0.84,0.12,-1.34,29.57,-77.8,6.95,65
-0.82,0.32,-0.96,126.95,-125.55,24.3,65
-0.85,0.65,-0.39,189.54,-162.2,36.77,65
-0.81,0.97,0.3,199.15,-192.62,42.8,65
-0.89,1.82,2.23,160.3,-194.6,32.71,65
0.54,1.96,1.33,102.01,-122.99,-19.02,65
-0.04,0.93,0.73,-0.27,130.46,-111.34,65
-0.92,0.89,0,-80.61,167.01,-50.95,65
-1.3,0.93,0.07,-114.76,63.81,24.94,65
-0.74,0.66,-0.06,-122.68,45.09,-38.35,65
-0.45,0.32,-0.33,-108.69,118.78,-100.12,65
-0.59,0.14,-0.75,-102.77,144.79,-57.07,65
-0.99,0.1,-1.07,-103.17,117.35,5.64,65
-1.23,0.16,-1.22,-93.99,61.62,22.56,65
-1.06,0.11,-1.23,-71.89,-3.29,4.66,65
-0.79,0.09,-1.21,-28.87,-55.95,4.88,65
-0.78,0.13,-1.07,45.55,-91.31,30.49,65
-0.83,0.28,-0.78,133.93,-126.1,50.09,65
-0.85,0.53,-0.28,200.52,-160.24,56.01,65
-0.86,1.27,0.55,221.95,-183.51,58.81,65
0.39,2.12,2.15,218.93,-208.38,53.26,65
0.44,1.17,0.35,98.11,56.46,-62.13,65
-1.01,0.91,0.18,-63.69,225.06,-76.34,65
-1.54,0.94,-0.23,-145.79,84.05,35.21,65
-0.99,0.65,0.13,-148.72,-21.71,21.89,65
-0.3,0.49,-0.12,-94.24,57.99,-75.98,65
-0.44,0.27,-0.45,-53.6,155.98,-78.66,65
-0.86,0.22,-0.87,-33.11,152.96,-12.41,65
-1.17,0.23,-1.05,-16.16,104.7,16.77,65
-1.01,0.17,-1.05,-2.35,50.27,-1.77,65
-0.76,0.21,-1.1,-4.82,-1.31,-9.45,65
-0.77,0.21,-1.14,-4.36,-50.15,22.16,65
-0.88,0.22,-1.07,44.94,-95.46,51.74,65
-0.83,0.36,-0.79,143.66,-129.3,48.63,65
-0.77,0.7,-0.26,236.95,-150.64,41.95,65
-1.14,1.71,1.84,269.18,-167.2,48.93,65
0.3,2.07,0.62,230.67,-166.16,22.87,65
-0.08,1.23,0.09,24.79,87.87,-97.5,65
-1.25,0.7,-0.07,-142.5,163.48,-47.56,65
-1.31,0.64,-0.28,-131.13,35.12,42.56,65
-0.62,0.44,-0.21,-18.6,5.91,-34.42,65
-0.35,0.37,-0.31,60.73,66.4,-97.68,65
-0.64,0.17,-0.47,38.11,94.15,-52.84,65
-1.02,0.11,-0.64,-26.1,84.05,11.16,65
-1.02,0.29,-0.8,-81.1,58.66,34.21,65
-0.89,0.3,-0.99,-107.23,23.6,28.14,65
-0.86,0.2,-1.2,-88.2,-17.71,18.6,65
-0.93,0.1,-1.2,-6.86,-58.02,26.13,65
-0.89,0.24,-0.81,109.12,-101.04,39.24,65
-0.82,0.56,-0.22,193.26,-135.95,42.16,65
-1.11,1.51,1.41,207.38,-152.93,42.65,65
0.21,1.9,0.92,186.92,-157.96,31.01,65
-0.01,1.24,-0.03,23.78,72.44,-62.2,65
-0.87,0.81,-0.19,-160.49,188.26,-70.88,65
-1.39,0.58,-0.53,-188.05,80.15,36.07,65
-0.92,0.57,-0.39,-96.74,4.88,16.34,65
-0.47,0.51,-0.27,3.87,50.64,-67.07,65
-0.48,0.47,-0.41,20.98,90.61,-64.21,65
-0.83,0.36,-0.64,-24.12,93.78,-14.88,65
-1.04,0.27,-0.83,-65.24,76.16,7.38,65
-0.94,0.26,-0.99,-75.58,36.25,1.4,65
-0.82,0.23,-1.06,-64.24,-12.62,1.77,65
-0.83,0.24,-1.06,-25,-51.8,20.7,65
-0.92,0.24,-0.96,39.97,-78.96,35.03,65
-0.89,0.37,-0.67,106.22,-113.45,35.49,65
-0.83,0.55,-0.25,145,-146.74,37.1,65
-1.05,1.23,1.17,151.95,-158.96,40.88,65
0.12,1.55,1.16,162.99,-150.12,23.32,65
0.07,1.43,0.43,35.06,51.83,-44.24,65
-0.61,1.07,-0.05,-167.07,181.22,-52.87,65
-1.26,0.72,-0.65,-240.82,126.4,12.2,65
-1.09,0.46,-0.63,-180.21,42.26,4.94,65
-0.59,0.34,-0.49,-49.6,34.09,-54.73,65
-0.52,0.32,-0.44,30.52,68.69,-60.82,65
-0.81,0.31,-0.57,30.43,87.68,-21.71,65
-1.04,0.29,-0.74,-9.45,81.16,2.8,65
-0.93,0.28,-0.83,-47.13,40.03,7.38,65
-0.76,0.32,-1.08,-76.89,-13.14,10.61,65
-0.86,0.23,-1.22,-73.08,-59.42,27.26,65
-0.94,0.07,-1.18,-0.52,-105.79,45.64,65
-0.82,0.15,-0.85,117.29,-145.24,47.56,65
-0.69,0.61,-0.24,212.53,-172.16,53.57,65
-0.36,1,3.17,286.92,-212.99,71.86,65
0.29,1.6,0.27,226.04,-64.79,-15.34,65
-0.37,1.15,0.31,-25.3,181.52,-94.94,65
-1.18,0.81,-0.44,-198.35,154.66,-7.87,65
-1.36,0.82,-0.45,-218.17,34.85,54.76,65
-0.77,0.42,-0.3,-117.9,2.47,-13.26,65
-0.38,0.43,-0.35,-7.84,57.5,-90.61,65
-0.6,0.29,-0.55,20.58,97.71,-65.18,65
-0.98,0.26,-0.76,9.3,95.3,-4.09,65
-1.03,0.28,-0.87,-1.1,65.43,15,65
-0.84,0.36,-0.82,-19.6,14.54,4.94,65
-0.73,0.42,-0.99,-53.72,-40.34,5.03,65
-0.89,0.19,-1.12,-49.82,-76.16,27.44,65
-0.95,0.1,-0.83,41.83,-108.87,41.74,65
-0.76,0.28,-0.33,172.32,-139.66,36.65,65
-0.76,1.4,0.71,253.2,-144.12,35.15,65
0.03,1.82,1.88,236.37,-152.68,39.91,65
0.15,1.46,0.03,1.13,35.21,-72.41,65
-0.34,1.04,-0.8,-240.21,208.29,-103.51,65
-1.49,0.15,-0.77,-231.62,168.87,14.36,65
-1.05,0.6,-0.83,-33.84,55.73,10.03,65
-0.6,0.59,-0.2,104.09,33.57,-67.32,65
-0.42,0.62,-0.01,82.53,38.96,-81.16,65
-0.58,0.53,-0.35,-61.8,67.2,-54.82,65
-0.99,0.44,-0.88,-218.29,103.29,-13.93,65
-1.19,0.15,-1.33,-257.44,77.71,22.23,65
-0.95,-0.05,-1.38,-164.42,-0.88,15.43,65
-0.63,0.01,-1.16,-19.42,-64.91,-3.29,65
-0.68,0.24,-0.95,82.77,-87.99,10.61,65
-0.92,0.33,-0.73,120.91,-105.49,48.57,65
-0.98,0.53,-0.37,131.55,-142.32,68.84,65
-1.01,1.13,0.48,132.29,-180.12,60.76,65
0.16,0.94,1.9,185.27,-210.58,34.15,65
0.38,2.11,0.16,148.41,9.73,-37.41,65
-0.4,1.42,-0.14,-82.56,216.95,-70.52,65
-1.32,0.89,-0.45,-255.55,167.56,-5.4,65
-1.23,0.64,-0.6,-266.04,21.95,26.55,65
-0.71,0.35,-0.53,-158.54,-4.63,-41.71,65
-0.5,0.26,-0.53,-36.07,58.81,-73.99,65
-0.73,0.23,-0.64,27.04,102.77,-33.35,65
-1.01,0.34,-0.72,31.65,94.91,7.5,65
-1.03,0.5,-0.84,-5.03,50.98,16.62,65
-0.93,0.47,-1.05,-50.7,-7.62,7.07,65
-0.86,0.24,-1.17,-61.55,-70.82,-0.03,65
-0.8,0.06,-1.13,-4.12,-124.27,13.9,65
-0.73,0.13,-0.84,101.4,-155.4,33.96,65
-0.69,0.52,-0.33,195.03,-171.8,50.91,65
-0.57,0.73,3.13,273.93,-217.23,65.03,65
0.58,1.61,0.66,259.76,-102.74,-8.84,65
-0.12,1.35,0.28,42.87,178.23,-77.5,65
-1.22,1.27,-0.34,-190.52,209.7,-11.46,65
-1.56,0.97,-0.63,-304.94,64.7,39.57,65
-0.9,0.48,-0.44,-257.96,-39.45,-15.06,65
-0.36,0.38,-0.34,-130.67,-2.26,-81.77,65
-0.51,0.26,-0.33,-56.49,73.66,-61.89,65
-1.03,0.34,-0.6,-58.48,100.76,-10.4,65
-1.31,0.21,-0.88,-91.62,71.1,6.25,65
-1.01,0.36,-0.92,-102.26,0.67,3.32,65
-0.64,0.46,-0.98,-81.89,-63.99,14.51,65
-0.69,0.33,-1.01,-31.19,-101.01,24.12,65
-0.88,0.23,-0.87,54.36,-139.82,29.88,65
-0.85,0.37,-0.45,155.55,-178.26,38.78,65
-0.85,0.56,3.13,262.44,-225.91,49.33,65
0.84,1.69,0.85,331.19,-143.35,-5.73,65
-0.09,0.89,0.18,197.93,193.57,-77.16,65
-1.55,1.52,-0.08,-43.02,242.04,-22.96,65
-1.74,1.23,-0.29,-258.87,24.27,31.68,65
-0.74,0.67,0,-356.4,-107.99,-12.74,65
-0.17,0.28,-0.11,-332.32,-20.4,-57.87,65
-0.57,0.14,-0.33,-269.94,110.82,-31.22,65
-1.21,0.21,-0.62,-217.44,119.02,24.91,65
-1.34,0.31,-0.64,-170.03,37.71,38.23,65
-0.81,0.45,-0.55,-119.27,-30.73,19.18,65
-0.72,0.42,-0.82,-77.77,-42.68,17.04,65
-0.97,0.32,-0.84,-37.38,-89.57,39.09,65
-0.94,0.13,-0.53,28.23,-170.06,64.18,65
-0.83,0.15,0.04,118.78,-204.73,68.72,65
-0.96,1.54,1.97,170.46,-186.77,72.62,65
0.7,2.06,2.33,63.81,-136.59,65,65
-0.5,1.02,1.22,-121.25,141.83,-26.37,65
-1.35,0.56,0.36,-186.86,124.27,-14.66,65
-1.17,0.4,0.85,-141.31,-9.24,61.34,65
-1.09,0.49,0.64,-37.44,67.32,67.16,65
-1.11,1.1,0.19,56.62,162.1,21.34,65
-0.76,0.96,-0.47,46.89,129.12,2.5,65
-0.73,0.7,-0.93,-42.93,78.11,8.35,65
-0.71,0.76,-1.46,-97.53,6.13,42.77,65
-0.8,0.75,-1.6,-55.67,-67.5,69.57,65
-0.68,0.73,-1.38,61.52,-143.45,44.6,65
-0.39,0.47,-0.97,168.51,-190.76,14.39,65
-0.96,2,4.73,200.18,-239.88,-10.06,65
1.83,1.42,1.2,94.6,-169.6,-96.52,65
0.16,0.85,0.39,-43.96,222.41,-153.51,65
-1.54,0.51,-0.1,-133.75,214.15,-57.8,65
-0.98,0.19,0.1,-130.34,-17.65,22.56,65
-0.09,0.23,0.18,-69.42,-7.9,-21.37,65
-0.29,0.48,-0.03,-60.79,136.92,-59.54,65
-0.48,0.7,-0.45,-166.1,87.29,-26.43,65
-0.29,0.95,-0.61,-300.98,-103.02,82.07,65
-0.56,0.62,-0.84,-312.65,-171.31,172.1,65
-1.31,0.25,-0.45,-134.76,-165.03,145.24,65
-1.2,1.76,2.81,120.64,-236.86,53.32,65
0.7,0.77,1.21,266.98,-141.77,-49.45,65
-0.38,1.2,1.53,190.37,143.23,-115.18,65
-0.91,0.88,0.24,-61.4,115.76,-28.81,65
-1.01,0.74,0.54,-217.35,-10.34,77.99,65
-0.55,0.61,0.44,-236.8,1.1,68.66,65
-0.6,0.46,0.07,-135.06,132.23,-34.7,65
-0.48,0.6,-0.52,-8.35,153.35,-80.55,65
-0.65,0.66,-0.63,53.84,101.25,-40.58,65
-0.7,0.68,-0.65,39.85,12.9,-0.06,65
-0.63,0.45,-0.64,5.76,-73.99,14.39,65
-0.58,0.34,-0.52,25.76,-134.91,28.48,65
-0.48,0.61,-0.28,82.23,-173.99,53.84,65
-0.97,1.54,3.64,115.3,-185.18,69.3,65
1.14,0.94,1.31,119.48,-74.85,-55.91,65
-0.06,1.4,0.45,48.57,212.96,-157.38,65
-1.19,0.5,-0.17,-55.43,151.95,-59.33,65
-0.84,0.76,0.11,-81.83,-54.45,21.77,65
-0.31,0.66,0.54,-66.86,-69.39,-9.33,65
-0.32,0.72,0.51,-49.12,65.88,-100.61,65
-0.47,0.65,0.2,-41.8,109.33,-112.93,65
-0.65,0.52,-0.07,-44.76,77.32,-70.73,65
-1.06,0.41,-0.19,-58.14,54.39,-41.25,65
-1.16,0.29,-0.41,-55.12,24.85,-36.22,65
-1.04,0.24,-0.41,-20.24,-18.45,-38.11,65
-0.79,0.26,-0.31,13.93,-71.49,-31.98,65
-0.75,0.22,-0.13,17.13,-120.85,-11.01,65
-0.74,0.22,0.17,7.1,-174.18,25.64,65
-1.15,2.25,3.02,25.52,-196.77,58.2,65
0.91,1.45,1.09,68.23,-86.25,0.37,65
-0.51,0.93,0.8,44.7,181.49,-149.97,65
-0.71,0.28,0.13,-22.5,73.93,-126.04,65
-0.68,0.19,0.25,15.18,-53.81,14.15,65
-0.97,0.72,0.35,59.51,-0.85,82.96,65
-1.14,0.91,0.77,46.83,72.84,2.84,65
-0.47,0.93,0.72,-24.91,49.66,-103.87,65
-0.34,0.58,0.44,-106.34,67.9,-107.93,65
-0.91,0.29,-0.13,-143.96,111.43,-47.16,65
-1.32,0.15,-0.34,-126.49,80.24,-8.72,65
-1.08,0.02,-0.55,-61.55,9.09,-16.46,65
-0.97,0.02,-0.54,22.44,-45.21,-33.75,65
-0.71,0.08,-0.41,75.3,-120.34,-18.02,65
-0.63,0.13,-0.37,76.16,-173.32,32.41,65
-0.64,0.3,-0.18,61.04,-203.08,83.72,65
0.83,1.86,2.38,44.27,-245.09,84.12,65
0.26,0.71,1.81,5.58,49.94,-109.02,65
-0.04,1.17,0.26,-48.57,95.98,-181.16,65
-0.19,0.12,0.13,-21.65,-38.96,-36.52,65
-0.93,0.14,0.3,68.54,-34.91,76.4,65
-1.53,0.65,0.41,139.45,36.34,62.2,65
-1.11,0.72,0.83,134.24,52.47,-46.07,65
-0.35,0.74,0.76,53.38,59.42,-116.1,65
-0.63,0.59,0.47,-53.96,111.59,-89.94,65
-1.04,0.41,0.22,-142.71,97.23,-20.06,65
-1.2,0.1,-0.24,-155.43,72.87,9.97,65
-1.41,-0.06,-0.71,-76.83,70.09,-13.35,65
-1.22,-0.12,-0.84,56.07,11.13,-31.13,65
-0.96,-0.01,-0.5,166.34,-67.2,-21.65,65
-0.8,0.08,-0.07,183.41,-124.73,7.44,65
-0.7,0.09,0.31,141.19,-162.1,47.87,65
-1.1,4.92,4.37,80.64,-172.1,79.94,65
0.7,0.26,1.3,-18.9,-47.84,-16.98,65
-0.65,0.85,0.99,-61.59,137.68,-135.58,65
-0.56,0.2,0.3,-68.78,28.11,-25.61,65
-1.26,-0.02,0.34,23.9,31.89,100.79,65
-1.59,0.52,0.3,107.16,74.54,63.99,65
-0.95,0.73,0.58,107.8,67.07,-52.9,65
-0.45,0.76,0.56,22.84,62.23,-95.67,65
-0.66,0.63,0.44,-72.87,77.8,-43.9,65
-0.88,0.43,0.06,-131.22,65.91,8.2,65
-1.11,0.19,-0.31,-121.04,49.88,9.63,65
-1.15,0.01,-0.57,-55.58,15.06,-8.84,65
-1.02,-0.02,-0.52,34.21,-38.72,-8.66,65
-0.83,0.03,-0.25,98.35,-88.78,10.37,65
-0.75,0.03,0,115.79,-117.41,37.77,65
-1.08,2.34,1.79,96.19,-122.59,64.91,65
0.41,1.54,1.1,6.71,-100.12,37.07,65
-0.64,0.53,0.83,-66.13,99.82,-102.32,65
-0.6,0.09,0.02,-66.68,51.89,-68.6,65
-0.76,-0.08,0.28,34.82,9.42,37.13,65
-0.98,0.56,0.26,126.04,46.01,72.23,65
-1.08,0.89,0.49,121.43,73.32,29.63,65
-0.67,0.76,0.6,38.32,50.15,-31.01,65
-0.57,0.6,0.44,-42.59,69.36,-35.82,65
-0.91,0.47,0.22,-79.85,100.95,0.06,65
-1.03,0.35,-0.1,-74.39,102.32,9.94,65
-1.06,0.27,-0.43,-46.49,91.49,-7.13,65
-1.04,0.16,-0.78,0,56.19,-12.93,65
-1.04,0.17,-0.77,72.26,-11.13,1.01,65
-0.89,0.24,-0.42,142.23,-80.09,12.84,65
-0.78,0.34,-0.22,167.38,-111.04,20.76,65
-0.82,0.95,0.21,148.57,-118.08,37.1,65
0.18,1.22,2.01,106.62,-147.16,27.2,65
0.21,0.9,1.47,55.46,59.85,-101.92,65
-0.62,0.72,0.05,-42.07,171.01,-90.06,65
-1.51,0.4,-0.11,-87.65,61.28,35.55,65
-1.3,0.61,0.19,-83.45,-33.75,72.8,65
-0.82,0.48,0.25,-43.14,18.51,-18.08,65
-0.59,0.52,0.3,4.27,64.85,-72.29,65
-0.53,0.61,0.31,15.85,48.84,-26.62,65
-0.95,0.62,0.11,-19.24,60.21,15.98,65
-1.37,0.48,-0.17,-77.9,69.66,2.1,65
-1.12,0.19,-0.52,-98.57,33.9,-27.68,65
-0.88,-0.06,-0.82,-37.53,-1.95,-25.18,65
-0.87,-0.02,-0.71,73.78,-48.05,1.89,65
-0.86,0.12,-0.46,158.45,-103.72,30.64,65
-0.87,0.34,-0.07,196.1,-124.54,48.87,65
-0.11,1.94,2.71,210.09,-139.3,44.39,65
0.29,0.89,1.42,113.63,55.09,-63.93,65
-0.79,0.51,0.04,-41.62,178.69,-91.68,65
-1.48,0.72,0.11,-136.49,36.46,15.55,65
-1.04,0.48,0.25,-154.94,-59.42,76.62,65
-0.89,0.49,0.1,-85.95,51.89,-12.96,65
-0.81,0.57,0.2,-16.77,94.09,-66.86,65
-0.57,0.62,0.28,-6.19,48.81,-33.41,65
-0.83,0.57,0.17,-43.14,69.33,-6.83,65
-1.14,0.36,-0.24,-93.29,103.75,-17.53,65
-1.14,0.1,-0.62,-109.15,88.32,-29.05,65
-0.94,-0.01,-0.85,-65.4,43.78,-15.27,65
-0.86,0.04,-0.85,15.79,3.6,6.71,65
-0.85,0.22,-0.75,83.11,-41.95,25.76,65
-0.89,0.31,-0.71,118.87,-80.43,41.83,65
-0.92,0.4,-0.57,146.16,-107.9,50.95,65
-1.02,1.6,0.91,185.61,-140.67,50.03,65
0.65,1.61,1.37,255.55,-143.05,9.51,65
-0.13,0.79,1.27,197.65,137.41,-103.84,65
-1.01,1.09,0.13,-12.07,184.76,-67.26,65
-1.45,0.78,0.01,-175.43,17.23,77.04,65
-1.17,0.47,0.09,-207.26,-48.93,87.84,65
-0.76,0.35,-0.09,-112.01,34.7,-21.65,65
-0.66,0.36,-0.18,5.43,68.05,-36.31,65
-0.83,0.47,-0.09,77.68,45.88,16.01,65
-1.09,0.51,-0.2,89.76,50.27,21.55,65
-1.31,0.42,-0.37,60.34,75.03,-19.09,65
-1.03,0.2,-0.54,29.88,56.43,-34.3,65
-0.75,0.22,-0.77,24.79,26.8,-9.88,65
-0.84,0.27,-0.88,41.55,-13.32,22.01,65
-0.99,0.34,-0.82,69.24,-83.51,37.65,65
-0.98,0.36,-0.52,110.58,-138.87,37.74,65
-1.27,1.49,2.81,190.52,-177.59,36.31,65
0.88,1.04,0.39,266.95,-135.98,-17.35,65
-0.13,0.6,0.18,185.24,182.74,-111.37,65
-1.62,1.27,-0.12,-0.55,184.88,-10.76,65
-1.82,0.99,-0.05,-170.24,-50.61,98.51,65
-0.78,0.7,0.12,-228.29,-129.24,34.09,65
-0.37,0.45,0.04,-180.73,19.82,-72.32,65
-0.61,0.23,-0.15,-98.75,112.59,-60.46,65
-0.92,0.32,-0.34,-19.39,90.98,-2.23,65
-1.12,0.38,-0.38,34.7,67.74,-2.35,65
-1.11,0.37,-0.34,56.34,69.66,-39.63,65
-0.89,0.38,-0.35,48.9,60.79,-47.5,65
-0.75,0.33,-0.37,24.45,35.64,-20.4,65
-0.79,0.33,-0.58,3.96,6.83,2.96,65
-0.98,0.29,-0.76,4.63,-26.19,16.98,65
-1.05,0.27,-0.8,37.68,-68.81,25.4,65
-1.02,0.38,-0.55,94.63,-108.93,27.68,65
-0.59,0.53,3.03,170.43,-175.4,30.21,65
0.79,0.77,-0.07,153.51,-55.03,-39.51,65
-0.66,0.91,0.21,5.27,205.12,-78.35,65
-1.96,0.76,-0.12,-124.02,103.84,24.85,65
-1.25,0.69,-0.02,-156.92,-70.21,50.61,65
-0.48,0.54,-0.06,-94.18,-4.73,-43.78,65
-0.54,0.44,-0.12,-31.16,101.43,-79.18,65
-0.9,0.34,-0.26,-10.37,89.57,-31.8,65
-1.08,0.31,-0.31,-11.46,49.73,-9.36,65
-0.97,0.25,-0.44,-18.6,57.29,-27.2,65
-0.9,0.14,-0.72,-41.52,70.73,-30.91,65
-0.92,0.04,-1.05,-63.35,30.49,-0.49,65
-0.98,0.12,-1.17,-55.76,-42.23,35.73,65
-0.98,0.08,-1.07,-4.05,-109.57,53.84,65
-0.87,0.11,-0.81,81.34,-154.15,48.72,65
-0.8,0.36,-0.24,162.07,-181.1,47.8,65
0.31,1.51,3.33,252.59,-251.28,57.74,65
0.7,0.71,0.01,190,10.88,-42.99,65
-1.21,1.19,0.16,6.52,277.99,-69.24,65
-2.18,0.89,-0.12,-175.18,93.54,34.09,65
-0.99,0.7,0.06,-246.1,-141.13,49.33,65
-0.13,0.25,-0.12,-182.35,-71.22,-33.23,65
-0.39,0.21,-0.27,-68.96,98.41,-63.48,65
-1.06,0.19,-0.47,14.57,123.66,2.47,65
-1.38,0.29,-0.62,65.76,67.13,32.8,65
-1.22,0.2,-0.54,100.64,45.27,-11.77,65
-0.84,0.3,-0.42,104.09,44.3,-37.56,65
-0.7,0.52,-0.32,55.06,25.24,-2.04,65
-0.77,0.55,-0.52,-17.2,-18.2,38.84,65
-1.05,0.39,-0.75,-56.07,-61.01,45.79,65
-1.11,0.19,-0.79,-12.59,-104.82,38.96,65
-0.92,0.52,-0.37,98.81,-139.12,33.51,65
0.14,0.86,2.91,255.15,-200.76,32.53,65
0.69,0.87,-0.24,264.6,0.34,-57.16,65
-0.44,1.05,-0.17,82.9,258.78,-86.77,65
-2.04,0.85,-0.03,-113.81,161.01,40.85,65
-1.37,0.82,-0.37,-214.05,-70.79,93.29,65
-0.65,0.35,-0.13,-174.15,-46.4,-3.72,65
-0.4,0.37,-0.25,-62.53,84.24,-71.31,65
-0.67,0.38,-0.26,11.89,123.84,-32.96,65
-0.97,0.44,-0.34,33.75,86.46,9.24,65
-1.04,0.47,-0.32,35.37,66.59,-4.91,65
-0.91,0.44,-0.42,24.85,76.22,-33.14,65
-0.86,0.33,-0.57,-1.8,77.26,-28.08,65
-0.88,0.28,-0.8,-34.3,46.49,-1.71,65
-0.93,0.37,-1.02,-56.16,-4.45,21.77,65
-1.03,0.29,-1.14,-46.13,-57.77,36.74,65
-1.01,0.13,-1.04,20.24,-110.52,35.82,65
-0.83,0.21,-0.76,120.21,-149.6,27.44,65
-1.08,0.55,0.49,198.48,-167.87,35.18,65
0.61,1.64,1.64,303.48,-212.56,37.96,65
0.36,1.6,-0.5,226.25,78.17,-57.5,65
-1.14,1.47,0.07,-41.01,255.58,-94.21,65
-1.65,0.88,-0.37,-265.24,45.73,11.8,65
-0.9,0.67,-0.33,-315.21,-121.8,59.7,65
-0.57,0.32,-0.23,-221.1,-18.17,-18.41,65
-0.69,0.27,-0.24,-98.48,98.93,-73.26,65
-0.88,0.27,-0.4,-25,89.05,-44.12,65
-1.01,0.26,-0.61,4.82,58.51,-18.17,65
-1.05,0.23,-0.66,21.01,59.66,-20.7,65
-0.89,0.34,-0.68,15.61,43.26,-15.06,65
-0.78,0.33,-0.78,-23.93,-2.77,5.82,65
-0.87,0.33,-0.91,-59.94,-59.05,25.79,65
-0.95,0.14,-0.95,-41.59,-113.02,39.94,65
-0.85,0.16,-0.73,50.27,-147.07,40.46,65
-1.09,0.68,0.85,169.82,-162.87,37.5,65
0.33,1.86,1.53,292.56,-178.78,23.93,65
0.16,1.22,0.43,209.94,69.21,-51.83,65
-1.1,1.32,0.27,-44.02,219.18,-64.02,65
-1.54,0.91,-0.47,-253.29,79.94,14.79,65
-1.04,0.61,-0.2,-294.05,-57.1,32.5,65
-0.42,0.35,-0.39,-193.41,-14.6,-42.38,65
-0.57,0.28,-0.27,-77.99,81.4,-71.55,65
-0.95,0.39,-0.27,-23.35,76.98,-24.73,65
-1.15,0.5,-0.29,-34.51,44.15,-6.92,65
-1.04,0.4,-0.46,-93.99,43.35,-33.38,65
-1.03,0.28,-0.71,-168.14,46.04,-40.09,65
-0.96,0.15,-0.88,-211.43,-10.3,-6.19,65
-0.81,0.2,-0.99,-194.45,-84.3,22.68,65
-0.84,0.18,-0.9,-117.13,-130.12,27.47,65
-0.87,0.18,-0.69,-9.6,-164.76,25.76,65
-0.8,0.16,-0.43,100.73,-188.69,32.47,65
-1.12,1.33,1.52,209.48,-192.1,44.54,65
0.87,1.78,1.47,333.41,-180.09,27.74,65
-0.31,1.59,1.2,299.18,169.36,-82.26,65
-1.06,1.37,0.2,43.11,208.87,-63.6,65
-1.08,1.05,-0.27,-178.69,9.82,25.03,65
-1.03,0.64,-0.21,-264.21,-65.55,48.78,65
-0.92,0.43,-0.33,-219.21,0.21,-8.63,65
-0.99,0.38,-0.26,-124.88,55.4,-39.09,65
-0.91,0.52,-0.26,-71.77,38.11,-30.55,65
-0.98,0.61,-0.32,-100.55,16.65,-25.67,65
-0.96,0.44,-0.6,-155.24,-14.97,-22.68,65
-0.92,0.18,-0.87,-152.23,-54.91,-18.35,65
-0.87,0.1,-0.86,-68.69,-99.02,-14.85,65
-0.74,0.16,-0.42,41.16,-146.52,-4.91,65
-0.71,0.28,0.2,114.42,-173.51,13.45,65
-0.61,1.21,0.7,131.04,-163.75,32.71,65
-0.24,1.17,2.72,73.23,-135.4,32.96,65
-0.25,0.88,1.72,-22.29,41.83,-45.98,65
-0.55,0.49,0.67,-101.43,139.18,-63.48,65
-0.67,0.42,0.02,-113.41,96.49,-11.71,65
-1.03,0.58,0,-98.87,78.17,37.04,65
-1.09,0.58,-0.11,-70.4,77.04,27.2,65
-1.03,0.51,-0.22,-28.99,82.26,-26.77,65
-0.9,0.4,-0.23,8.87,66.04,-42.53,65
-0.86,0.38,-0.25,38.2,54.51,-25.09,65
-0.87,0.49,-0.27,28.99,43.48,-19.24,65
-0.83,0.41,-0.63,-42.68,1.95,-20.73,65
-0.91,0.27,-0.77,-114.36,-66.4,-3.2,65
-0.85,0.11,-0.74,-104.54,-129.54,20.3,65
-0.82,0.04,-0.45,-9.76,-151.98,18.99,65
-0.68,0.25,0.23,105.34,-171.46,17.1,65
-0.5,1.48,0.85,158.99,-167.9,35.55,65
-0.23,1.36,2.77,86.22,-108.41,41.16,65
-0.48,0.5,1.71,-47.2,89.57,-70.4,65
-0.33,0.5,0.54,-105.49,135.46,-82.2,65
-0.51,0.2,-0.03,-77.65,101.25,-3.6,65
-0.98,0.6,-0.02,-33.17,82.8,69.57,65
-1.2,0.76,0.25,-43.72,50.06,63.84,65
-1.04,0.74,0.23,-89.73,30.64,-7.32,65
-0.85,0.53,-0.09,-104.09,38.11,-38.17,65
-1.11,0.31,-0.53,-66.1,49.76,-23.08,65
-1.22,0.12,-0.66,-20.58,0.46,-10.12,65
-1.09,-0.08,-0.6,1.83,-60.79,-20.7,65
-0.87,-0.22,-0.48,15.3,-108.32,-20.88,65
-0.61,-0.22,-0.21,45.82,-146.31,5.85,65
-0.44,-0.09,0.31,86.37,-165.79,51.55,65
-0.59,3.54,2.27,110.73,-159.51,103.69,65
0.08,1,1.08,81.37,-63.66,77.5,65
-0.85,0.31,1.2,17.16,101.98,-53.48,65
-0.54,0.48,0.41,-54.36,52.26,-22.01,65
-0.66,0.4,0.11,-28.38,66.89,71.98,65
-0.92,0.87,0.16,-6.98,74.12,91.28,65
-0.78,0.92,0.29,-24.63,31.71,36.1,65
-0.71,0.81,0.28,-45.55,23.57,-9.82,65
-0.78,0.66,0.07,-18.57,38.93,-6.07,65
-0.94,0.68,0,24.09,32.84,2.47,65
-1.1,0.67,-0.03,23.57,14.57,-5.98,65
-1.09,0.59,-0.02,-21.52,-12.84,-24.57,65
-0.87,0.34,-0.06,-51.25,-39.94,-40.61,65
-0.69,0.25,-0.06,-36.59,-60.98,-37.65,65
-0.59,0.16,0.02,0.46,-80.85,-13.11,65
-0.51,0.17,0.21,40.95,-95.73,16.77,65
-0.54,2.4,1.75,72.53,-92.84,37.71,65
-0.1,0.7,1.41,50.73,-21.04,-11.01,65
-0.51,0.28,1,-21.46,50,-65.82,65
-0.4,0.36,0.76,-61.62,35.49,2.99,65
-0.78,0.41,0.17,-27.84,84.39,78.05,65
-1.2,0.58,0.01,-2.35,97.23,79.39,65
-0.98,0.68,0.1,-21.46,49.88,25.37,65
-0.91,0.78,0.12,-35.09,44.15,-9.7,65
-1.04,0.69,0.14,-28.63,45.76,-11.22,65
-0.99,0.5,0.08,-14.05,34.97,-22.65,65
-1.1,0.38,-0.15,-7.35,36.46,-43.99,65
-1.01,0.26,-0.3,-16.25,-3.38,-46.95,65
-0.85,0.18,-0.21,-16.4,-53.51,-35.73,65
-0.67,0.11,-0.1,2.87,-88.17,-21.65,65
-0.51,0.03,0.01,38.96,-108.14,-2.26,65
-0.42,0.04,0.23,87.23,-117.59,27.8,65
-0.55,1.92,1.39,126.1,-120.55,63.9,65
0.1,1.45,1.2,98.08,-85,53.26,65
-0.53,0.3,1.57,14.36,43.05,-40.79,65
-0.32,0.53,0.88,-44.63,48.69,-18.48,65
-0.57,0.44,0.36,-23.45,88.11,70.88,65
-0.92,0.53,-0.1,20.76,119.88,116.59,65
-1.07,0.72,-0.06,40.67,101.98,76.52,65
-0.83,0.66,-0.02,13.08,65,17.04,65
-0.8,0.84,-0.02,-22.87,61.95,10.27,65
-1,0.71,-0.01,-30.61,70.09,31.86,65
-1.07,0.59,-0.05,9.88,77.13,15.18,65
-1.02,0.46,-0.33,89.05,92.8,-23.02,65
-1.13,0.51,-0.51,166.01,87.01,-41.28,65
-1.03,0.48,-0.5,226.25,28.75,-34.42,65
-0.83,0.41,-0.37,269.39,-26.98,-28.57,65
-0.71,0.43,-0.22,284.18,-58.41,-21.04,65
-0.61,0.46,-0.13,274.48,-85.06,3.78,65
-0.69,0.99,0.79,250.37,-100.37,36.68,65
0.49,2.16,1.17,219.33,-104.51,30.43,65
0.07,1.09,0.72,129.24,76.86,-72.2,65
-0.94,1.06,0.11,-11.04,142.99,-47.77,65
-1.3,0.81,-0.07,-118.57,47.74,40.49,65
-0.9,0.69,-0.16,-140.21,5.21,40.34,65
-0.62,0.4,-0.11,-87.9,69.3,-33.48,65
-0.49,0.44,-0.21,9.21,96.28,-41.16,65
-0.73,0.51,-0.23,80.61,92.93,-2.29,65
-1.03,0.57,-0.28,106.95,98.99,-2.5,65
-1.05,0.6,-0.44,86.04,105.88,-33.29,65
-0.92,0.51,-0.67,31.74,85.82,-44.42,65
-0.84,0.45,-0.98,-15,34.63,-27.41,65
-0.92,0.39,-1.1,-19.97,-25.18,-3.84,65
-0.94,0.35,-1.06,18.45,-81.68,3.78,65
-0.88,0.38,-0.84,80.58,-123.05,1.52,65
-0.8,0.52,-0.47,141.62,-149.36,7.41,65
-0.79,0.63,2.89,208.2,-186.74,15.21,65
0.93,1.52,0.28,239.57,-102.47,-36.22,65
-0.2,0.95,0.26,80.67,189.02,-106.46,65
-1.35,0.76,-0.22,-88.69,165.7,-20.49,65
-1.43,0.66,-0.19,-180.24,-1.13,87.2,65
-0.76,0.52,-0.09,-159.6,-28.51,61.37,65
-0.47,0.51,-0.15,-85.79,70.91,-27.84,65
-0.65,0.51,-0.4,-30.64,113.72,-29.27,65
-1,0.44,-0.46,3.14,86.71,13.35,65
-0.94,0.31,-0.55,36.62,65.55,6.1,65
-0.74,0.46,-0.81,51.71,75.4,-19.79,65
-0.82,0.6,-0.99,25.43,52.71,-0.34,65
-1,0.64,-1.13,-17.56,-21.34,26.68,65
-1.01,0.4,-1.07,-20.7,-90.58,18.93,65
-0.85,0.28,-0.93,41.92,-123.81,2.53,65
-0.76,0.5,-0.47,127.8,-138.81,9.88,65
-0.53,0.27,2.07,221.83,-178.66,27.1,65
0.53,1.53,0.47,265.21,-79.02,-19.66,65
-0.42,1.21,0.34,83.57,164.02,-71.98,65
-1.26,1.17,-0.19,-141.13,144.27,-13.2,65
-1.29,0.84,-0.21,-277.62,4.57,52.07,65
-0.62,0.52,-0.27,-260.67,-24.02,19.42,65
-0.42,0.35,-0.5,-145.46,70.73,-41.4,65
-0.73,0.33,-0.55,-34.85,116.49,-28.96,65
-1.04,0.39,-0.51,39.79,80.37,10.73,65
-0.99,0.45,-0.43,73.02,52.87,-2.07,65
-0.74,0.5,-0.5,72.32,61.37,-26.37,65
-0.66,0.57,-0.57,31.13,62.35,-18.38,65
-0.79,0.66,-0.96,-40.12,26.68,2.1,65
-1.04,0.43,-1.31,-78.51,-28.72,13.93,65
-1.06,0.21,-1.32,-16.49,-89.88,14.39,65
-0.85,0.3,-0.83,108.69,-135.24,7.29,65
-0.94,0.17,1.47,216.89,-168.9,15.34,65
0.18,1.1,1.47,274.36,-141.62,-1.04,65
0.09,1.14,0.47,154.85,65.64,-56.16,65
-0.92,1.27,-0.36,-81.74,173.41,-44.02,65
-1.73,0.91,-0.26,-264.48,58.32,38.96,65
-0.78,0.61,-0.21,-289.73,-75.06,28.78,65
-0.23,0.27,-0.22,-180.95,13.26,-62.59,65
-0.47,0.18,-0.28,-55.03,116.62,-73.35,65
-0.86,0.36,-0.49,16.43,113.63,-9.63,65
-1.12,0.56,-0.65,28.69,93.23,13.02,65
-0.87,0.56,-0.7,-4.21,66.55,-13.08,65
-0.58,0.6,-1.01,-74.91,20.82,-22.68,65
-0.74,0.43,-1.28,-133.14,-35.46,9.73,65
-0.97,0.23,-1.27,-108.66,-101.49,38.6,65
-0.87,0.22,-1.01,-1.71,-148.17,28.6,65
-0.88,0.7,-0.06,122.38,-164.6,14.97,65
0.05,1.25,1.38,245,-189.76,15.61,65
0.39,1.37,0.43,234.7,-16.98,-43.45,65
-0.83,1.36,0.24,43.17,163.84,-63.66,65
-1.63,0.99,-0.32,-153.66,93.6,-4.6,65
-1.27,0.78,-0.14,-260.24,-44.97,7.16,65
-0.5,0.48,-0.02,-260.37,-62.8,-37.84,65
-0.39,0.39,-0.2,-184.82,27.59,-61.16,65
-0.85,0.27,-0.5,-92.2,89.76,-28.11,65
-1.25,0.32,-0.66,-13.08,75.64,-3.57,65
-1.1,0.4,-0.68,22.68,23.23,-15.34,65
-0.88,0.45,-0.73,-10.49,-16.49,-24.05,65
-0.83,0.4,-0.81,-69.24,-67.71,-1.65,65
-0.85,0.29,-0.89,-73.17,-129.12,24.05,65
-0.93,0.22,-0.84,5.03,-162.01,20.7,65
-0.97,0.69,1.2,140.4,-189.85,4.15,65
0.66,1.49,1.1,253.99,-143.93,-31.65,65
-0.29,1.04,0.15,154.36,133.84,-85.82,65
-1.8,1.16,0.1,-56.74,139.09,-39.6,65
-1.19,0.96,0.11,-214.57,-86.01,18.66,65
-0.39,0.34,0.11,-242.04,-84.33,-32.01,65
-0.42,0.21,-0.13,-163.32,52.93,-78.81,65
-0.91,0.27,-0.22,-105.09,70.12,-30.37,65
-1.11,0.47,-0.05,-126.55,-2.65,22.35,65
-0.92,0.47,-0.29,-183.96,-20.49,18.84,65
-0.99,0.26,-0.63,-199.73,-0.7,-0.15,65
-0.9,0.09,-0.83,-141.92,-47.53,6.86,65
-0.86,0.1,-0.61,-33.05,-105.43,24.88,65
-0.84,0.15,-0.21,67.26,-137.93,39.24,65
-0.75,0.46,0.33,117.96,-150.34,52.16,65
-0.76,2.35,0.71,90.06,-130.61,70.85,65
-0.38,0.99,2.29,-17.13,-104.73,43.6,65
-0.15,0.28,1.04,-62.65,55.46,-88.54,65
-0.39,0.4,0.03,-31.71,124.21,-87.44,65
-0.7,0.87,0.18,-3.32,61.74,23.08,65
-1,1.17,0.26,-36.25,17.77,84.48,65
-1.27,0.99,0.27,-121.28,37.71,-1.8,65
-0.99,0.57,-0.21,-176.01,35.27,-81.31,65
-0.91,0.25,-0.48,-138.9,23.11,-65.27,65
-1.03,0.13,-0.67,-43.87,5.73,-28.45,65
-1.1,0.16,-0.46,25.27,-39.45,-19.27,65
-0.91,0.11,-0.25,36.04,-88.26,-16.95,65
-0.8,-0.09,-0.22,20.43,-110.49,-3.93,65
-0.68,-0.3,-0.23,25.7,-131.89,22.01,65
-0.96,1.49,1.1,46.86,-143.87,61.95,65
0.26,1.42,1.08,55.43,-100.27,80.82,65
-0.96,0.24,1.11,54.82,118.54,-71.77,65
-0.45,0.5,-0.09,-9.45,43.35,-68.41,65
-0.82,0.27,0.08,8.45,18.41,30.27,65
-0.94,0.85,0.35,38.63,22.68,73.93,65
-0.77,0.76,0.24,21.43,17.29,21.34,65
-0.7,0.58,0.13,-4.79,23.23,-33.78,65
-0.77,0.64,0.17,-4.79,25.88,-24.42,65
-0.86,0.76,0.33,-10.3,23.69,4.66,65
-0.97,0.63,0.19,-41.19,35.91,-7.74,65
-0.93,0.26,-0.22,-59.82,32.74,-37.2,65
-0.83,0.03,-0.42,-28.35,-0.55,-34.91,65
-0.71,0.07,-0.26,26.1,-50.98,1.4,65
-0.69,0.11,0.01,64.85,-85.82,42.04,65
-0.64,1.26,0.65,85.03,-102.29,69.7,65
-0.21,1.39,1.25,76.55,-77.99,58.32,65
-0.82,0.26,0.93,37.87,52.68,-77.47,65
-0.6,0.21,0.45,-26.19,16.59,-74.15,65
-0.59,0.33,0.37,-10.49,15.06,30.4,65
-1.03,0.94,0.17,11.59,61.16,82.77,65
-0.93,1.01,0.41,-4.21,35.85,36.19,65
-0.66,0.93,0.48,-41.16,25.46,-39.24,65
-0.76,0.63,0.15,-64.42,60.06,-44.42,65
-0.97,0.53,-0.12,-62.32,69.91,-20.27,65
-1.02,0.44,-0.26,-44.48,46.92,-17.59,65
-1,0.4,-0.18,-24.27,19.3,-31.55,65
-0.84,0.27,-0.31,-6.37,-7.93,-37.53,65
-0.9,0.2,-0.42,9.97,-33.2,-24.05,65
-0.84,0.07,-0.33,22.47,-80.98,3.69,65
-0.77,-0.01,-0.18,40.55,-114.24,24.48,65
-0.64,0.09,-0.05,72.13,-131.22,43.05,65
-0.65,2.76,2.61,100.18,-125.52,60.12,65
-0.3,0.35,1.29,78.81,4.85,-44.05,65
-0.57,0.27,0.73,-0.98,79.63,-107.93,65
-0.42,0.3,0.51,-35.4,28.69,-28.87,65
-0.85,0.67,0.27,-28.54,49.27,62.53,65
-1.13,0.76,0.35,-40.91,48.38,60.37,65
-0.85,0.72,0.28,-59.63,31.83,-17.29,65
-0.84,0.55,-0.02,-56.55,51.22,-44.12,65
-1.02,0.51,-0.16,-31.74,48.93,-16.86,65
-1.07,0.42,-0.27,-9.09,21.25,-9.66,65
-1.09,0.21,-0.33,9.79,-6.13,-30.76,65
-0.93,-0.04,-0.41,40.88,-43.87,-35.67,65
-0.82,-0.16,-0.3,88.29,-78.32,-13.9,65
-0.68,-0.02,-0.09,121.46,-111.16,23.99,65
-0.58,0.17,0.15,119.15,-128.29,66.43,65
-0.82,4.31,2.82,86.59,-133.08,104.21,65
-0.02,1.13,0.89,-34.88,-37.41,19.54,65
-0.71,0.19,0.59,-121.28,74.24,-110.18,65
-0.45,-0.2,0.06,-56.1,2.41,-45.91,65
-0.68,0.32,0.19,87.99,24.94,53.93,65
-1.03,1.03,0.32,145.52,59.45,91.1,65
-0.94,0.98,0.45,72.9,45.88,19.3,65
-0.71,0.92,0.35,-46.07,32.99,-50.12,65
-0.83,0.61,0.07,-112.74,46.13,-29.27,65
-1.04,0.37,-0.32,-91.77,52.44,-1.04,65
-1.18,0.24,-0.36,-29.79,25.4,-12.99,65
-1.02,0.18,-0.27,29.76,-21.49,-27.38,65
-0.86,0.2,-0.12,66.83,-51.43,-17.93,65
-0.73,0.14,0.11,70.91,-82.62,5.95,65
-0.53,0.3,0.26,61.01,-108.35,34.21,65
-0.47,2.3,1.87,44.79,-90.98,60.27,65
-0.33,0.69,1.17,-12.53,11.04,-27.93,65
-0.52,-0.08,0.35,-47.26,55.43,-95.06,65
-0.57,0.05,0.35,28.6,32.77,-18.75,65
-0.84,0.53,0.18,88.17,60.55,71.49,65
-1.02,1.14,0.38,66.37,70.67,72.74,65
-0.72,0.95,0.41,-19.91,55.43,-6.25,65
-0.56,0.67,0.28,-80.34,65.58,-45.76,65
-0.75,0.52,0.05,-74.57,88.96,-12.38,65
-1.02,0.49,-0.07,-26.86,97.65,7.99,65
-1.09,0.46,-0.17,28.63,91.98,-14.63,65
-1.07,0.42,-0.26,73.51,80.03,-37.47,65
-0.91,0.32,-0.4,106.62,50.12,-33.14,65
-0.87,0.19,-0.48,125.82,11.83,-15.03,65
-0.83,0.13,-0.41,126.07,-43.78,6.95,65
-0.77,0.05,-0.38,118.32,-91.74,33.78,65
-0.82,0.8,-0.02,116.43,-110.18,63.66,65
0.68,1.04,1.27,129.76,-143.96,69.63,65
0.23,0.39,0.63,83.29,119.36,-72.9,65
-1.27,0.65,0.03,-38.14,208.84,-61.95,65
-1.41,0.92,0.2,-143.75,-0.58,102.16,65
-0.88,0.99,0.38,-163.78,-27.32,160.12,65
-0.73,0.55,0.03,-105.98,134.6,4.05,65
-0.38,0.52,-0.45,-21.31,141.74,-77.68,65
-0.6,0.51,-0.42,36.77,70.4,-10.46,65
-1.15,0.72,-0.28,74.88,33.05,51.43,65
-1.52,0.72,-0.16,68.2,48.75,9.82,65
-1.14,0.63,-0.01,22.01,42.59,-53.14,65
-0.62,0.48,-0.35,-38.84,18.32,-44.54,65