-0.09,1,-0.13,1.74,-1.16,-1.16,70
-0.09,1,-0.13,1.01,-0.24,-0.91,70
-0.1,0.99,-0.16,0.85,-0.15,-0.24,70
-0.09,0.98,-0.15,0.7,-0.09,-0.06,70
-0.07,0.99,-0.09,0.73,0.27,-0.37,70
-0.1,1,-0.09,0.7,0.18,-0.64,70
-0.1,1,-0.09,0.79,0.15,-0.76,70
-0.1,1,-0.06,0.67,-0.09,-0.91,70
-0.08,0.99,-0.12,1.04,0.34,-0.88,70
-0.07,1,-0.2,1.55,0.4,-0.67,70
-0.11,1.01,-0.08,0.82,-0.46,-0.95,70
-0.07,0.98,-0.16,1.25,0.46,-0.64,70
-0.13,1.01,-0.09,0.15,-0.55,-0.67,70
-0.06,0.99,-0.19,0.55,-0.12,-0.27,70
-0.11,1.01,-0.09,0.21,-0.55,-0.24,70
-0.1,0.99,-0.09,0.37,-0.58,-0.21,70
-0.07,1.02,-0.13,-0.3,-0.34,-0.21,70
-0.05,1.13,-0.11,-6.46,0.55,-3.51,70
-0.04,1.2,-0.05,-4.79,1.95,-15.49,70
0,1.09,-0.11,5,5.82,-29.24,70
0.01,0.73,-0.04,40.73,15.64,-36.83,70
0.38,3.65,-0.42,-67.71,49.39,-52.8,70
-0.18,1.41,0.57,-198.6,67.9,-233.96,70
-0.13,2.23,0.14,-188.2,75,-305.52,70
-0.4,1.1,0.15,-86.22,105.34,-283.57,70
-0.56,0.73,0.14,14.82,172.84,-265.18,70
-0.79,0.65,-0.1,62.01,195.4,-271.16,70
-0.95,0.57,-0.38,42.07,131.28,-288.02,70
-0.99,0.46,-0.6,-31.37,4.39,-276.1,70
-0.76,0.64,-0.51,-109.12,-94.82,-222.32,70
-0.35,0.57,-0.88,-126.1,-102.68,-167.32,70
-0.57,0.22,-1.4,-48.2,-112.93,-139.82,70
-0.99,-0.09,-1.67,94.21,-178.26,-134.27,70
-1.02,-0.14,-1.61,217.07,-257.01,-127.13,70
-0.59,0.23,-1.24,270.43,-300.95,-92.87,70
-0.25,0.55,-0.78,272.41,-321.31,-49.12,70
-0.17,0.76,-0.15,250.24,-338.57,-19.54,70
-0.01,0.58,0.61,240.37,-324.88,-32.71,70
1.86,2.07,5.86,164.39,44.12,-178.96,70
-0.29,0.58,0.97,45.52,269.88,-248.99,70
-1.16,0.24,-0.09,-120.88,140.43,-181.8,70
-1.19,0.51,0.6,-261.04,-67.13,-50.37,70
-0.08,0.69,0.48,-345.34,-121.77,41.83,70
-0.15,0.35,-0.28,-333.63,76.28,-3.48,70
-0.64,-0.07,-1.09,-237.26,201.8,-67.56,70
-1.26,-0.26,-1.86,-92.53,163.11,-39.88,70
-1.59,-0.27,-1.87,61.37,37.9,19.91,70
-1.25,0.13,-1.73,158.57,-68.41,17.44,70
-0.93,0.11,-1.38,189.66,-129.05,-7.23,70
-0.74,0.18,-0.76,226.89,-200.06,4.91,70
-0.5,0.57,0.18,288.51,-268.9,36.01,70
1.11,2.96,5.73,353.57,-273.48,43.02,70
1.13,0.03,1.45,222.8,102.62,-88.32,70
-0.46,0.48,0.81,86.19,335.64,-161.89,70
-1.35,1,0.1,-55.3,185.24,-42.07,70
-1.31,0.6,0.68,-124.79,-39.63,103.26,70
-0.5,0.55,0.11,-122.5,3.6,15.46,70
-0.53,0.07,-0.29,-95.37,189.7,-93.05,70
-0.7,-0.24,-0.92,-62.93,216.19,-50.34,70
-1.26,-0.17,-1.27,-20.98,163.69,40.79,70
-1.52,-0.04,-1.45,26.19,78.57,89.66,70
-1.33,0.12,-1.49,43.81,-10.85,63.08,70
-0.96,0.03,-1.42,63.26,-90.37,37.99,70
-0.75,0.07,-1.03,132.41,-151.19,61.31,70
-0.69,0.4,-0.32,228.02,-191.46,86.4,70
-0.82,1.37,1.21,305.09,-214.73,87.71,70
0.7,2.34,1.94,344.12,-187.68,41.4,70
0.29,1.18,0.58,203.08,111.52,-124.79,70
-0.7,1.49,0.39,-24.42,217.53,-117.71,70
-1.38,1.02,0.08,-214.39,88.11,33.45,70
-1.08,0.54,-0.03,-281.01,-12.8,79.94,70
-0.71,0.13,-0.43,-207.96,84.91,-21.49,70
-0.83,-0.1,-0.66,-90.34,167.87,-59.27,70
-1.06,-0.09,-0.89,-7.41,128.11,6.95,70
-1.33,0.22,-0.96,30.95,78.99,62.13,70
-1.27,0.43,-1.05,25.3,32.62,65.88,70
-1.1,0.22,-1.45,-5.49,-28.08,34.88,70
-1.08,-0.06,-1.45,12.26,-104.51,30.73,70
-0.87,0.05,-1.03,100.76,-188.66,59.09,70
-0.72,0.6,-0.29,198.32,-234.51,78.02,70
0.34,2.2,5.02,314.3,-285.3,70.55,70
0.35,0.24,0.23,257.56,-34.27,-103.54,70
0.25,1.39,-0.23,84.45,180.3,-193.11,70
-1.41,0.51,0.74,-137.41,165.24,-46.77,70
-0.94,0.72,0.02,-231.43,-20.37,128.08,70
-0.6,0.68,-0.59,-218.05,41.59,120.95,70
-0.82,0.29,-0.79,-122.87,214.36,-6.28,70
-1.06,0.39,-0.92,-29.57,179.45,-36.1,70
-1.23,0.24,-0.72,21.22,34.33,13.38,70
-0.95,0.22,-0.51,64.05,-24.05,13.45,70
-0.64,0.68,-0.56,79.05,30.12,-5.4,70
-0.76,0.65,-0.83,28.69,56.4,13.84,70
-1.02,0.31,-1.29,-35.03,-23.17,26.07,70
-1.08,0.14,-1.26,-34.94,-138.35,42.41,70
-1,0.23,-0.72,44.63,-209.73,68.57,70
-0.84,1.98,4.36,188.45,-268.38,75.79,70
0.58,0.9,0.18,262.23,-154.82,-53.38,70
0.19,1.64,-0.26,170.34,123.35,-178.02,70
-0.94,1.06,0.25,-51.34,183.81,-81.8,70
-1.25,0.9,0.24,-225.91,40.91,76.43,70
-0.76,0.87,-0.41,-292.87,-9.36,84.45,70
-0.61,0.24,-0.51,-257.23,109.6,-33.63,70
-0.62,0.25,-0.59,-158.78,145.91,-67.26,70
-0.7,0.32,-0.73,-52.01,85.21,-7.07,70
-0.89,0.29,-0.63,47.07,54.85,15.73,70
-0.93,0.34,-0.59,106.8,76.37,-14.79,70
-0.89,0.58,-0.76,82.2,97.62,-23.66,70
-0.91,0.56,-1.06,-16.1,52.04,6.98,70
-0.84,0.41,-1.48,-93.66,-58.57,28.08,70
-0.92,0.05,-1.49,-69.18,-149.02,46.43,70
-0.94,0.05,-0.93,56.86,-202.16,58.81,70
-1.28,0.68,3.17,225.12,-264.36,65.43,70
1.01,1.74,0.91,367.93,-237.68,0.98,70
0.22,1.4,-0.26,268.81,104.12,-142.53,70
-1.26,1.5,0.51,11.71,228.11,-115.64,70
-1.45,1.28,0.1,-221.22,50.18,35.24,70
-0.84,0.91,-0.06,-344.12,-52.44,63.08,70
-0.35,0.29,-0.29,-319.3,49.76,-40.76,70
-0.45,0.04,-0.56,-195.58,159.02,-88.11,70
-0.74,0.01,-0.82,-45,155.61,-13.99,70
-1.1,0.12,-0.92,77.53,121.25,47.53,70
-1.33,0.65,-0.84,126.22,94.21,40.79,70
-1.06,0.87,-0.96,53.81,33.57,11.77,70
-0.79,0.47,-1.41,-62.1,-49.48,-7.74,70
-0.84,0.12,-1.52,-90.67,-129.36,16.52,70
-0.93,0.04,-1.09,3.78,-198.93,56.28,70
-1.17,0.58,0.62,153.57,-246.77,59.33,70
0.97,1.42,2.41,343.45,-304.39,26.98,70
0.32,1.11,-0.41,347.62,20.67,-118.26,70
0.01,1.66,-0.32,116.31,243.57,-159.42,70
-1.85,1,0.88,-159.79,167.16,-24.63,70
-0.84,1.12,-0.35,-295.98,-65.52,93.05,70
-0.63,0.45,-0.34,-294.76,5.79,35.24,70
-0.62,0.23,-0.51,-184.76,138.32,-58.48,70
-0.84,0.16,-0.76,-60.03,144.66,-40.09,70
-1.05,0.16,-0.77,47.77,75.3,14.45,70
-0.96,0.47,-0.82,112.13,40.98,12.65,70
-0.89,0.77,-0.76,93.05,45.09,-0.88,70
-0.83,0.59,-1.04,1.49,2.04,4.18,70
-0.85,0.39,-1.28,-72.2,-82.01,7.26,70
-0.96,0.27,-1.09,-53.57,-160.4,29.15,70
-1,0.42,-0.42,51.8,-211.22,43.78,70
-0.17,0.69,4.08,221.04,-284.73,26.71,70
0.48,0.93,-0.01,284.36,-99.05,-91.34,70
0.22,1.63,-0.54,142.44,198.48,-157.1,70
-1.86,1.16,0.53,-96.43,242.16,-53.26,70
-1.48,1.09,-0.24,-249.76,-7.93,58.93,70
-0.69,0.61,-0.3,-271.89,-69.42,-15.7,70
-0.29,0.27,-0.31,-182.96,49.51,-104.79,70
-0.4,0.13,-0.74,-78.99,140.98,-88.6,70
-0.91,0,-0.89,-1.49,142.16,-26.37,70
-1.12,0.22,-0.88,30.24,61.13,6.46,70
-0.9,0.44,-0.91,1.71,-19.85,10.76,70
-0.83,0.16,-1.14,-38.45,-57.29,3.32,70
-0.93,0.01,-1.19,-21.22,-94.54,12.93,70
-0.91,0.06,-0.85,63.78,-153.23,48.08,70
-0.94,0.7,0.02,172.47,-198.78,65.43,70
0.3,1.66,3.05,264.94,-275.46,53.99,70
0.41,0.95,-0.05,182.07,-25.06,-76.49,70
-0.62,1.55,0.39,-2.62,222.62,-116.13,70
-1.72,1.05,0.28,-171.4,118.75,2.2,70
-0.97,0.83,-0.02,-238.72,-40.4,25.27,70
-0.37,0.47,-0.14,-192.16,20.95,-53.84,70
-0.43,0.37,-0.4,-110.52,139.85,-85.95,70
-0.81,0.22,-0.68,-51.86,170.76,-41.95,70
-1.17,0.11,-0.9,-15.09,138.38,-13.57,70
-1.11,0.21,-0.88,5.79,75.4,-16.31,70
-0.77,0.33,-0.89,-10.46,15.15,-15.7,70
-0.74,0.15,-1.11,-47.93,-20.21,-3.84,70
-0.91,0.04,-1.26,-45.49,-64.79,19.88,70
-0.91,0.02,-1.14,26.46,-125.4,47.84,70
-0.83,0.22,-0.73,137.32,-168.9,56.55,70
-0.92,1.45,0.36,225.82,-195.24,55.15,70
0.56,1.82,1.88,300.85,-257.62,49.33,70
0.32,1.32,-0.16,239.73,4.21,-86.22,70
-0.93,1.61,0.12,26.74,211.55,-79.79,70
-1.93,1.18,0.41,-189.76,111.46,18.11,70
-0.94,0.81,-0.09,-283.23,-56.19,4.3,70
-0.24,0.29,-0.2,-242.47,-5.37,-77.47,70
-0.26,0.16,-0.54,-150.88,107.77,-83.51,70
-0.82,0.07,-0.75,-88.66,158.11,-19.12,70
-1.41,0.06,-0.92,-38.14,130.61,20.15,70
-1.14,0.19,-0.93,14.73,57.07,2.71,70
-0.67,0.23,-0.84,34.24,4.6,-10.98,70
-0.63,0.15,-1.07,17.9,-24.48,5.73,70
-0.96,0.1,-1.08,7.96,-74.7,40.43,70
-1.03,0.14,-0.91,48.6,-151.86,74.12,70
-0.91,0.44,-0.45,133.38,-199.94,74.91,70
-1.47,2.12,4.11,229.54,-235.85,60.64,70
0.86,1.52,0.53,282.65,-173.9,-14.85,70
0.06,1.43,-0.05,193.23,190.03,-105.46,70
-1.66,1.5,0.47,2.35,254.3,-16.34,70
-1.31,0.93,-0.35,-161.16,50.85,22.65,70
-0.62,0.36,-0.36,-200.64,-21.25,-53.99,70
-0.33,0.08,-0.53,-150.98,43.51,-81.74,70
-0.66,0.1,-0.68,-97.9,113.26,-27.56,70
-1.29,0.03,-0.81,-63.29,121.89,20.55,70
-1.33,0.2,-0.84,-33.05,67.38,8.9,70
-0.81,0.34,-0.86,-17.44,4.66,-5.7,70
-0.68,0.22,-1.03,-21.13,-26.13,10.55,70
-0.96,0.11,-1.03,-10.37,-66.65,32.96,70
-1,0.17,-0.9,44.27,-136.8,56.77,70
-0.9,0.48,-0.5,127.84,-183.81,68.35,70
-1.1,1.47,1.75,203.17,-207.99,64.94,70
0.44,1.38,1.56,232.68,-186.01,-0.21,70
0.33,0.85,0.59,164.85,74.48,-99.6,70
-0.74,1.08,0.01,33.69,217.87,-33.63,70
-1.66,1.12,-0.33,-79.27,143.87,62.71,70
-1.2,0.63,-0.26,-145.3,18.45,1.04,70
-0.36,0.36,-0.33,-142.26,-0.73,-83.93,70
-0.39,0.27,-0.49,-121.55,64.3,-53.66,70
-1,0.23,-0.8,-92.99,112.07,14.82,70
-1.33,0.23,-0.97,-47.04,90.52,23.23,70
-1.01,0.26,-0.99,-2.44,13.84,-4.63,70
-0.75,0.17,-0.99,13.51,-45.06,-10.91,70
-0.88,0.12,-0.99,22.84,-78.05,18.57,70
-1.01,0.21,-0.85,60.67,-118.87,54.33,70
-0.96,0.48,-0.49,123.45,-163.57,62.5,70
-1.26,2.08,2.19,188.63,-205.18,55.06,70
0.48,1.23,1.16,203.84,-189.21,-11.04,70
0.29,0.75,0.9,119.02,68.99,-108.14,70
-0.66,1.14,-0.06,-27.74,201.37,-40.27,70
-1.66,1.07,-0.23,-146.62,132.5,59.39,70
-1.13,0.81,-0.2,-212.13,-2.87,6.4,70
-0.27,0.42,-0.32,-195.82,-0.64,-94.24,70
-0.3,0.12,-0.51,-137.99,90.06,-76.1,70
-0.88,0.1,-0.79,-72.59,143.93,-4.33,70
-1.3,0.18,-1,-15.58,122.77,20.37,70
-1.14,0.37,-0.89,10.7,45.88,0.7,70
-0.75,0.38,-0.81,-10.98,-26.68,-8.14,70
-0.79,0.29,-0.95,-39.15,-57.59,12.84,70
-1.08,0.18,-0.95,-6.71,-87.1,45.21,70
-1.06,0.3,-0.72,95.37,-135.18,55.52,70
-0.87,0.66,-0.19,208.6,-168.23,47.29,70
-0.59,1.69,3.01,294.82,-203.17,44.12,70
0.58,1.03,0.47,269.91,-83.6,-34.15,70
-0.15,1.06,0.18,116.25,176.55,-90.85,70
-1.44,1.38,-0.23,-59.85,187.23,11.62,70
-1.66,1.11,-0.14,-194.76,31.43,33.6,70
-0.53,0.58,-0.05,-242.44,-52.16,-73.6,70
-0.07,0.29,-0.26,-226.37,25.43,-109.94,70
-0.52,0.13,-0.64,-203.14,127.59,-47.84,70
-1.2,0.14,-1.03,-174.02,145,15.98,70
-1.27,0.12,-1.24,-128.26,59.88,24.02,70
-0.83,0.12,-1.22,-55.61,-37.26,-0.49,70
-0.69,0.09,-1.12,29.15,-76.89,2.65,70
-0.84,0.14,-0.87,121.8,-101.37,39.24,70
-0.86,0.39,-0.45,206.59,-139.63,66.1,70
-0.76,0.81,0.12,260.55,-162.84,68.66,70
-0.14,2.38,2.16,292.9,-168.6,54.66,70
0.34,1.1,0.95,203.14,11.74,-52.96,70
-0.42,0.96,0.25,50.88,201.34,-78.57,70
-1.23,0.92,-0.12,-58.23,172.56,25.49,70
-1.2,0.57,-0.13,-108.69,62.8,34.85,70
-0.52,0.36,-0.3,-87.74,48.78,-46.49,70
-0.42,0.32,-0.61,-57.9,118.81,-61.4,70
-0.83,0.42,-1.01,-69.12,146.62,3.38,70
-1.25,0.41,-1.27,-101.83,94.45,43.54,70
-1.21,0.28,-1.39,-105.3,-2.47,20.37,70
-0.93,0.1,-1.29,-45.61,-76.65,-3.99,70
-0.78,0.11,-0.99,63.81,-112.2,10.09,70
-0.78,0.35,-0.55,167.07,-135.37,37.93,70
-0.77,0.67,-0.08,221.95,-157.32,55.67,70
-0.97,1.14,1.98,238.32,-166.16,59.73,70
0.32,1.5,0.53,245.3,-125.21,19.12,70
0.1,0.91,0.01,160.7,91.71,-85.55,70
-0.89,0.73,-0.13,58.99,163.35,-39.66,70
-1.37,0.86,-0.18,16.89,71.37,55.4,70
-0.86,0.66,-0.09,3.05,22.16,4.88,70
-0.41,0.45,-0.25,-16.52,70.95,-78.29,70
-0.44,0.35,-0.7,-64.3,114.33,-58.38,70
-0.8,0.39,-1.11,-109.21,113.96,12.53,70
-1.1,0.33,-1.29,-122.29,64.66,39.02,70
-1.05,0.21,-1.35,-91.65,-11.83,11.22,70
-0.88,0.08,-1.22,-18.08,-69.27,-3.63,70
-0.8,0.15,-0.93,77.5,-96.8,18.69,70
-0.83,0.44,-0.49,149.66,-115.95,44.66,70
-0.84,0.85,-0.05,168.32,-135.52,51.74,70
-0.74,0.55,2.46,171.19,-163.81,44.3,70
0.27,1.09,0.5,156.92,-85.95,-10.61,70
0.03,1.19,-0.2,21.83,128.81,-98.05,70
-0.73,1.01,-0.77,-108.11,197.23,-48.6,70
-1.44,0.76,-0.58,-146.43,114.24,57.87,70
-1.04,0.62,-0.48,-113.05,22.99,12.87,70
-0.53,0.37,-0.43,-78.6,33.51,-87.74,70
-0.44,0.23,-0.55,-85.85,73.48,-86.31,70
-0.68,0.21,-0.72,-117.23,89.12,-17.53,70
-0.79,0.51,-0.91,-135.7,66.89,31.59,70
-0.81,0.55,-1.23,-124.73,25.88,27.8,70
-0.87,0.22,-1.43,-62.74,-21.16,-1.31,70
-0.88,0.07,-1.38,52.13,-71.31,-4.54,70
-0.85,0.19,-1,165.12,-109.76,19.24,70
-0.84,0.56,-0.46,217.04,-139.51,44.73,70
-1.25,0.98,1.8,211.95,-168.11,55.3,70
0.16,1.18,0.8,216.25,-163.9,26.37,70
0.09,1.78,0.56,100.46,34.88,-70.12,70
-0.44,1.03,0.05,-121.28,155.98,-97.01,70
-0.87,0.77,-0.7,-242.71,129.33,0.52,70
-1.21,0.61,-1.01,-227.53,98.75,51.43,70
-1.06,0.4,-1.12,-122.44,74.82,-28.26,70
-0.72,0.18,-0.8,-17.9,26.46,-83.51,70
-0.6,0.06,-0.5,36.19,-2.96,-47.71,70
-0.6,0.3,-0.57,38.02,16.71,-2.62,70
-0.83,0.49,-0.8,-8.81,37.29,21.68,70
-1.02,0.46,-1.12,-65.4,-9.02,22.13,70
-0.9,0.1,-1.24,-58.99,-89.63,15.88,70
-0.72,0.08,-0.91,37.68,-135.91,24.94,70
-0.62,0.47,-0.25,151.13,-143.84,42.99,70
-0.81,0.57,2.2,225.79,-144.27,57.8,70
0.18,1.49,0.93,214.91,-74.57,11.92,70
0.02,1.22,0.76,20.3,121.4,-77.96,70
-0.4,1.06,-0.07,-172.65,206.19,-63.23,70
-0.95,0.85,-0.67,-247.93,191.31,9.73,70
-1.05,0.42,-0.97,-197.26,150.64,7.99,70
-0.58,0.23,-0.95,-78.96,115.49,-55.95,70
-0.3,0.36,-0.92,-11.13,79.76,-51.16,70
-0.58,0.51,-1.14,-28.9,65.09,4.85,70
-1.11,0.41,-1.31,-67.99,44.21,40.64,70
-1.13,0.22,-1.46,-60.58,-16.95,27.29,70
-0.82,0.09,-1.34,-3.63,-79.94,7.74,70
-0.69,0.17,-1.06,64.88,-119.42,20.73,70
-0.78,0.43,-0.62,115.15,-145.06,50.09,70
-0.88,0.75,-0.08,143.87,-165.85,61.71,70
-0.89,1.33,0.82,144.73,-175.76,46.95,70
0.04,1.44,1.39,141.62,-165.46,17.04,70
0.21,1.49,0.73,39.3,25.88,-57.23,70
-0.14,0.76,0.07,-109.76,203.38,-77.56,70
-0.59,0.86,-0.74,-145.73,220.24,7.07,70
-1.14,0.93,-1.14,-141.71,167.32,45,70
-1.18,0.54,-0.92,-111.83,89.21,-23.38,70
-0.67,0.25,-0.74,-59.15,34.3,-76.62,70
-0.43,0.2,-0.59,-29.97,43.41,-50.43,70
-0.49,0.53,-0.83,-41.46,67.68,6.37,70
-0.89,0.65,-1.24,-66.59,53.81,31.16,70
-1.05,0.39,-1.39,-54.27,-23.51,12.68,70
-0.85,0.18,-1.37,32.04,-100.64,-0.88,70
-0.73,0.25,-1.03,152.93,-125.58,3.14,70
-0.78,0.64,-0.5,229.51,-139.76,22.29,70
-0.87,0.99,-0.06,228.81,-167.16,37.26,70
-0.8,1.23,1.54,184.36,-172.01,9.63,70
0.1,1.76,1.39,81.65,-70.88,-62.32,70
0.07,1.06,0.43,-110.49,90.95,-126.22,70
-0.34,0.69,-0.79,-174.91,178.63,-93.51,70
-1.11,0.36,-1.19,-110.58,170.79,-40.76,70
-1.12,0.36,-1.21,-25.21,73.08,-51.74,70
-0.83,0.19,-0.81,-11.34,8.02,-73.38,70
-0.58,0.1,-0.75,-62.04,-5.98,-36.62,70
-0.55,0.32,-0.87,-131.62,-6.16,22.41,70
-0.77,0.32,-1.37,-170.73,-34.05,47.23,70
-1.1,-0.14,-1.57,-121.16,-89.73,34.33,70
-0.99,-0.29,-1.18,37.56,-158.63,29.24,70
-0.71,0.11,-0.42,210.3,-194.51,41.1,70
-1,1.45,1.85,307.32,-195.52,59.91,70
0.1,1.81,1.5,281.59,-152.23,26.55,70
0.2,1.24,1.18,74.54,58.29,-89.48,70
-0.16,0.87,0.01,-162.65,190.67,-86.13,70
-0.93,0.68,-0.68,-289.88,193.38,0.06,70
-1.3,0.83,-0.68,-354.09,104.54,52.84,70
-0.8,0.54,-0.8,-355.58,26.55,11.16,70
-0.46,0.33,-0.85,-286.07,40.82,-31.25,70
-0.51,0.36,-1.06,-163.08,74.09,3.05,70
-0.83,0.56,-1.31,-20.4,79.91,35.21,70
-1.19,0.63,-1.31,74.97,30.91,17.23,70
-1.15,0.53,-1.05,90.27,-64.24,-7.71,70
-0.95,0.41,-0.85,75.03,-134.66,2.5,70
-0.92,0.39,-0.57,85.67,-163.75,22.84,70
-0.96,0.6,-0.02,121.62,-192.77,31.16,70
-0.11,0.85,2.73,186.74,-273.38,36.34,70
0.62,0.79,0.31,182.93,-107.35,-45.58,70
-0.26,0.51,0.6,68.41,175.49,-99.82,70
-1.05,1.07,-0.11,-29.82,176.98,-11.19,70
-1.37,1.44,-0.18,-104.24,75.46,80.12,70
-0.69,1.14,-0.08,-171.4,38.41,-3.57,70
-0.1,0.62,-0.48,-197.29,84.76,-109.09,70
-0.25,0.26,-0.91,-167.62,136.89,-79.02,70
-0.8,0.33,-1.29,-89.27,141.04,4.7,70
-1.34,0.39,-1.29,-13.41,87.29,28.69,70
-1.2,0.49,-1.02,-0.24,-14.97,-12.96,70
-0.74,0.44,-0.86,-43.57,-92.5,-23.54,70
-0.74,0.3,-0.88,-59.6,-110.58,11.55,70
-0.99,0.27,-0.89,-15.91,-131.19,33.17,70
-1.07,0.32,-0.72,51.65,-183.9,31.07,70
-1.33,0.99,3.52,110.15,-251.01,22.9,70
1.01,1.63,0.34,139.45,-188.84,-32.77,70
-0.41,1.2,1.02,16.65,120.03,-104.54,70
-1.1,0.84,0.19,-159.63,87.74,-49.66,70
-1.01,0.81,0.28,-284.54,-34.36,25.73,70
-0.49,0.35,-0.21,-289.94,-14.66,11.92,70
-0.69,0.1,-0.69,-168.51,117.8,-51.04,70
-1.19,0.11,-0.78,-15.46,135.98,-38.69,70
-1.25,0.41,-0.56,78.75,49.82,-5.21,70
-0.9,0.5,-0.38,75.12,11.19,-11.22,70
-0.77,0.47,-0.88,6.01,23.05,-20.52,70
-0.9,0.31,-1.15,-42.68,-36.8,-2.07,70
-0.89,0.14,-1.14,-12.26,-147.1,30.37,70
-0.89,0.16,-0.86,90.49,-200,41.34,70
-0.97,0.65,0.41,204.7,-219.66,33.11,70
0.34,1.98,2.51,297.5,-242.29,17.32,70
0.45,0.92,1.1,233.32,15.82,-68.54,70
-0.91,1.01,0.41,47.29,196.83,-75.85,70
-1.36,0.99,0.12,-117.71,78.32,14.05,70
-0.78,0.81,0.09,-198.69,-34.18,21.04,70
-0.35,0.46,-0.05,-181.8,25.37,-47.23,70
-0.57,0.27,-0.04,-128.45,100.46,-51.04,70
-0.83,0.42,-0.09,-108.51,92.87,-0.58,70
-0.88,0.6,-0.38,-154.05,75.61,26.86,70
-1.06,0.59,-0.78,-217.71,69.48,24.12,70
-1.05,0.36,-1.11,-234.33,8.96,20.43,70
-0.89,0.23,-0.97,-179.39,-74.09,25.12,70
-0.74,0.28,-0.72,-70.85,-123.78,30.34,70
-0.75,0.36,-0.32,32.68,-145.49,35.4,70
-0.76,0.63,0.09,91.89,-166.8,50.27,70
-1.05,1.93,0.38,89.54,-167.47,58.35,70
0.13,1.79,2.42,-16.8,-161.04,20.34,70
-0.04,0.16,1.26,-85.64,65.82,-124.45,70
-0.33,0.78,0.26,-40.27,140.67,-128.38,70
-0.51,0.91,0.29,-29.39,60.43,-5.64,70
-1.03,1.03,0.35,-78.99,35.49,55.98,70
-1.3,0.96,0.31,-160.67,55.82,-3.9,70
-1,0.61,-0.07,-202.13,64.88,-85.52,70
-0.79,0.3,-0.22,-149.15,66.92,-102.53,70
-0.67,0.06,-0.37,-62.68,55.21,-69.7,70
-0.85,0,-0.45,-8.63,39.15,-32.32,70
-0.88,-0.09,-0.44,4.42,0.46,-4.94,70
-0.81,-0.32,-0.37,5.4,-36.68,9.88,70
-0.68,-0.44,-0.28,14.18,-67.07,32.1,70
-0.57,-0.32,-0.16,36.4,-90.7,80.06,70
-0.51,0.05,0.15,63.41,-109.36,144.36,70
-0.51,0.72,0.45,83.6,-116.34,191.13,70
-0.85,4.83,1.86,75.76,-103.14,190.58,70
-0.44,0.91,1.25,37.96,-29.12,58.99,70
-0.81,0.86,0.74,30.79,83.72,-70.82,70
-0.86,0.8,0.37,12.62,75.09,-37.71,70
-0.79,0.83,0.25,-18.78,70.88,12.38,70
-0.89,0.95,0.24,-58.48,70.27,2.41,70
-0.84,0.81,0.1,-99.33,51.77,-47.13,70
-0.79,0.64,0.06,-106.98,33.6,-61.34,70
-0.78,0.48,-0.06,-70.15,28.93,-46.28,70
-0.86,0.38,-0.12,-24.79,17.56,-41.65,70
-0.9,0.29,-0.03,-14.48,-14.76,-36.62,70
-0.79,0.17,0.25,-36.28,-61.46,-22.56,70
-0.66,0.06,0.52,-61.01,-107.65,-7.07,70
-0.68,0.15,0.6,-75.76,-139.33,17.68,70
-0.84,0.44,0.54,-73.02,-164.57,55.98,70
-1.01,1.17,0.19,-54.39,-163.81,73.51,70
-0.25,1.98,1.95,-71.31,-172.01,29.39,70
-0.49,-0.08,0.99,-49.05,-34.39,-127.96,70
-0.69,0.11,0.12,23.6,5.73,-133.57,70
-0.8,0.67,0.4,17.77,-12.8,4.45,70
-0.83,1.03,0.37,-30.82,6.04,79.12,70
-0.91,0.69,0.21,-75.46,23.2,-3.84,70
-0.74,0.62,0.1,-90.37,12.99,-95.79,70
-0.62,0.41,-0.05,-72.84,21.04,-86.46,70
-0.66,0.25,-0.18,-31.31,30.55,-47.99,70
-0.66,0.07,-0.25,1.22,16.52,-43.48,70
-0.61,-0.04,-0.25,17.84,-7.13,-45.88,70
-0.45,-0.16,-0.11,36.8,-34.21,-22.32,70
-0.35,-0.2,0.16,63.57,-52.84,20.18,70
-0.36,0,0.42,82.26,-58.41,67.07,70
-0.43,0.4,0.57,83.96,-48.11,112.74,70
-0.64,1.1,1.04,83.17,-25.95,134.21,70
-0.77,2.03,1.26,83.81,9.36,102.07,70
-0.97,0.48,1.13,71.31,95.37,-18.69,70
-0.8,0.77,0.6,79.05,118.72,-77.38,70
-0.72,0.77,0.59,68.78,131.71,-29.63,70
-0.78,0.54,0.52,32.96,134.09,1.62,70
-0.83,0.58,0.35,-1.13,130.49,-11.13,70
-0.84,0.59,0.21,-20.7,116.22,-30.55,70
-0.81,0.62,0.15,-21.89,91.49,-28.72,70
-0.85,0.72,0.1,-14.12,69.63,-21.62,70
-0.87,0.46,-0.11,-4.02,44.15,-31.74,70
-0.88,0.3,-0.23,-0.37,0.4,-36.4,70
-0.84,0.14,-0.27,3.57,-51.62,-14.21,70
-0.83,0.01,-0.21,30.49,-88.35,11.59,70
-0.76,0.04,-0.11,74.57,-111.52,29.57,70
-0.66,0.24,-0.01,124.27,-118.29,52.71,70
-0.89,2.53,1.62,160.64,-102.77,70.73,70
-0.16,1.18,1.1,178.48,-49.24,17.8,70
-0.75,0.76,0.95,149.24,79.45,-73.26,70
-0.76,0.65,0.38,48.69,63.45,-48.08,70
-0.84,0.37,0.12,-21.74,44.42,3.2,70
-0.88,0.59,0.38,-37.07,24.51,18.05,70
-0.65,0.73,0.55,2.65,11.46,-7.23,70
-0.65,0.69,0.52,55.7,45.88,-36.07,70
-0.75,0.64,0.27,81.28,73.2,-36.68,70
-0.89,0.56,-0.12,80.52,77.38,-20.79,70
-1.07,0.5,-0.39,75.37,63.38,-19.57,70
-0.97,0.37,-0.47,97.35,20.43,-32.32,70
-0.76,0.24,-0.42,145.3,-19.51,-32.35,70
-0.67,0.16,-0.3,193.05,-42.07,-10.52,70
-0.74,0.07,-0.17,217.62,-58.51,18.63,70
-0.78,0.17,-0.19,217.87,-75.91,43.87,70
-0.62,2.03,2.31,218.41,-93.96,70.58,70
0.24,0.63,1.03,136.16,9.7,-0.12,70
-0.65,0.42,0.56,-16.43,175.85,-65.49,70
-0.82,0.87,-0.32,-139.48,118.78,-7.59,70
-1.06,0.93,-0.36,-144.91,41.74,75.82,70
-0.96,0.66,-0.3,-56.55,50.85,25.43,70
-0.67,0.45,-0.18,68.6,84.45,-60.76,70
-0.56,0.6,-0.05,142.38,85.12,-47.13,70
-0.7,0.78,-0.05,134.7,90.4,-6.74,70
-0.88,0.75,-0.2,59.27,101.92,-9.76,70
-0.84,0.54,-0.48,-42.65,83.32,-25.73,70
-0.78,0.37,-0.81,-108.2,41.4,-5.95,70
-0.9,0.31,-1,-100.43,1.01,28.26,70
-1.05,0.32,-1.06,-25.58,-38.72,39.91,70
-1.1,0.28,-0.92,83.48,-81.68,30.55,70
-1.03,0.25,-0.72,187.84,-125,24.24,70
-0.97,1.03,2.4,282.59,-183.45,39.3,70
0.48,1.11,1.52,255.4,-141.37,5.4,70
-0.11,0.95,0.56,17.9,125.06,-72.04,70
-1.05,0.82,-0.17,-220.21,187.8,-45.52,70
-1.37,0.7,-0.58,-277.41,51.62,47.93,70
-0.94,0.3,-0.85,-146.4,-8.66,23.35,70
-0.61,0.35,-0.67,60.37,53.69,-66.25,70
-0.68,0.5,-0.29,172.23,62.65,-52.26,70
-0.83,0.67,0.09,172.53,21.4,-11.62,70
-0.77,0.75,0.12,93.32,19.73,-18.72,70
-0.67,0.62,-0.16,-22.65,73.05,-37.04,70
-0.74,0.43,-0.68,-114.85,105.06,-20.85,70
-0.87,0.25,-1.13,-128.57,69.94,16.49,70
-0.86,0.24,-1.26,-57.96,-6.8,36.01,70
-0.77,0.34,-1.17,51.04,-68.05,28.81,70
-0.79,0.44,-0.96,134.51,-100.4,25.24,70
-0.88,0.59,-0.68,163.23,-132.13,41.25,70
-1.39,1.38,1.65,157.1,-176.77,56.19,70
0.27,1.17,0.95,139.24,-222.87,21.46,70
0.32,1.24,0.37,12.1,5.52,-89.18,70
-0.54,0.8,-0.35,-145.18,174.3,-73.41,70
-1.82,0.56,-0.46,-186.95,128.45,36.92,70
-1.45,0.55,-0.46,-111.89,-26.01,35.18,70
-0.58,0.6,-0.34,-10.06,-57.01,-72.71,70
-0.43,0.5,-0.05,18.78,-2.53,-92.84,70
-0.75,0.48,-0.08,-14.09,34.27,-34.51,70
-1.04,0.37,-0.15,-61.01,53.54,-7.9,70
-0.91,0.18,-0.24,-82.99,55.4,-22.32,70
-0.63,0.3,-0.49,-81.19,57.07,-26.86,70
-0.55,0.37,-0.7,-59.15,54.57,5.98,70
-0.62,0.4,-0.89,-21.95,25.91,39.09,70
-0.82,0.34,-1.09,16.83,-23.48,41.68,70
-1,0.28,-0.99,48.66,-77.53,38.54,70
-0.98,0.32,-0.72,76.65,-131.07,53.23,70
-1.32,0.63,1.99,117.5,-185.27,71.28,70
0.39,0.99,0.86,177.59,-199.33,40.34,70
0.18,1.18,0.25,111.1,60.37,-54.27,70
-0.92,0.92,-0.05,-28.26,206.46,-36.95,70
-1.72,0.93,-0.43,-112.9,111.4,47.35,70
-1.28,0.85,-0.06,-143.32,-40.4,37.93,70
-0.45,0.62,-0.02,-122.2,-62.44,-47.47,70
-0.27,0.43,-0.14,-92.1,35.73,-76.95,70
-0.71,0.35,-0.35,-59.85,114.48,-21.19,70
-1.11,0.44,-0.5,-16.74,116.46,20.76,70
-0.99,0.5,-0.54,28.51,73.84,-1.07,70
-0.63,0.57,-0.61,54.63,43.45,-26.89,70
-0.57,0.58,-0.77,42.65,35.98,-10.73,70
-0.87,0.6,-1.02,7.41,9.57,19.27,70
-1.05,0.52,-1.11,-10.49,-53.57,26.31,70
-0.98,0.45,-0.89,19.73,-118.84,15.4,70
-0.84,0.51,-0.44,80.27,-158.41,7.29,70
-0.8,0.16,1.8,155.4,-198.9,9.76,70
0.43,1.06,1.19,201.34,-155.98,-7.65,70
0.02,1.15,0.61,84.45,73.93,-50.12,70
-0.82,0.71,-0.13,-58.45,200.46,-49.54,70
-1.38,0.69,-0.61,-112.87,143.41,25.37,70
-1.28,0.53,-0.57,-96.83,42.16,38.41,70
-0.72,0.25,-0.46,-23.35,22.23,-36.55,70
-0.45,0.16,-0.44,52.44,59.7,-58.02,70
-0.62,0.29,-0.46,86.86,86.28,-2.68,70
-0.87,0.57,-0.58,68.75,87.77,42.32,70
-0.94,0.74,-0.74,5.82,63.26,38.72,70
-0.9,0.61,-1.02,-66.68,6.74,15.4,70
-0.94,0.33,-1.23,-89.76,-53.72,8.14,70
-0.96,0.07,-1.12,-22.84,-99.79,24.66,70
-0.86,0.21,-0.75,93.05,-132.59,37.84,70
-0.8,0.67,-0.18,176.37,-159.97,47.41,70
-0.98,0.82,2.49,210.49,-196.62,54.79,70
0.32,1.26,0.92,169.3,-128.69,7.65,70
0.04,1.18,0.48,-6.25,113.26,-65.34,70
-0.66,0.87,-0.43,-152.87,203.38,-48.84,70
-1.29,0.68,-0.77,-202.47,139.85,19.85,70
-1,0.49,-0.64,-142.07,35.82,18.93,70
-0.47,0.44,-0.38,-31.77,20.06,-46.31,70
-0.44,0.48,-0.3,30.06,68.38,-57.9,70
-0.77,0.51,-0.45,28.29,104.27,-18.11,70
-0.99,0.6,-0.67,-6.98,103.35,1.68,70
-0.89,0.6,-0.84,-46.1,63.11,-8.02,70
-0.69,0.49,-0.93,-70.3,8.75,-13.08,70
-0.7,0.39,-1.01,-67.56,-31.04,2.96,70
-0.89,0.31,-1.02,-35.34,-58.78,22.84,70
-1,0.27,-0.91,19.39,-92.04,31.86,70
-0.9,0.29,-0.71,83.23,-126.52,33.29,70
-0.73,0.45,-0.38,138.69,-149.05,39.82,70
-0.9,0.44,2.44,192.74,-173.99,57.29,70
0.3,1.21,0.75,199.15,-123.41,18.14,70
-0.06,1.02,0.86,45.4,88.05,-54.79,70
-0.57,0.95,-0.13,-124.39,173.78,-36.77,70
-1.08,0.75,-0.92,-196.95,152.93,23.6,70
-1.23,0.59,-0.82,-163.32,88.48,28.63,70
-0.73,0.5,-0.66,-54.18,30.34,-31.77,70
-0.52,0.38,-0.4,31.62,36.74,-63.2,70
-0.64,0.38,-0.35,53.05,63.75,-30.67,70
-0.73,0.68,-0.52,7.38,72.59,5.37,70
-0.83,0.87,-0.91,-94.91,50.27,15.12,70
-0.86,0.72,-1.22,-180.15,-16.22,7.2,70
-0.76,0.41,-1.16,-173.6,-101.22,9.97,70
-0.65,0.35,-0.99,-91.46,-148.9,11.98,70
-0.74,0.45,-0.76,-1.83,-159.57,13.87,70
-0.99,0.63,-0.27,56.22,-178.35,22.01,70
-0.46,0.65,1.81,116.52,-241.65,22.16,70
0.74,1.5,1.2,128.54,-127.65,-11.86,70
-0.29,1.1,0.22,-18.57,172.01,-53.48,70
-1.24,1.18,-0.29,-169.05,217.62,-43.63,70
-1.54,0.85,-0.29,-259.7,56.37,5.43,70
-0.96,0.47,-0.32,-229.36,-49.79,-15.06,70
-0.7,0.18,-0.31,-99.02,29.33,-79.09,70
-0.93,0.23,-0.3,36.59,116.74,-64.79,70
-1,0.46,-0.18,103.26,97.26,-18.72,70
-0.7,0.61,-0.22,74.36,40.15,-8.81,70
-0.55,0.65,-0.63,-15.15,17.04,-13.84,70
-0.82,0.5,-1.04,-94.12,-9.6,5.64,70
-1.01,0.22,-1.11,-89.88,-80.91,34.12,70
-0.87,0.13,-0.94,9.09,-146.98,31.01,70
-0.7,0.28,-0.49,142.35,-166.49,14.27,70
-0.95,0.88,1.63,253.2,-177.07,24.24,70
0.33,1.37,1.11,301.95,-167.5,14.09,70
0.07,1.37,0.69,172.68,70.55,-57.29,70
-0.85,1.24,0.11,-74.39,214.48,-63.17,70
-1.27,0.95,-0.27,-228.57,125.24,1.4,70
-0.88,0.63,-0.12,-236.8,2.59,14.36,70
-0.34,0.38,-0.35,-135.21,12.29,-46.77,70
-0.5,0.26,-0.57,-16.04,102.9,-53.32,70
-1.08,0.34,-0.69,58.38,138.02,2.71,70
-1.31,0.45,-0.55,86.74,85.15,27.59,70
-0.82,0.65,-0.35,71.01,15.06,5.98,70
-0.43,0.66,-0.54,11.16,4.57,-8.05,70
-0.75,0.53,-0.98,-57.5,13.17,6.49,70
-1.18,0.28,-1.09,-69.66,-43.51,36.01,70
-1.04,0.23,-0.93,7.1,-132.32,39.27,70
-0.75,0.31,-0.65,125.09,-162.62,16.1,70
-1.2,1.03,1.68,227.74,-172.04,24.02,70
0.44,1.74,1.29,271.31,-211.68,28.6,70
0.31,0.84,0.83,108.84,45.73,-57.13,70
-0.67,0.98,-0.04,-104.63,216.16,-65.85,70
-1.63,0.75,-0.54,-210.61,137.13,37.5,70
-1.39,0.85,-0.2,-196.16,-19.27,67.56,70
-0.5,0.59,-0.21,-118.93,-26.74,-54.76,70
-0.34,0.35,-0.27,-50.67,74.66,-106.04,70
-0.77,0.39,-0.45,-9.66,117.62,-31.25,70
-1.14,0.55,-0.56,0.98,93.11,16.28,70
-0.98,0.5,-0.63,-19.79,42.68,-15.85,70
-0.7,0.48,-0.72,-61.59,1.25,-38.54,70
-0.67,0.42,-0.85,-91.65,-34.63,-1.74,70
-0.84,0.31,-0.91,-67.87,-73.63,34.09,70
-0.96,0.26,-0.84,11.16,-115.06,30.55,70
-0.98,0.39,-0.54,102.35,-151.4,19.79,70
-1.28,0.73,2.55,180.06,-204.48,28.57,70
0.96,1.68,0.97,202.13,-170.58,5.98,70
-0.13,0.68,0.52,40.49,174.48,-68.51,70
-1.24,1.05,-0.39,-118.66,220.67,-42.77,70
-1.51,0.77,-0.31,-183.9,27.84,55.85,70
-0.67,0.67,-0.26,-133.23,-77.26,30.37,70
-0.33,0.5,-0.26,-46.62,28.6,-71.19,70
-0.7,0.39,-0.32,19.91,108.35,-53.84,70
-1.03,0.54,-0.42,49.45,81.28,7.74,70
-1.03,0.58,-0.44,32.16,44.05,5.21,70
-0.83,0.48,-0.58,-14.51,28.2,-22.84,70
-0.8,0.38,-0.83,-54.57,3.08,-12.13,70
-0.87,0.32,-0.89,-47.01,-48.14,23.2,70
-0.87,0.36,-0.81,15.67,-100.34,35.3,70
-0.87,0.43,-0.56,94.91,-133.51,24.85,70
-0.94,1.18,0.23,152.59,-163.93,26.8,70
0.16,1.4,1.64,205.34,-236.71,39.24,70
0.59,0.99,0.29,156.1,-22.35,-56.28,70
-0.47,0.59,0.19,-9.24,233.14,-86.98,70
-1.4,0.81,-0.54,-127.59,181.86,12.68,70
-1.5,0.94,-0.25,-168.57,2.01,95.24,70
-0.66,0.81,0.09,-144.66,-55.18,17.5,70
-0.21,0.61,-0.15,-91.01,52.5,-78.87,70
-0.62,0.34,-0.4,-48.84,157.38,-51.28,70
-1.13,0.39,-0.61,-7.07,150.3,10.24,70
-1.1,0.52,-0.58,18.23,73.84,11.86,70
-0.79,0.63,-0.64,-0.37,16.74,-17.62,70
-0.83,0.53,-0.82,-43.14,-5.15,-12.41,70
-1.01,0.38,-0.89,-47.5,-45.49,19.94,70
-0.96,0.3,-0.84,13.72,-97.93,27.16,70
-0.84,0.28,-0.64,104.51,-128.29,12.04,70
-0.82,0.63,-0.1,175,-150.03,14.54,70
-0.11,1.13,2.02,235.09,-216.71,39.21,70
0.81,1.44,0.72,198.81,-72.26,-4.91,70
-0.23,0.92,0.07,12.35,219.88,-60.37,70
-1.43,1.01,-0.58,-144.97,238.08,-5.88,70
-1.7,0.84,-0.55,-194.18,54.02,63.38,70
-0.8,0.54,-0.3,-125.58,-65.55,4.76,70
-0.21,0.46,-0.17,-8.84,-2.38,-77.99,70
-0.44,0.45,-0.22,60.21,100,-53.23,70
-1.02,0.57,-0.39,69.97,131.71,7.5,70
-1.27,0.56,-0.52,42.99,97.62,6.04,70
-0.94,0.5,-0.52,0.58,41.04,-30.55,70
-0.59,0.45,-0.61,-46.28,4.82,-24.09,70
-0.68,0.43,-0.95,-72.71,-6.52,13.29,70
-1.03,0.33,-1.11,-49.91,-36.37,36.34,70
-1.03,0.25,-0.99,26.8,-102.41,32.13,70
-0.79,0.29,-0.7,118.41,-150.18,21.92,70
-0.64,0.42,-0.37,178.87,-162.13,31.74,70
-1.2,1.39,3.12,213.14,-187.87,61.22,70
0.7,1.29,0.77,192.5,-172.53,17.04,70
0.27,0.62,0.4,45.24,120.61,-92.77,70
-0.73,0.91,-0.37,-101.71,239.3,-51.8,70
-1.75,0.63,-0.66,-176.4,144.73,71.86,70
-1.24,0.52,-0.49,-132.53,-14.88,78.02,70
-0.39,0.55,-0.28,-10.73,-27.96,-33.32,70
-0.25,0.54,-0.17,55.58,58.05,-76.68,70
-0.67,0.61,-0.24,55.58,103.17,-13.66,70
-1.08,0.68,-0.28,23.66,99.42,22.47,70
-0.96,0.56,-0.37,-6.46,77.77,-13.75,70
-0.66,0.49,-0.51,-20.88,67.2,-42.16,70
-0.65,0.45,-0.69,-23.75,58.72,-17.29,70
-0.89,0.49,-0.82,-19.51,38.6,13.78,70
-1,0.5,-0.82,-7.32,0.73,18.05,70
-0.87,0.53,-0.75,11.1,-40.82,14.24,70
-0.79,0.53,-0.68,30.82,-64.21,22.41,70
-0.84,0.56,-0.66,48.93,-76.52,35.37,70
-0.88,0.54,-0.59,65.7,-94.36,41.31,70
-0.95,0.89,-0.09,86.19,-120.06,42.99,70
-0.2,1.06,1.22,152.47,-166.52,43.57,70
0.53,1.5,0.68,162.59,-41.01,-11.22,70
-0.07,1.01,0.14,11.43,166.83,-70.55,70
-0.85,1.06,-0.54,-134.54,201.1,-12.29,70
-1.3,0.88,-0.69,-210.91,114.82,61.01,70
-0.87,0.7,-0.75,-176.89,37.71,19.63,70
-0.36,0.55,-0.65,-83.63,48.96,-71.46,70
-0.38,0.43,-0.54,-13.11,81.16,-66.77,70
-0.75,0.43,-0.55,20.7,96.65,-17.47,70
-0.97,0.38,-0.65,34.33,102.04,-12.35,70
-0.83,0.36,-0.71,32.65,85.95,-30.55,70
-0.62,0.52,-0.75,4.15,45.09,-22.13,70
-0.64,0.65,-0.95,-51.92,5.18,1.43,70
-0.83,0.52,-1.31,-90.64,-24.21,13.57,70
-0.94,0.29,-1.42,-53.26,-67.07,14.39,70
-0.76,0.22,-1.27,48.51,-125.73,13.84,70
-0.64,0.36,-0.97,145.03,-166.22,22.9,70
-0.71,0.52,-0.59,187.16,-188.63,42.29,70
-0.84,1.11,-0.02,178.75,-214.15,60.43,70
-0.01,1.57,2.32,190.12,-283.14,57.44,70
0.5,1.38,0.53,112.47,-86.98,-57.13,70
-0.05,0.84,0.67,-74.6,160.85,-131.4,70
-0.58,0.68,-0.32,-177.47,164.7,-48.57,70
-1,0.55,-0.59,-180.52,96.43,72.13,70
-0.97,0.57,-0.63,-82.1,72.04,78.41,70
-0.71,0.67,-0.66,28.23,89.76,-20.43,70
-0.64,0.57,-0.62,57.99,92.68,-61.13,70
-0.84,0.43,-0.63,31.22,83.9,-25.4,70
-0.99,0.35,-0.69,-2.32,86.98,-3.51,70
-0.9,0.32,-0.73,-21.62,80.91,-9.7,70
-0.63,0.49,-0.76,-35.12,44.18,-7.53,70
-0.51,0.77,-0.88,-58.2,2.62,8.23,70
-0.67,0.72,-1.08,-83.38,-25.61,13.87,70
-0.86,0.46,-1.26,-69.27,-58.38,8.81,70
-0.85,0.33,-1.16,9.39,-106.19,12.62,70
-0.72,0.42,-0.86,109.02,-147.35,21.28,70
-0.69,0.59,-0.47,165.82,-169.39,31.25,70
-0.76,1,0.02,163.2,-182.07,42.68,70
0.04,0.86,2.59,179.48,-243.05,54.02,70
0.43,1.17,0.14,132.87,-67.71,-18.6,70
-0.03,0.73,0.12,-45.82,189.7,-108.63,70
-0.64,0.8,-0.32,-154.79,198.66,-57.8,70
-0.94,0.61,-0.8,-159.21,104.6,83.72,70
-1.02,0.76,-0.76,-76.28,86.8,88.17,70
-0.92,0.7,-0.67,9.97,100,-18.05,70
-0.75,0.63,-0.55,34.33,80.61,-72.62,70
-0.72,0.48,-0.55,14.85,55.7,-49.02,70
-0.78,0.42,-0.55,-9.42,61.4,-25.95,70
-0.78,0.42,-0.65,-20.18,65.46,-21.04,70
-0.69,0.56,-0.74,-27.26,42.41,-16.65,70
-0.64,0.69,-0.77,-39.82,5.58,-5.15,70
-0.71,0.66,-0.96,-58.66,-21.25,-0.27,70
-0.88,0.45,-1.22,-55.82,-42.1,0.7,70
-0.94,0.33,-1.25,-3.05,-79.82,9.94,70
-0.85,0.4,-1.04,72.68,-126.65,18.48,70
-0.78,0.46,-0.69,120.7,-160.82,21.86,70
-0.75,0.54,-0.35,126.16,-183.57,27.41,70
-0.85,0.35,2.75,142.62,-216.34,38.54,70
0.52,0.96,0.58,165.73,-151.01,4.12,70
0.14,0.93,0.49,28.75,80.98,-90.76,70
-0.42,0.7,-0.15,-120.61,149.18,-72.56,70
-0.87,0.43,-0.87,-149.57,103.72,66.68,70
-1.24,0.52,-0.89,-53.23,85.58,115.64,70
-1.16,0.54,-0.79,76.46,68.69,21.31,70
-0.8,0.69,-0.77,125.27,31.04,-68.29,70
-0.83,0.56,-0.44,87.9,12.41,-55.37,70
-0.9,0.59,-0.15,20.61,9.45,-14.09,70
-0.79,0.66,-0.24,-48.23,20.43,-18.2,70
-0.72,0.57,-0.4,-102.84,30.43,-39.09,70
-0.61,0.5,-0.66,-116.22,8.93,-29.12,70
-0.57,0.64,-1.07,-83.69,-13.38,-2.16,70
-0.91,0.59,-1.35,-25.61,-27.44,10.58,70
-1.1,0.33,-1.18,44.79,-77.77,1.49,70
-0.88,0.29,-0.87,101.07,-145.73,-7.1,70
-0.69,0.41,-0.45,117.65,-178.93,4.27,70
-1.21,1.18,1.89,109.02,-190.37,26.98,70
0.44,1.15,0.86,120.64,-217.59,28.05,70
0.19,0.93,0.12,0.09,-3.35,-67.62,70
-0.28,0.88,-0.01,-168.32,144.97,-108.08,70
-0.79,0.19,-0.4,-214.24,128.69,19.97,70
-0.88,0.63,-0.48,-154.09,95.24,105.34,70
-0.86,0.85,-0.47,-80.3,103.35,66.31,70
-0.79,0.76,-0.35,-56.86,108.78,-19.94,70
-0.65,0.6,-0.4,-68.99,87.62,-43.08,70
-0.65,0.42,-0.5,-71.22,88.63,-19.88,70
-0.75,0.34,-0.57,-37.87,116.07,-5.03,70
-0.79,0.43,-0.61,12.2,126.07,-1.13,70
-0.76,0.52,-0.65,41.01,106.13,2.13,70
-0.75,0.62,-0.76,30.18,77.56,5.52,70
-0.81,0.73,-0.88,-9.36,45.58,13.05,70
-0.85,0.78,-1.02,-50.49,-1.83,18.84,70
-0.86,0.63,-1.17,-60.27,-50.37,14.12,70
-0.89,0.39,-1.21,-18.6,-88.63,5.06,70
-0.89,0.32,-1.12,58.26,-120.58,2.9,70
-0.84,0.38,-0.84,128.17,-148.87,10.61,70
-1.16,0.01,1.95,190.37,-193.9,28.9,70
0.44,0.61,0.71,294.48,-201.8,21.68,70
0.24,1.54,0.5,234.94,15.61,-49.79,70
-0.44,1.32,0.04,-10.09,155.88,-72.35,70
-0.93,0.65,-0.64,-200.49,130.18,28.96,70
-1.35,0.54,-0.7,-227.29,74.33,113.11,70
-1.06,0.5,-0.71,-130.55,39.09,51.22,70
-0.58,0.53,-0.54,-34.39,23.96,-54.05,70
-0.41,0.53,-0.38,0.91,16.07,-55.88,70
-0.57,0.5,-0.34,0.88,35,-8.6,70
-0.77,0.53,-0.44,4.85,73.96,2.16,70
-0.83,0.55,-0.55,14.45,86.95,-13.81,70
-0.77,0.58,-0.62,15.76,64.3,-20.27,70
-0.74,0.54,-0.71,8.51,42.07,-16.62,70
-0.74,0.46,-0.7,5.03,32.38,-10.52,70
-0.63,0.47,-0.64,14.33,17.07,2.62,70
-0.49,0.68,-0.59,26.04,-2.93,16.86,70
-0.58,0.8,-0.75,17.5,-15.49,18.57,70
-0.91,0.63,-1.01,-1.49,-28.48,11.95,70
-1,0.37,-1.04,7.23,-61.37,10.18,70
-0.78,0.34,-0.88,43.32,-102.53,15.3,70
-0.7,0.49,-0.68,62.53,-127.13,27.5,70
-1.03,0.69,0.32,53.84,-143.48,41.37,70
-0.07,0.2,1.39,118.57,-188.41,51.55,70
0.3,1.09,-0.33,165.46,-32.04,-0.82,70
-0.09,1.77,-0.48,22.16,168.02,-68.93,70
-0.97,0.51,-0.47,-138.35,166.4,-7.93,70
-1.03,0.64,-0.6,-178.51,41.25,93.63,70
-0.93,0.65,-0.62,-154.7,-6.07,80.12,70
-0.79,0.48,-0.39,-105,32.8,-14.15,70
-0.59,0.44,-0.39,-43.11,53.9,-46.89,70
-0.52,0.53,-0.41,19.05,58.23,-15.98,70
-0.6,0.68,-0.48,64.45,79.85,-1.37,70
-0.72,0.78,-0.64,84.82,100.24,-17.07,70
-0.74,0.79,-0.72,76.31,88.23,-32.2,70
-0.68,0.78,-0.68,42.23,48.81,-31.46,70
-0.57,0.82,-0.7,-7.35,13.05,-25.09,70
-0.59,0.77,-0.91,-57.38,-2.8,-24.42,70
-0.75,0.58,-1.16,-77.71,-19.51,-28.05,70
-0.82,0.39,-1.22,-47.74,-56.31,-26.95,70
-0.78,0.37,-1.18,12.1,-94.51,-22.44,70
-0.77,0.35,-0.98,64.88,-123.6,-18.78,70
-0.77,0.36,-0.75,88.05,-154.15,-10.95,70
-0.94,0.67,-0.19,89.51,-182.29,3.05,70
-0.36,0.37,1.06,132.87,-211.59,17.16,70
0.29,1.14,0.94,137.5,-106.16,-6.22,70
-0.14,1.3,0.61,-40.46,75.09,-54.39,70
-0.74,0.56,-0.13,-195.49,119.36,-32.16,70
-0.95,0.42,-0.54,-224.45,75.03,41.01,70
-0.91,0.65,-0.7,-146.95,53.38,62.47,70
-0.75,0.6,-0.73,-41.77,74.02,-7.74,70
-0.66,0.5,-0.63,38.6,69.97,-44.45,70
-0.74,0.49,-0.48,83.75,55.73,-22.38,70
-0.82,0.57,-0.39,97.38,65.58,-16.83,70
-0.81,0.67,-0.49,74.85,78.2,-32.1,70
-0.75,0.63,-0.54,24.18,64.15,-36.86,70
-0.68,0.56,-0.71,-29.7,35.3,-26.86,70
-0.69,0.48,-0.88,-60.06,19.15,-16.25,70
-0.7,0.47,-0.99,-61.74,-3.14,-3.99,70
-0.75,0.47,-1.04,-51.8,-36.98,7.41,70
-0.82,0.43,-1,-39.27,-72.84,14.24,70
-0.85,0.35,-0.97,-18.05,-104.73,17.62,70
-0.85,0.33,-0.9,21.25,-131.98,19.88,70
-0.81,0.31,-0.75,68.81,-155.85,22.35,70
-0.74,0.38,-0.49,106.83,-177.23,30.15,70
-0.99,0.82,2.11,137.59,-205.85,46.25,70
0.32,1.26,1.04,98.63,-176.62,4.12,70
0.2,0.97,1.41,-101.89,29.85,-70.27,70
-0.27,0.58,0.04,-263.6,146.59,-46.62,70
-1,0.16,-0.57,-263.9,162.2,36.34,70
-1.08,0.25,-0.91,-128.08,118.48,78.02,70
-0.78,0.79,-1.07,57.74,91.46,28.84,70
-0.67,0.74,-0.72,141.65,83.9,-32.04,70
-0.76,0.68,-0.37,133.29,58.02,-30.58,70
-0.83,0.63,-0.22,77.38,49.45,-18.99,70
-0.78,0.59,-0.28,9.73,72.32,-29.97,70
-0.77,0.55,-0.49,-55.98,86.37,-39.91,70
-0.76,0.44,-0.77,-99.33,61.55,-29.05,70
-0.74,0.53,-0.97,-106.28,23.08,-5.52,70
-0.79,0.6,-1.13,-85.79,-6.52,11.98,70
-0.92,0.46,-1.14,-44.85,-42.38,12.04,70
-0.89,0.34,-1.02,8.96,-93.69,7.29,70
-0.79,0.35,-0.9,61.62,-128.51,12.87,70
-0.8,0.37,-0.75,101.13,-142.71,25.49,70
-0.8,0.39,-0.53,123.75,-165.73,35.06,70
-1.26,0.59,2.04,144.48,-205.79,45.4,70
0.41,1.19,0.96,173.41,-219.6,23.23,70
0.32,1.06,1.07,59.57,13.29,-60.49,70
-0.29,0.78,0.12,-107.99,166.46,-56.77,70
-1.06,0.66,-0.8,-181.25,164.36,41.31,70
-1.49,0.62,-0.81,-166.1,98.35,80.34,70
-0.92,0.55,-0.64,-67.53,23.57,4.42,70
-0.43,0.59,-0.41,7.23,11.86,-69.82,70
-0.55,0.5,-0.16,20.91,39.82,-47.8,70
-0.86,0.57,-0.18,8.9,70.58,-8.78,70
-0.97,0.63,-0.37,-10.4,96.43,-20.12,70
-0.86,0.51,-0.53,-34.02,94.45,-44.45,70
-0.68,0.46,-0.68,-53.14,58.54,-33.2,70
-0.64,0.5,-0.83,-59.76,23.69,-1.43,70
-0.79,0.49,-1.01,-48.69,-0.18,16.01,70
-0.91,0.37,-1.06,-15.18,-34.21,16.13,70
-0.83,0.28,-0.93,32.99,-79.82,18.45,70
-0.74,0.27,-0.7,75.76,-111.46,29.63,70
-0.74,0.39,-0.41,100.61,-126.55,44.97,70
-0.71,0.6,-0.08,106.89,-133.51,57.59,70
-0.66,0.64,2.26,122.1,-139.24,61.01,70
0.45,1.26,0.59,133.93,-50.67,15.43,70
0.11,1.08,-0.01,5.27,170.43,-55.79,70
-0.66,0.87,-0.17,-160.52,235.95,-23.11,70
-1.1,0.75,-0.41,-234.15,128.41,66.43,70
-0.94,0.76,-0.47,-211.65,34.3,67.04,70
-0.65,0.56,-0.55,-110.88,68.23,-9.94,70
-0.59,0.53,-0.73,8.2,142.9,-42.26,70
-0.74,0.61,-0.82,84.6,150.03,-11.68,70
-0.9,0.75,-0.91,103.63,107.74,-3.75,70
-0.94,0.79,-0.89,69.94,55.64,-27.07,70
-0.9,0.7,-0.9,-1.74,4.39,-37.8,70
-0.85,0.49,-0.97,-67.38,-33.29,-29.33,70
-0.78,0.33,-1.02,-78.17,-58.05,-19.6,70
-0.66,0.32,-0.95,-34.3,-82.32,-12.47,70
-0.56,0.45,-0.83,28.63,-105.95,-2.5,70
-0.62,0.54,-0.68,72.38,-122.44,8.57,70
-0.74,0.53,-0.55,90.43,-139.63,19.3,70
-0.74,0.5,-0.32,104.85,-160.34,26.77,70
-0.98,0.5,1.66,135.43,-178.51,32.68,70
0.47,0.79,1.01,210.7,-174.42,25.88,70
0.27,1.27,0.14,175.34,48.75,-35.18,70
-0.31,0.95,-0.13,-3.75,208.87,-54.54,70
-0.98,0.73,-0.33,-144.09,175.61,38.38,70
-1.03,0.86,-0.61,-197.13,71.55,104.6,70
-0.88,0.68,-0.66,-174.42,50.27,46.59,70
-0.64,0.47,-0.65,-96.83,77.53,-34.66,70
-0.57,0.42,-0.69,-6.8,90.37,-33.6,70
-0.73,0.5,-0.72,58.48,93.29,-1.19,70
-0.89,0.59,-0.74,83.45,94.09,-0.3,70
-0.87,0.68,-0.69,68.41,71.22,-12.59,70
-0.7,0.88,-0.71,16.22,22.04,-9.45,70
-0.59,0.95,-0.89,-52.29,-21.95,-3.17,70
-0.76,0.73,-1.24,-91.25,-44.05,-8.32,70
-0.96,0.43,-1.38,-56.95,-75.64,-11.52,70
-0.91,0.39,-1.19,28.69,-128.99,-10.12,70
-0.76,0.49,-0.79,89.09,-176.07,-7.9,70
-0.69,0.59,-0.37,90.21,-208.96,3.14,70
-1.31,0.93,1.86,65.73,-239.76,19.63,70
0.66,0.84,1.05,92.29,-267.32,15.34,70
0.52,1.24,0.51,58.38,6.68,-54.27,70
-0.21,0.93,0.19,-82.04,196.01,-90.7,70
-0.81,0.72,-0.37,-189.48,158.02,12.13,70
-0.98,0.82,-0.53,-225.49,79.66,107.16,70
-0.91,0.52,-0.48,-179.21,76.22,62.26,70
-0.58,0.39,-0.49,-66.86,104.05,-35.3,70
-0.48,0.55,-0.52,39.88,118.17,-46.25,70
-0.74,0.76,-0.58,94.51,128.17,-5.52,70
-1,0.78,-0.72,89.79,141.13,-14.88,70
-0.95,0.68,-0.88,39.54,118.02,-53.11,70
-0.76,0.75,-1.05,-28.38,41.46,-45.34,70
-0.69,0.71,-1.23,-75.43,-37.23,-14.33,70
-0.9,0.4,-1.43,-63.51,-79.3,-8.32,70
-1.2,0.11,-1.49,4.7,-117.07,-12.93,70
-1.26,0.03,-1.18,87.71,-185.73,0.3,70
-1.05,0.28,-0.61,139.7,-263.11,28.38,70
-1.84,1.54,3.29,151.83,-339.54,56.89,70
1.06,1.16,1.59,111.19,-352.53,45.06,70
0.72,1.23,1.37,-27.04,27.5,-30.37,70
-0.54,0.56,-0.3,-202.77,244.36,-63.69,70
-1.93,0.7,-0.68,-289.02,146.46,27.38,70
-1.39,0.71,-0.63,-299.18,-71.22,111.46,70
-0.43,0.6,-0.37,-206.16,-62.5,24.45,70
-0.07,0.43,-0.5,-58.14,70.37,-63.35,70
-0.18,0.54,-0.77,85.12,135.3,-31.89,70
-0.55,0.79,-1.04,169.27,127.1,18.81,70
-0.89,0.96,-1.12,159.24,73.75,5.18,70
-0.82,0.91,-1.16,62.87,-22.59,-23.96,70
-0.79,0.69,-1.08,-25.67,-109.66,-15.79,70
-0.94,0.48,-0.75,-16.71,-165.73,3.23,70
-0.95,0.59,-0.23,79.42,-207.99,-3.66,70
-0.35,0.92,3.41,198.81,-242.93,-32.1,70
1.01,0.35,0.78,196.01,-69.12,-99.85,70
0.14,0.4,-0.14,75.12,232.93,-122.53,70
-1.37,1.32,-0.5,-73.96,236.55,-0.98,70
-1.8,1.09,-0.52,-177.99,7.16,101.92,70
-0.78,0.63,-0.23,-177.16,-99.85,-12.38,70
-0.16,0.28,-0.22,-110.58,16.68,-110.95,70
-0.38,0.19,-0.57,-36.04,144.51,-61.68,70
-1.07,0.5,-0.94,24.54,158.14,27.07,70
-1.29,0.69,-0.9,47.87,60.55,35.52,70
-0.91,0.59,-0.99,24.79,-42.35,-15.82,70
-0.92,0.24,-0.93,0.64,-83.87,-22.01,70
-1.06,0.21,-0.55,33.2,-130.34,19.36,70
-1.04,0.56,0.04,98.45,-181.59,39.85,70
-0.1,1.37,2.71,163.48,-230.03,29.48,70
0.51,0.62,0.21,110.64,-15.79,-54.66,70
-0.45,0.85,-0.02,-35,260.82,-92.16,70
-1.46,0.86,-0.44,-158.81,195.67,15.24,70
-1.21,0.77,-0.47,-186.22,-8.05,54.88,70
-0.46,0.49,-0.29,-130.85,-40.58,-31.8,70
-0.19,0.34,-0.53,-64.66,75.46,-85.98,70
-0.62,0.18,-0.79,-15.06,152.68,-38.51,70
-1.12,0.27,-1.08,39.6,115.34,18.57,70
-1.18,0.5,-0.9,69.02,24.15,19.21,70
-0.95,0.47,-0.86,33.69,-47.29,-3.57,70
-1.02,0.18,-1.05,-19.42,-76.4,-2.71,70
-1.12,0.06,-0.98,2.77,-120.7,32.96,70
-1,0.24,-0.47,100.09,-181.71,54.48,70
-0.91,1.56,4.59,223.99,-263.87,50.95,70
0.8,0.74,0.57,206.13,-144.73,-53.96,70
0.08,0.41,-0.03,48.48,202.26,-125.12,70
-1.51,1.02,-0.06,-129.73,241.86,-9.42,70
-1.5,0.7,-0.61,-219.54,18.6,102.13,70
-0.82,0.58,-0.58,-203.38,-78.9,26.71,70
-0.33,0.36,-0.46,-106.37,-4.79,-63.84,70
-0.43,0.2,-0.52,-14.88,86.68,-66.8,70
-0.88,0.12,-0.71,49.42,113.08,-17.44,70
-1.29,0.25,-0.71,76.77,92.99,5.52,70
-1.12,0.64,-0.38,45.3,23.11,12.04,70
-0.63,0.77,-0.64,-24.15,-38.45,18.38,70
-0.86,0.4,-0.94,-61.83,-44.27,13.87,70
-1.1,0.26,-0.83,-8.11,-92.59,30.03,70
-1.07,0.54,-0.29,99.6,-169.85,47.13,70
-1.2,0.55,3.21,200.82,-231.95,32.2,70
0.7,1.24,0.69,227.35,-177.47,-27.44,70
0.16,1.12,0.04,91.19,137.84,-74.18,70
-1.26,1.5,-0.06,-103.57,255.95,-30.55,70
-1.55,1.15,-0.47,-250.09,99.82,14.24,70
-0.8,0.6,-0.55,-271.68,-35.85,-38.26,70
-0.25,0.1,-0.64,-176.49,-1.83,-100.7,70
-0.35,-0.1,-0.85,-45.88,101.19,-81.74,70
-0.9,-0.07,-0.9,64.97,143.29,-1.95,70
-1.23,0.27,-0.87,119.24,95.82,46.52,70
-1,0.48,-0.76,89.63,8.69,34.15,70
-0.72,0.34,-0.94,5.82,-50.27,1.34,70
-0.8,0,-1.06,-38.84,-84.45,18.32,70
-0.86,-0.04,-0.81,16.31,-132.5,65.3,70
-0.76,0.23,-0.23,127.26,-170.34,79.21,70
-0.89,1.68,1.17,216.74,-183.57,69.97,70
0.31,1.72,1.57,234.3,-187.16,49.21,70
0.36,1.14,0.63,99.05,72.74,-60.79,70
-0.5,1.08,0.05,-102.26,277.2,-71.83,70
-1.36,0.92,-0.77,-205.27,225.82,48.29,70
-1.51,0.65,-0.59,-194.27,78.41,79.27,70
-0.67,0.35,-0.52,-67.74,15.09,-21.95,70
-0.32,0.29,-0.61,56.49,83.57,-79.24,70
-0.77,0.27,-0.65,93.29,144.24,-20.7,70
-1.27,0.45,-0.66,63.57,120.34,39.02,70
-1.06,0.69,-0.71,-2.04,41.19,31.62,70
-0.79,0.6,-0.85,-68.14,-9.18,-1.07,70
-0.9,0.33,-1.12,-87.38,-29.18,-1.28,70
-1.09,0.11,-1.17,-27.65,-61.1,21.77,70
-0.96,0.15,-0.94,86.01,-108.05,28.11,70
-0.76,0.35,-0.57,183.41,-143.17,28.26,70
-1.01,1.75,0.66,229.6,-163.38,47.68,70
0.31,1.84,1.22,267.99,-227.07,63.84,70
0.28,1.06,0.21,183.9,-9.45,-55.18,70
-0.14,1.02,-0.22,12.41,201.19,-116.8,70
-1.05,0.65,-1.03,-77.8,211.4,9.48,70
-1.56,0.79,-0.86,-72.53,106.52,87.84,70
-1.02,0.76,-0.48,-13.69,2.65,-4.05,70
-0.43,0.61,-0.42,-4.85,-3.81,-112.13,70
-0.51,0.33,-0.36,-44.6,45.82,-96.16,70
-0.89,0.26,-0.45,-104.91,77.59,-31.92,70
-0.91,0.52,-0.75,-161.92,65.09,-5.3,70
-0.79,0.41,-1.1,-184.88,25.03,-5.61,70
-0.73,0.23,-1.28,-135,-25.7,-6.07,70
-0.73,0.1,-1.28,-15.88,-69.12,7.44,70
-0.77,0.13,-1.03,114.48,-97.77,25.27,70
-0.8,0.35,-0.66,188.96,-121.77,44.73,70
-0.81,0.73,-0.21,188.93,-147.44,64.6,70
-0.62,0.81,2.86,170.43,-216.59,80.98,70
0.41,1.16,0.26,100.21,-124.57,-4.36,70
0.16,1.04,-0.15,-99.21,150.3,-108.32,70
-0.98,0.77,-0.58,-237.1,219.12,-27.62,70
-1.62,0.78,-0.77,-216.8,104.97,78.05,70
-1.09,0.56,-0.56,-95.98,10.06,-4.05,70
-0.46,0.55,-0.27,14.76,14.57,-101.62,70
-0.47,0.48,-0.2,33.9,52.59,-79.42,70
-0.88,0.59,-0.37,-20.03,82.04,-21.68,70
-1.08,0.58,-0.63,-97.65,74.02,-6.28,70
-0.95,0.47,-0.97,-148.93,31.13,-26.83,70
-0.86,0.27,-1.16,-142.93,-17.71,-28.26,70
-0.85,0.2,-1.18,-74.15,-59.36,-7.26,70
-0.87,0.17,-1.02,26.83,-89.45,2.71,70
-0.84,0.23,-0.77,111.19,-119.54,4.88,70
-0.79,0.34,-0.47,148.99,-151.4,16.34,70
-1.48,0.95,1.87,154.12,-188.45,38.38,70
0.65,1.56,1.03,154.7,-245.43,38.84,70
0.47,1.28,0.35,33.72,31.43,-47.41,70
-0.69,0.86,0.11,-136.04,219.3,-74.51,70
-1.45,0.62,-0.88,-197.23,151.68,21.8,70
-1.47,0.57,-0.66,-139.7,34.09,61.16,70
-0.71,0.46,-0.35,-20.03,-8.66,-28.93,70
-0.37,0.48,-0.15,57.04,25.58,-82.26,70
-0.65,0.57,-0.14,57.2,64.42,-40.21,70
-1.06,0.63,-0.3,5.12,81.49,-0.03,70
-1.11,0.49,-0.55,-56.19,71.31,-20.58,70
-0.86,0.26,-0.73,-95.15,33.87,-42.84,70
-0.78,0.22,-0.97,-99.45,-1.86,-19.73,70
-0.96,0.27,-1.03,-64.51,-31.43,15.73,70
-1.03,0.34,-0.81,3.48,-77.32,23.17,70
-0.86,0.36,-0.43,83.26,-120.15,8.48,70
-0.73,0.49,-0.05,146.52,-132.62,3.57,70
-0.05,0.94,1.81,174.57,-157.71,17.96,70
0.43,1.02,0.06,87.26,-12.01,-38.99,70
-0.6,0.97,0.01,-76.62,174.6,-69.54,70
-1.65,0.61,-0.36,-158.45,118.9,5.82,70
-1.21,0.52,-0.48,-132.29,2.32,22.77,70
-0.58,0.46,-0.26,-49.24,13.87,-37.56,70
-0.45,0.53,-0.29,-7.9,67.38,-59.63,70
-0.88,0.43,-0.53,-30.55,85.88,-25.34,70
-1.23,0.3,-0.78,-68.69,66.07,-5.24,70
-1.07,0.18,-0.85,-75.15,20.61,-11.19,70
-0.78,0.21,-0.9,-48.96,-21.95,-7.44,70
-0.84,0.22,-0.86,-8.93,-50.49,13.02,70
-0.97,0.29,-0.66,36.25,-89.02,30.12,70
-0.91,0.39,-0.33,80.34,-127.38,33.41,70
-0.73,0.25,-0.07,118.51,-141.07,29.94,70
-0.39,0.79,2.29,145.91,-155.91,32.53,70
0.44,0.77,0.13,83.23,-34.39,-23.9,70
-0.82,0.99,0.54,-53.6,151.77,-53.11,70
-1.38,0.8,-0.18,-141.98,78.17,13.02,70
-1.08,0.7,-0.12,-151.8,1.43,11.71,70
-0.57,0.55,-0.19,-106.4,34.88,-42.87,70
-0.64,0.46,-0.38,-64.42,94.3,-53.6,70
-1.02,0.39,-0.56,-38.35,99.51,-20.7,70
-1.13,0.31,-0.64,-19.15,70.21,-16.83,70
-0.9,0.26,-0.64,-6.77,40.64,-30.15,70
-0.83,0.26,-0.76,-18.87,19.24,-19.51,70
-0.97,0.23,-0.84,-38.41,-16.43,9.39,70
-0.98,0.23,-0.86,-27.9,-66.55,24.63,70
-0.89,0.18,-0.76,23.66,-102.13,22.84,70
-0.79,0.25,-0.53,99.6,-126.16,25.7,70
-1.46,2.31,1.44,162.29,-145.82,40.52,70
0.61,1.13,0.41,187.56,-186.13,36.98,70
0.1,1.57,0.16,109.79,60.95,-68.26,70
-1.52,0.93,0.29,-43.29,154.6,-25.46,70
-1.29,0.82,-0.21,-131.34,23.87,27.8,70
-0.68,0.45,-0.08,-134.3,-16.46,1.49,70
-0.42,0.39,-0.21,-87.93,40.3,-44.66,70
-0.74,0.29,-0.47,-59.63,87.23,-27.35,70
-1.13,0.24,-0.73,-39.97,83.29,12.96,70
-1.24,0.27,-0.8,-11.13,54.54,15.21,70
-0.94,0.27,-0.58,13.29,10.09,-2.01,70
-0.65,0.31,-0.59,12.93,-22.5,1.13,70
-0.82,0.28,-0.73,3.69,-37.41,27.8,70
-1.06,0.26,-0.78,17.65,-76.13,53.38,70
-1,0.31,-0.6,60.15,-125.4,54.09,70
-1.17,1.95,0.56,104.85,-153.96,44.36,70
0.55,1.22,0.88,132.5,-215.18,39.51,70
0.41,1.52,0.14,82.53,21.86,-59.82,70
-1.47,1.07,0.32,-50.18,183.41,-36.4,70
-1.6,0.83,-0.18,-162.07,51.55,15.4,70
-0.77,0.73,0.19,-207.68,-45.85,1.34,70
-0.25,0.65,-0.1,-197.74,15.21,-39.39,70
-0.71,0.5,-0.43,-174.79,105.73,-36.95,70
-1.22,0.39,-0.64,-123.84,92.01,-5.73,70
-1.15,0.34,-0.67,-45.58,37.32,-11.65,70
-0.88,0.36,-0.55,29.51,23.41,-35.21,70
-0.81,0.4,-0.53,59.33,19.12,-29.45,70
-0.86,0.3,-0.63,41.31,-18.69,-4.6,70
-0.95,0.23,-0.62,14.76,-74.94,18.26,70
-0.92,0.18,-0.57,20.76,-115.64,33.75,70
-0.84,0.23,-0.41,74.73,-133.08,38.9,70
-1.41,1.65,1.65,148.6,-147.38,40.79,70
0.66,1.02,0.63,212.01,-165.76,24.57,70
0.04,1.82,0.42,199.36,74.42,-40.91,70
-1.54,1.24,0.34,48.45,167.59,2.29,70
-1.52,0.83,0.09,-106.13,44.79,8.29,70
-0.62,0.42,0,-165.58,-31.65,-27.35,70
-0.25,0.24,-0.28,-138.81,33.2,-46.01,70
-0.69,0.2,-0.52,-91.25,112.9,-14.66,70
-1.25,0.29,-0.73,-49.12,103.14,26.52,70
-1.29,0.37,-0.69,-13.51,41.92,22.93,70
-0.85,0.44,-0.5,15.18,-2.16,-0.52,70
-0.66,0.41,-0.67,26.43,-7.8,2.35,70
-0.94,0.3,-0.78,30.52,-33.2,23.9,70
-1.01,0.31,-0.66,50.58,-110,48.93,70
-0.94,0.43,-0.34,99.09,-162.23,56.95,70
-0.51,1.39,2.95,189.7,-204.85,46.01,70
0.73,0.88,0.47,214.63,-79.85,-29.09,70
-0.44,0.76,0.18,115.21,191.28,-66.4,70
-1.89,1.05,-0.12,-31.4,178.81,21.74,70
-1.56,0.8,-0.21,-144.21,-12.68,59.15,70
-0.5,0.59,0,-163.72,-67.65,-19.27,70
-0.05,0.32,-0.24,-116.43,31.25,-72.35,70
-0.48,0.25,-0.47,-60.58,123.93,-34.82,70
-1.12,0.29,-0.76,-10.76,112.68,30.09,70
-1.32,0.47,-0.68,15.58,37.47,38.23,70
-0.92,0.56,-0.49,14.15,-28.96,12.96,70
-0.71,0.46,-0.51,-5.85,-39.88,5.91,70
-0.86,0.36,-0.63,-6.74,-48.66,29.15,70
-0.97,0.31,-0.56,33.99,-94.09,54.7,70
-0.95,0.54,-0.25,99.54,-137.62,55.4,70
-0.55,1.26,2.33,180.58,-183.38,43.11,70
0.41,0.79,0.63,190.95,-44.54,-49.73,70
-0.58,1.01,0.31,82.04,190.12,-72.38,70
-1.4,0.93,-0.24,-58.84,141.98,12.93,70
-1.24,0.65,-0.24,-134.7,-13.75,30.4,70
-0.51,0.32,-0.13,-119.57,-54.15,-31.74,70
-0.19,0.28,-0.24,-57.2,35.06,-59.05,70
-0.53,0.45,-0.41,-1.65,121.04,-8.63,70
-1.11,0.55,-0.57,20.18,125.46,30.03,70
-1.22,0.52,-0.55,12.99,65.98,3.66,70
-0.81,0.56,-0.53,-3.81,10.82,-16.01,70
-0.69,0.47,-0.65,-22.84,4.57,5.4,70
-0.92,0.36,-0.8,-14.42,-14.88,32.74,70
-1.06,0.3,-0.76,32.07,-75.61,43.2,70
-0.97,0.32,-0.59,101.65,-125.18,41.65,70
-0.85,0.54,-0.26,164.6,-140.61,42.1,70
-0.71,1.33,2.8,224.63,-173.35,51.92,70
0.58,0.9,0.52,219.7,-94.82,-21.98,70
0.06,0.53,0.18,116.86,173.51,-100.24,70
-0.94,0.73,-0.32,11.16,243.54,-10.12,70
-1.45,0.77,-0.74,-56.07,125.18,89.7,70
-1.25,0.7,-0.59,-74.12,5.4,50.52,70
-0.62,0.52,-0.4,-28.2,-18.9,-45.03,70
-0.37,0.44,-0.49,25.7,36.04,-61.92,70
-0.65,0.41,-0.49,62.29,88.9,-13.51,70
-0.99,0.59,-0.35,81.28,84.39,12.38,70
-0.87,0.7,-0.32,64.63,46.77,-4.51,70
-0.65,0.72,-0.33,16.62,32.5,-20.58,70
-0.61,0.55,-0.51,-35.18,34.48,-6.43,70
-0.7,0.53,-0.86,-54.73,26.68,15.46,70
-0.88,0.4,-1.24,-28.54,-3.02,23.66,70
-0.95,0.28,-1.32,34.48,-55.15,23.84,70
-0.87,0.27,-1.07,109.15,-109.02,31.98,70
-0.93,1,-0.29,159.42,-143.84,44.63,70
-0.05,1.35,1.64,220.67,-226.13,62.23,70
0.3,0.82,0.02,170.46,-69.79,-22.96,70
0.07,1.31,-0.32,-6.83,171.46,-118.9,70
-0.87,0.6,-1.1,-129.33,208.87,-27.9,70
-1.7,0.63,-0.72,-149.85,86.34,102.8,70
-1.32,0.77,-0.48,-87.84,-55.03,69.97,70
-0.63,0.68,-0.01,-30.55,-53.08,-71.59,70
-0.27,0.53,-0.04,-15.82,3.84,-107.04,70
-0.37,0.58,-0.32,-28.93,54.54,-42.68,70
-0.81,0.61,-0.49,-46.28,82.2,5.52,70
-1.06,0.65,-0.58,-63.26,71.34,-10.18,70
-1.04,0.51,-0.48,-81.34,45,-40.43,70
-0.81,0.35,-0.52,-96.04,28.29,-45.82,70
-0.65,0.23,-0.72,-83.63,40.73,-32.41,70
-0.66,0.28,-0.83,-35.21,50.4,-12.62,70
-0.55,0.59,-0.78,23.51,17.9,10.4,70
-0.54,0.75,-0.94,42.41,-22.2,20.82,70
-0.93,0.44,-1.2,28.2,-49.45,15.37,70
-1.1,0.07,-1.14,52.1,-103.51,20.58,70
-0.83,0.05,-0.92,134.39,-158.23,34.79,70
-1.11,0.59,1.39,228.08,-179.05,50.52,70
0.35,1.34,0.84,318.05,-189.51,53.45,70
0.19,1.3,0.48,215.34,30.37,-51.74,70
-0.37,0.94,-0.17,10.15,186.71,-108.6,70
-1.11,0.51,-0.95,-87.13,157.62,6.92,70
-1.37,0.68,-0.86,-68.14,57.13,98.9,70
-0.91,0.58,-0.72,27.32,15.55,17.99,70
-0.53,0.65,-0.51,76.77,20.76,-87.62,70
-0.58,0.65,-0.45,46.89,18.08,-66.59,70
-0.86,0.63,-0.28,-16.77,22.96,-15.61,70
-0.86,0.63,-0.28,-92.84,29.73,-24.66,70