0.86,-0.29,0.4,2.41,-1.22,-1.31,70
0.86,-0.29,0.41,-1.89,-0.52,-0.88,70
0.86,-0.29,0.4,-0.21,-0.95,-0.37,70
0.86,-0.3,0.4,2.41,-1.34,-0.03,70
0.86,-0.3,0.41,3.81,-1.43,0.06,70
0.86,-0.29,0.41,3.2,-1.16,-0.09,70
0.86,-0.29,0.41,1.86,-1.01,-0.18,70
0.86,-0.29,0.4,1.59,-0.91,-0.15,70
0.86,-0.29,0.4,2.41,-0.95,-0.12,70
0.86,-0.29,0.41,2.2,-0.12,-0.09,70
0.86,-0.29,0.41,2.99,0,0.15,70
0.86,-0.29,0.41,3.96,-0.15,0.21,70
0.86,-0.29,0.41,4.48,0.03,0.3,70
0.86,-0.29,0.41,3.96,0.12,0.18,70
0.86,-0.29,0.41,2.93,0.27,0.27,70
0.86,-0.29,0.41,2.35,0.4,0.64,70
0.86,-0.29,0.41,2.44,0.91,1.22,70
0.86,-0.29,0.41,2.32,1.62,1.65,70
0.86,-0.29,0.41,1.86,1.98,1.59,70
0.86,-0.29,0.41,1.52,2.29,1.71,70
0.86,-0.29,0.41,0.67,3.05,1.89,70
0.86,-0.29,0.41,-0.43,2.93,1.95,70
0.86,-0.29,0.41,-0.34,2.53,1.8,70
0.86,-0.29,0.41,0.37,2.5,1.52,70
0.86,-0.29,0.41,1.01,2.1,0.82,70
0.87,-0.29,0.41,0.34,1.59,0.76,70
0.87,-0.28,0.42,-0.58,1.34,0.61,70
0.86,-0.28,0.41,0.18,1.1,0.3,70
0.85,-0.28,0.42,1.59,1.22,0.46,70
0.84,-0.3,0.39,3.75,0.49,0.27,70
0.85,-0.31,0.37,4.63,0.91,-0.61,70
0.85,-0.31,0.44,3.2,0.88,-1.28,70
0.86,-0.28,0.43,2.65,1.65,-2.04,70
0.86,-0.28,0.49,1.07,2.07,-2.59,70
0.86,-0.28,0.46,1.22,1.77,-2.8,70
0.86,-0.29,0.47,2.47,1.37,-2.87,70
0.87,-0.3,0.48,3.35,1.43,-2.99,70
0.88,-0.31,0.43,3.35,2.01,-3.02,70
0.86,-0.27,0.4,2.5,1.01,-2.71,70
0.84,-0.29,0.42,2.07,0.76,-2.5,70
0.87,-0.31,0.4,3.81,0.88,-2.41,70
0.85,-0.29,0.35,4.91,0.55,-2.41,70
0.86,-0.29,0.41,4.76,1.04,-2.47,70
0.85,-0.29,0.38,2.87,1.37,-2.77,70
0.86,-0.3,0.42,0.27,2.04,-2.65,70
0.86,-0.26,0.44,-4.12,3.69,-2.9,70
0.85,-0.23,0.47,-14.45,6.55,-3.78,70
0.86,-0.18,0.51,-31.71,10.95,-7.56,70
0.84,-0.23,0.51,-41.46,9.79,-8.23,70
0.83,-0.28,0.55,-34.6,11.13,-1.77,70
0.83,-0.29,0.53,-18.02,18.96,6.01,70
0.77,-0.37,0.49,21.37,19.7,13.81,70
0.76,-0.47,0.48,77.77,18.75,27.07,70
0.72,-0.32,0.66,104.05,27.04,28.87,70
0.69,-0.17,0.78,92.32,44.02,14.7,70
0.61,-0.15,0.78,68.05,50,7.13,70
0.62,-0.22,0.76,59.33,53.05,4.42,70
0.62,-0.28,0.79,55.55,57.9,-1.07,70
0.66,-0.24,0.81,44.66,62.07,-4.39,70
0.65,-0.23,0.78,28.23,63.75,-7.01,70
0.68,-0.25,0.75,12.13,62.68,-7.71,70
0.67,-0.23,0.73,-1.65,61.46,-7.1,70
0.64,-0.24,0.69,-10.52,61.19,-7.56,70
0.65,-0.3,0.61,-12.5,60.18,-4.91,70
0.66,-0.36,0.57,-11.22,59.21,2.2,70
0.64,-0.34,0.55,-14.85,56.4,9.05,70
0.6,-0.23,0.48,-21.49,50.15,8.35,70
0.51,-0.13,0.42,-27.16,38.2,-0.79,70
0.48,-0.12,0.38,-24.42,24.6,-12.07,70
0.54,-0.19,0.37,-14.88,12.59,-18.9,70
0.6,-0.26,0.38,-1.55,-0.06,-21.1,70
0.67,-0.29,0.4,12.62,-8.72,-24.09,70
0.71,-0.24,0.44,13.41,-14.33,-28.45,70
0.73,-0.17,0.45,-3.41,-17.59,-29.97,70
0.68,-0.11,0.41,-25.12,-21.37,-31.37,70
0.68,-0.15,0.34,-30.91,-24.54,-31.1,70
0.79,-0.24,0.35,-12.53,-25.67,-30.73,70
0.91,-0.2,0.35,12.56,-28.08,-33.78,70
0.99,-0.18,0.4,26.34,-31.34,-35.24,70
1.07,-0.2,0.47,20.88,-35.76,-34.12,70
1.15,-0.18,0.45,7.87,-39.02,-32.44,70
1.2,-0.18,0.36,8.45,-41.13,-30,70
1.16,-0.12,0.33,17.16,-46.07,-27.35,70
1.08,-0.04,0.34,30.88,-50.37,-26.95,70
1.05,-0.02,0.34,42.93,-53.02,-26.04,70
0.98,-0.15,0.43,77.84,-57.1,-19.39,70
1.05,-0.29,0.54,137.9,-49.82,-5.73,70
1.11,-0.5,0.91,141.31,-37.1,20.43,70
0.74,0.07,0.78,78.54,-29.57,36.25,85
0.92,-0.01,0.85,49.39,-32.32,19.79,85
0.97,-0.02,0.78,44.39,-26.31,7.41,85
0.84,-0.02,0.6,17.87,-20.79,4.02,85
0.81,-0.01,0.43,-5.95,-25.95,-0.79,85
0.86,-0.12,0.32,-8.14,-29.42,-1.92,85
0.9,-0.12,0.39,6.01,-28.78,0.24,85
0.89,-0.18,0.53,8.57,-25.06,-0.79,85
0.87,-0.09,0.6,-5.15,-19.27,-1.34,85
0.87,-0.09,0.61,-22.44,-15.79,-1.34,85
0.87,-0.1,0.59,-32.9,-14.79,-5.4,85
0.84,-0.13,0.54,-34.33,-17.32,-6.71,85
0.87,-0.09,0.49,-24.27,-21.95,-5.88,85
0.89,-0.04,0.44,-9.42,-22.41,-2.65,85
0.91,-0.06,0.41,-4.91,-20.18,-1.31,85
0.87,-0.07,0.38,-7.5,-16.65,1.77,85
0.88,-0.14,0.36,-5.49,-14.09,2.93,85
0.89,-0.11,0.44,-2.44,-11.07,1.83,85
0.89,-0.07,0.45,-7.96,-7.41,1.01,85
0.88,-0.09,0.42,-19.02,-2.68,0.21,85
0.95,-0.06,0.42,-27.35,2.87,0,85
0.97,-0.09,0.4,-32.26,8.72,-0.79,85
0.79,-0.14,0.42,-34.24,12.56,-1.46,85
0.85,-0.14,0.38,-18.75,6.86,5.21,85
0.98,-0.02,0.5,3.9,11.22,8.6,85
0.97,-0.06,0.55,-1.68,15.88,5.43,85
0.85,-0.15,0.54,-23.57,16.62,9.57,85
0.78,-0.15,0.44,-16.4,6.4,15.91,85
1,0.09,0.54,27.77,-2.47,29.02,85
0.92,0.17,0.33,61.31,7.01,49.82,85
1.04,-0.11,0.42,54.88,23.51,52.84,85
0.83,-0.11,0.35,-1.1,51.77,50.09,85
0.63,-0.27,0.24,-65.73,61.28,55.91,85
0.92,-0.44,0.39,-56.49,55.85,52.53,85
0.79,-0.36,0.4,-0.7,74.82,41.16,85
0.92,-0.31,0.76,36.19,68.26,32.13,85
0.85,-0.2,0.69,28.84,80.4,23.17,85
0.69,-0.17,0.53,-12.53,86.55,12.13,85
0.64,-0.3,0.43,-48.93,81.07,12.32,85
0.65,-0.38,0.48,-57.04,75.7,15.91,85
0.67,-0.48,0.63,-34.82,64.6,12.53,85
0.7,-0.53,0.82,6.22,55.18,-0.79,85
0.67,-0.41,0.93,36.19,47.29,-16.95,85
0.66,-0.29,1,36.16,37.65,-25.73,85
0.6,-0.22,0.97,15.34,33.54,-30.52,85
0.52,-0.23,0.87,-17.32,16.74,-31.34,85
0.6,-0.34,0.81,-36.43,-1.8,-20,85
0.72,-0.3,0.58,-25.95,-3.32,-10.18,85
0.58,-0.58,0.74,-3.08,-6.74,-8.45,85
0.41,-0.31,0.84,14.09,-0.43,4.63,85
-0.08,-0.31,0.72,10.76,19.97,12.5,85
-0.21,-0.41,0.63,8.05,25.52,4.88,85
-0.15,-0.29,0.65,-4.45,28.14,-1.37,85
-0.1,-0.18,0.7,-25.27,28.81,10.46,85
-0.2,-0.1,0.61,-37.47,41.13,15.82,85
-0.3,-0.07,0.53,-47.16,44.66,13.75,85
-0.43,-0.11,0.43,-51.71,38.69,17.93,85
-0.52,-0.25,0.35,-38.96,21.89,24.91,85
-0.5,-0.3,0.4,-6.62,-1.55,27.16,85
-0.38,-0.3,0.54,21.89,-21.13,19.91,85
-0.16,-0.21,0.71,26.8,-35.24,6.34,85
0.03,-0.26,0.77,8.45,-37.74,-10.76,85
0.29,-0.36,0.74,-11.22,-31.13,-33.02,85
0.66,-0.5,0.66,-4.91,-15.06,-57.96,85
0.95,-0.52,0.53,30,5.27,-76.52,85
1.22,-0.5,0.48,69.91,8.57,-81.52,85
1.57,-0.48,0.54,99.57,-3.17,-64.88,85
1.88,-0.38,0.79,118.51,-14.36,-38.05,85
2.1,-0.2,0.95,100,-16.77,-29.6,85
1.99,-0.08,0.95,29.94,-13.41,-33.93,85
1.82,0.33,0.69,-46.95,-9.97,-21.31,85
1.6,0.88,0.37,-65.52,-21.37,-4.27,85
1.81,0.53,0.27,2.16,-63.69,-8.84,85
1.94,0.94,0.32,116.43,-82.23,-37.38,85
1.39,1.01,0.59,156.49,-99.54,-49.57,85
1.39,0.65,0.54,102.35,-124.15,-61.07,85
1.75,-0.26,0.7,16.74,-99.66,-73.35,85
2,-1.45,0.76,-4.85,-93.45,-15.67,85
0.34,0.89,0.78,-7.9,-41.83,47.04,85
0.22,0.13,0.53,-11.13,-70.15,56.8,85
0.54,-0.37,0.72,17.32,-48.02,-27.87,85
1.05,-0.25,0.38,-13.66,-42.62,-29.48,85
0.97,0.03,0.21,-72.68,-41.25,19.3,85
0.96,0.11,0.3,-73.81,-42.1,8.48,85
0.97,0.06,0.4,-51.31,-24.79,-10.67,85
0.95,0.03,0.51,-52.9,-13.84,-1.49,85
0.87,-0.03,0.44,-61.68,-9.97,9.15,85
0.85,-0.14,0.39,-43.05,-6.86,12.77,85
0.96,-0.1,0.43,-9.24,-6.77,18.11,85
0.93,0.02,0.5,5.85,1.95,26.46,85
0.87,-0.1,0.35,-2.53,4.94,27.26,85
0.81,-0.22,0.36,-9.24,5.55,23.11,85
0.95,0.04,0.49,-7.71,9.88,27.96,85
0.91,-0.03,0.43,-15.03,17.44,37.59,85
0.81,-0.12,0.45,-11.83,21.68,39.12,85
0.84,-0.35,0.52,3.38,16.07,34.91,85
0.8,-0.14,0.58,14.21,19.6,35.34,85
0.86,-0.13,0.54,8.17,18.63,38.41,85
0.86,-0.06,0.53,-2.47,18.23,37.41,85
0.69,-0.19,0.48,-12.38,18.08,37.99,85
0.9,-0.27,0.59,-4.36,3.69,36.68,85
0.81,-0.19,0.64,6.68,9.82,36.52,85
0.88,-0.19,0.61,14.85,5.91,36.59,85
0.83,-0.23,0.56,18.51,3.08,37.74,85
0.73,-0.14,0.52,20.09,0.55,41.16,85
0.79,-0.41,0.6,17.16,-11.65,37.5,85
0.85,-0.24,0.6,17.59,-12.13,27.9,85
0.81,-0.38,0.5,9.48,-7.2,21.34,85
0.83,-0.36,0.45,6.13,-10.55,18.23,85
0.82,-0.34,0.42,5.12,-3.6,14.66,85
0.8,-0.31,0.4,0.37,3.81,8.84,85
0.81,-0.35,0.45,-6.74,12.1,3.26,85
0.8,-0.37,0.52,-14.12,16.92,-2.13,85
0.79,-0.41,0.54,-9.6,15.64,-1.83,85
0.79,-0.47,0.58,12.47,15.03,-2.47,85
0.83,-0.48,0.72,40.03,18.29,-10.09,85
0.82,-0.38,0.8,45.67,25.43,-20.95,85
0.62,-0.51,0.76,19.39,30.76,-27.13,85
0.32,-0.62,1.07,-5.55,24.91,-16.01,85
-0.12,-0.19,0.91,-9.02,61.16,12.29,85
-0.51,-0.16,0.65,-26.28,99.3,24.15,85
-0.57,-0.29,0.27,-48.69,89.91,20.85,85
-0.31,-0.1,0.33,-40.37,70.55,34.42,85
-0.26,-0.14,0.36,-25.3,59.42,42.41,85
-0.3,-0.14,0.43,-22.99,47.1,38.32,85
-0.27,-0.16,0.55,-27.47,29.73,38.35,85
-0.14,-0.37,0.6,-26.49,13.35,31.19,85
0.12,-0.34,0.64,-3.87,4.85,16.1,85
0.28,-0.17,0.55,15.06,-0.58,-5.46,85
0.46,-0.15,0.62,15.91,-16.71,-27.53,85
0.6,-0.26,0.62,7.35,-24.27,-45.15,85
0.74,-0.38,0.58,6.4,-29.7,-57.77,85
0.82,-0.39,0.57,15.49,-34.6,-57.44,85
1,-0.3,0.56,31.43,-40.09,-50.03,85
1.22,-0.23,0.57,56.74,-39.54,-55.37,85
1.35,-0.22,0.64,79.54,-34.82,-68.32,85
1.33,-0.13,0.72,71.68,-23.9,-67.47,85
1.31,-0.02,0.79,25.06,-9.18,-53.72,85
1.33,-0.01,0.76,-33.51,5.27,-46.46,85
1.3,-0.05,0.73,-65.46,22.71,-42.74,85
1.14,-0.14,0.46,-73.99,40.27,-32.44,85
1.05,-0.05,0.49,-73.11,38.41,-14.91,85
0.95,-0.05,0.43,-59.21,34.82,3.84,85
1.16,-0.12,0.4,-19.15,29.85,8.54,85
1.39,-0.02,0.44,20.91,23.41,12.04,85
1.49,-0.03,0.47,33.41,10.37,15.27,85
1.48,0.25,0.41,38.72,-9.6,10.61,85
1.14,0.47,0.21,44.73,-29.3,-3.81,85
1.75,0.33,0.3,73.05,-77.44,-23.45,85
3.27,-0.28,1.06,133.54,-80.12,-22.04,85
1.87,0.72,1.12,137.77,-39.63,42.65,85
0.13,1.23,0.83,80.4,-67.44,73.11,85
-0.04,-0.83,1.29,123.08,-100.34,-6.49,85
0.58,-1.17,1.48,147.1,-82.87,-71.07,85
0.38,-0.11,0.71,42.01,-76.04,61.31,85
0.78,-0.11,-0.02,-24.24,-97.41,96.37,85
1.49,-0.04,0.22,-7.53,-97.9,-15.52,85
1.1,-0.23,0.3,12.9,-83.6,-37.1,85
0.6,-0.16,0.3,18.17,-59.15,-10.27,85
0.71,-0.02,0.37,-10.03,-52.65,-24.66,85
0.88,0.01,0.32,-49.48,-47.53,-30,85
0.92,0.09,0.29,-69.27,-41.89,-18.45,85
1.04,0.13,0.25,-55.67,-35.09,-7.77,85
0.97,0.04,0.29,-29.18,-23.6,0.85,85
1.03,-0.01,0.37,-13.41,-17.68,12.16,85
0.95,0.13,0.25,-13.11,-1.49,28.69,85
0.94,-0.16,0.33,-12.5,-1.07,40.12,85
1.05,0.04,0.35,10.4,13.51,46.01,85
1.05,0.04,0.35,15.7,29.79,53.6,85
0.94,-0.01,0.4,-4.57,45.7,59.82,85
0.75,-0.05,0.22,-33.32,59.05,62.65,85
0.78,-0.46,0.41,-41.92,48.29,63.57,85
0.93,-0.18,0.46,-23.6,61.4,59.85,85
0.88,-0.29,0.54,-25.4,71.74,45.24,85
0.87,-0.25,0.53,-38.02,75.46,40.06,85
0.73,-0.32,0.52,-53.6,82.5,38.9,85
0.65,-0.35,0.38,-50.18,72.93,40.24,85
0.48,-0.49,0.57,-25.27,52.96,38.05,85
0.93,-0.47,0.86,18.75,22.84,30.18,85
0.88,-0.31,0.82,49.7,28.87,14.21,85
0.83,-0.19,0.85,47.32,12.38,9.82,85
0.73,-0.17,0.78,25.27,0.49,22.71,85
0.67,-0.2,0.7,4.27,-9.33,23.87,85
0.73,-0.34,0.54,-5.82,-22.47,19.21,85
0.73,-0.32,0.56,14.05,-26.37,25.79,85
0.52,-0.37,0.69,41.4,-28.38,25.58,85
0.3,-0.34,1.15,53.81,-25.27,14.33,85
0.22,-0.45,1.23,17.71,6.34,1.22,85
0.13,-0.56,0.99,-57.68,37.44,-3.54,85
0,-0.6,0.54,-109.39,67.1,13.93,85
-0.3,-0.48,-0.04,-98.78,80.88,46.46,85
-0.65,-0.1,-0.2,-32.99,71.74,74.24,85
-0.45,-0.17,0.24,34.57,40.21,53.23,85
-0.14,-0.43,0.15,53.78,28.57,4.63,85
-0.03,0,0.53,29.15,8.66,4.42,85
-0.12,-0.08,0.87,-24.3,-11.46,20.18,85
0.14,-0.87,0.78,-47.84,0.46,-6.22,85
0.75,-0.85,0.9,4.91,29.6,-32.93,85
0.88,-0.42,0.96,46.8,68.08,-23.81,85
0.73,-0.09,0.95,8.6,98.17,-7.68,85
0.7,-0.07,0.8,-79.33,114.6,-19.97,85
0.79,-0.23,0.59,-138.26,112.23,-47.84,85
0.85,-0.32,0.49,-133.69,97.26,-67.26,85
0.81,-0.33,0.5,-87.93,77.99,-71.49,85
0.76,-0.27,0.61,-50.18,53.26,-78.78,85
0.74,-0.2,0.63,-57.04,24.76,-91.43,85
0.82,-0.25,0.52,-84.94,-11.59,-90.85,85
1,-0.38,0.39,-80.37,-51.31,-80.88,85
1.09,-0.38,0.38,-27.87,-77.93,-75.37,85
1.09,-0.3,0.45,35.64,-95.03,-70.76,85
1.08,-0.26,0.5,77.1,-104.27,-57.23,85
1.11,-0.2,0.5,103.48,-101.22,-37.87,85
1.2,-0.1,0.55,125.43,-87.07,-26.37,85
1.15,0,0.62,130.76,-64.24,-26.31,85
1.04,0.07,0.63,97.87,-39.57,-25.12,85
0.99,0.11,0.53,41.04,-18.51,-18.54,85
1.03,0.05,0.43,-1.07,-6.55,-9.3,85
1.17,-0.06,0.4,-5.15,-5.67,-3.81,85
1.18,-0.02,0.44,19.66,-7.62,-0.21,85
1.15,0.22,0.4,45.7,-17.68,0.12,85
1.26,0.32,-0.17,71.98,-36.55,-11.74,85
2.99,-0.96,0.79,117.29,-72.68,-34.3,85
3.33,-0.62,0.77,150.37,-45.98,37.26,85
1.02,1.46,1.62,88.26,-5.52,109.88,85
-0.22,-0.2,0.66,77.07,-72.93,108.63,85
-0.05,-1.16,1.2,156.98,-71.43,-22.47,85
1.37,0.15,0.96,85.76,-70.95,-77.96,85
1.04,-0.08,0.25,-58.48,-76.65,44.94,85
0.56,-0.16,-0.21,-88.51,-72.8,36.62,85
0.58,-0.3,-0.05,-57.26,-58.69,-43.02,85
0.87,-0.31,0.26,-51.4,-59.39,-38.32,85
0.93,-0.13,0.34,-50.73,-46.46,0.15,85
1,0.02,0.45,-29.63,-38.99,-5.85,85
1.07,0.04,0.59,-15.12,-37.84,-14.21,85
0.95,0.07,0.49,-27.9,-33.78,-1.28,85
0.92,0,0.24,-51.77,-31.89,13.81,85
0.96,-0.21,0.17,-52.1,-27.01,15.82,85
1.04,-0.19,0.19,-25.3,-14.24,16.89,85
0.94,-0.16,0.29,-1.1,-2.87,28.2,85
0.83,-0.15,0.37,16.86,-3.45,37.71,85
0.99,-0.14,0.37,35.12,-6.28,38.96,85
0.91,-0.11,0.39,35.4,1.1,40.4,85
0.88,-0.08,0.33,8.66,3.08,43.72,85
0.93,-0.23,0.27,-30.98,6.16,44.09,85
0.89,-0.36,0.24,-50.58,12.68,41.68,85
0.97,-0.42,0.15,-31.65,21.98,37.13,85
0.85,-0.46,0.4,-17.93,33.75,28.41,85
0.9,-0.16,0.36,-18.78,40,29.45,85
0.78,-0.34,0.5,-33.41,37.32,27.9,85
0.92,-0.27,0.47,-32.32,29.82,26.59,85
0.89,-0.31,0.54,-27.2,32.87,25.95,85
0.9,-0.24,0.48,-20.49,30.24,30.79,85
0.82,-0.31,0.44,-14.05,28.57,36.8,85
0.78,-0.39,0.42,1.25,24.82,42.47,85
0.76,-0.46,0.48,16.95,24.27,41.46,85
0.75,-0.42,0.37,27.53,23.14,37.35,85
0.81,-0.69,0.64,41.8,14.94,31.49,85
0.65,-0.64,0.76,58.02,8.29,28.81,85
0.15,-0.53,1.23,71.49,13.84,37.23,85
-0.43,-0.2,1.05,49.7,64.85,40.73,85
-0.61,-0.28,0.67,-17.84,115.06,23.35,85
-0.54,-0.71,0.16,-51.89,123.54,11.86,85
-0.22,-1.11,0.05,8.35,113.41,35.4,85
0.49,-1.02,0.31,116.8,92.8,71.1,85
0.82,-0.36,0.33,168.72,92.29,77.26,85
0.61,0.42,0.58,120.4,66.01,66.49,85
-0.02,0.48,0.75,17.62,33.26,67.53,85
-0.37,-0.26,0.8,-53.54,12.8,43.38,85
-0.08,-0.68,0.8,-58.87,14.79,-19.15,85
0.19,-0.35,0.65,-34.42,23.72,-46.1,85
0.1,-0.08,0.6,-19.45,11.37,-30.18,85
0.24,-0.1,0.63,-19.94,-3.26,-54.48,85
0.45,-0.23,0.55,-36.8,-11.37,-118.72,85
0.7,-0.37,0.54,-52.41,-30.73,-137.16,85
0.71,-0.32,0.51,-47.74,-46.01,-107.16,85
0.75,-0.31,0.49,-26.83,-63.66,-88.57,85
0.96,-0.28,0.52,0.03,-74.05,-93.78,85
1.14,-0.22,0.64,10.06,-68.78,-93.26,85
1.19,-0.14,0.63,-7.2,-50.27,-81.65,85
1.29,-0.2,0.51,-31.49,-28.6,-80.55,85
1.39,-0.32,0.42,-28.32,-17.35,-80.34,85
1.41,-0.27,0.44,2.65,-13.02,-61.8,85
1.4,-0.19,0.58,24.91,-11.37,-35.12,85
1.54,-0.12,0.66,17.47,-5.52,-13.48,85
1.45,-0.04,0.59,-2.41,11.89,-0.61,85
1.2,0.03,0.56,-23.26,29.79,5.64,85
1.03,0.09,0.55,-60,45.49,10.88,85
0.95,0.1,0.51,-107.04,55.34,16.95,85
0.87,0.23,0.36,-136.37,62.59,19.45,85
0.82,0.23,0.24,-138.66,64.54,7.32,85
0.8,0,0.13,-108.81,51.31,-17.04,85
0.79,-0.1,0.17,-44.42,32.2,-36.07,85
0.68,-0.23,0.14,9.39,18.57,-41.92,85
0.93,-0.47,0.11,59.97,-8.81,-35.79,85
1.63,-0.44,-0.17,139.66,-27.62,-24.12,85
3.66,-1.21,1.82,230.3,-34.02,5.21,85
2.42,-0.29,1,266.74,33.6,108.87,85
1.25,1.97,0.75,110.43,93.2,134.05,85
0.47,1.36,0.49,-78.57,29.82,128.48,85
0.33,-0.64,0.69,-89.24,-60.58,32.01,85
0.43,-1.99,1.5,18.99,-69.73,-85.24,85
0.28,-1.59,1.13,103.63,-64.82,-69.02,85
0.15,-0.22,0.84,104.82,-80.85,44.48,85
0.53,0.2,0.45,37.68,-96.68,70.85,85
1.32,0.2,0.19,-40.52,-108.72,-20.03,85
1.3,-0.1,0.2,-64.05,-107.93,-70.18,85
0.9,-0.52,0.22,-3.63,-99.02,-42.23,85
0.59,-0.41,0.38,51.89,-77.77,-22.16,85
0.73,0.04,0.52,24.33,-71.59,-25.67,85
0.91,0.02,0.47,-52.29,-73.93,-20.27,85
0.93,-0.24,0.25,-84.51,-64.97,-25.73,85
0.97,-0.26,0.17,-51.31,-56.13,-33.14,85
0.95,-0.04,0.23,-16.43,-41.71,-21.77,85
0.91,0.04,0.3,-24.63,-31.62,-5.55,70
0.92,-0.04,0.21,-42.84,-24.88,1.8,70
0.95,-0.27,0.26,-28.63,-22.77,5.49,70
1.05,-0.13,0.31,12.44,-12.23,15.24,70
0.98,-0.08,0.39,29.66,2.41,25.46,70
0.98,-0.02,0.42,8.9,11.71,30.21,70
0.91,-0.07,0.36,-26.04,16.95,33.35,70
1,-0.22,0.35,-39.02,11.4,39.27,70
0.82,-0.25,0.37,-27.99,20,41.62,70
0.94,-0.38,0.47,-11.71,12.62,40.34,70
0.87,-0.18,0.43,-5.3,23.38,39.51,70
0.88,-0.26,0.49,-14.12,15.7,40.76,70
0.96,-0.17,0.37,-13.11,17.44,47.29,70
0.81,-0.31,0.37,-11.19,20.43,45.34,70
0.82,-0.39,0.47,-4.24,14.3,52.41,70
0.76,-0.38,0.59,7.07,17.59,64.76,70
0.71,-0.12,0.21,36.83,13.57,66.07,70
0.5,-1.03,0.78,132.07,-8.29,59.15,70
0.26,-0.72,1.36,212.01,13.84,54.66,70
-0.04,-0.32,1.23,154.48,75.4,54.27,70
-0.28,-0.13,0.97,33.11,97.59,60.58,70
-0.35,-0.27,0.52,-62.32,133.87,48.32,70
-0.1,-0.64,0.18,-92.47,165.06,5.67,70
0.36,-0.69,-0.14,-69.09,163.29,-19.79,70
0.31,-0.37,-0.28,-15.34,146.37,-0.76,70
0.1,-0.05,-0.07,27.32,105.58,10.95,70
-0.11,0.02,0.24,21.4,66.86,-14.82,70
-0.27,-0.03,0.43,-28.35,32.26,-54.05,70
-0.25,-0.3,0.77,-96.89,-3.96,-93.29,70
0.4,-0.7,1.03,-136.71,-19.94,-124.94,70
1.02,-0.66,1.16,-119.66,6.4,-144.79,70
1.19,-0.67,1.07,-89.45,26.43,-156.98,70
0.96,-0.58,0.64,-91.28,28.75,-135.67,70
0.86,-0.34,0.52,-121.22,7.74,-95.3,70
1.08,-0.11,0.88,-144.57,-32.93,-69.85,70
1.19,-0.12,0.64,-141.43,-42.96,-76.55,70
1.1,-0.32,0.45,-99.48,-27.84,-97.93,70
1.21,-0.38,0.59,-20.7,-44.12,-98.38,70
1.26,-0.48,0.63,41.92,-52.53,-76.22,70
1.32,-0.32,0.61,82.62,-48.72,-48.63,70
1.21,-0.05,0.59,117.32,-33.63,-25.58,70
1.09,0.29,0.51,135.88,-15.58,-15.49,70
0.92,0.28,0.53,109.88,2.96,-15.3,70
0.94,0.03,0.45,51.52,12.44,-16.55,70
0.91,-0.1,0.33,1.65,31.49,-0.18,70
0.89,-0.03,0.26,-14.91,42.99,29.76,70
0.86,0.14,0.19,-4.3,45.79,42.77,70
0.8,0.12,0.15,21.65,42.59,34.85,70
0.79,0.07,0.17,48.72,36.07,25.73,70
0.78,0.12,0.17,52.41,34.76,23.35,70
0.78,0.18,0.16,24.66,31.34,19.91,70
0.77,0,0.18,-21.68,14.97,16.8,70
0.77,-0.22,0.13,-76.01,-11.95,19.3,70
0.98,-0.89,0.93,-126.71,-46.43,27.32,70
2.82,-1.28,1.26,-68.54,-67.2,34.79,70
3.46,0.31,0.88,97.65,74.7,10,70
1.06,1.36,1.26,160.98,59.97,65.27,70
1.16,0.47,0.85,23.14,-64.97,146.16,70
0.41,-0.27,0.8,-129.94,-15.95,88.57,70
0.2,-1.17,0.44,-177.1,-22.47,-13.17,70
0.51,-1.61,0.27,-82.99,-36.95,-46.92,70
0.45,-1,0.2,42.44,-26.86,-10.34,70
0.55,-0.53,0.34,105.24,-48.08,6.43,70
0.74,-0.28,0.43,93.08,-52.38,-19.36,70
0.94,-0.15,0.47,40.58,-43.84,-46.4,70
1.05,-0.12,0.48,-13.84,-40.06,-53.9,70
0.98,-0.17,0.45,-48.87,-28.63,-52.01,70
0.79,-0.27,0.4,-59.18,-14.88,-54.82,70
0.76,-0.31,0.38,-55.52,-8.08,-56.34,70
0.81,-0.23,0.42,-49.7,-3.84,-49.76,70
0.83,-0.15,0.43,-46.98,-2.96,-40.64,70
0.89,-0.16,0.48,-43.05,-5.79,-35.49,70
0.94,-0.13,0.51,-33.6,-5,-30.58,70
0.88,-0.1,0.51,-21.49,-1.8,-22.38,70
0.83,-0.13,0.51,-12.44,-5.98,-11.65,70
0.83,-0.15,0.53,-3.11,-14.24,-1.28,70
0.85,-0.21,0.52,10.34,-18.99,7.41,70
0.85,-0.19,0.47,27.71,-21.59,15.15,70
0.88,-0.19,0.49,39.66,-26.52,20.46,70
0.87,-0.19,0.5,39.27,-27.93,24.63,70
0.9,-0.24,0.51,30.18,-28.35,26.71,70
0.9,-0.2,0.46,16.77,-23.02,29.54,70
0.84,-0.18,0.47,-3.35,-16.59,33.32,70
0.8,-0.24,0.48,-23.72,-17.99,36.95,70
0.81,-0.36,0.4,-32.47,-21.34,39.91,70
0.84,-0.48,0.45,-18.35,-14.63,43.66,70
0.73,-0.42,0.59,9.91,-9.85,48.23,70
0.27,-0.52,0.52,58.2,-16.1,57.23,70
0.21,-0.56,1.27,130.91,-25.52,69.48,70
0.13,-0.56,1.64,123.69,47.41,54.42,70
0.19,-0.66,1.04,69.48,123.38,31.1,70
0.26,-0.3,0.69,16.83,167.44,25.7,70
0.07,-0.36,-0.36,-30.46,191.68,26.74,70
-0.43,-0.73,-0.9,13.14,182.77,47.29,70
-0.13,-1.09,-0.37,102.68,114.97,64.6,70
0.77,-0.97,0.21,148.38,54.42,66.83,70
0.82,-0.67,0.4,118.26,53.26,71.46,70
0.48,-0.25,0.66,56.83,16.04,93.93,70
0.2,-0.07,0.85,-4.42,-15.06,106.46,70
-0.18,-0.49,0.71,-44.7,-5.64,87.26,70
0.12,-0.49,0.7,-14.36,8.6,48.84,70
0.52,0.14,0.65,46.95,41.04,-7.74,70
0.47,0.05,0.76,53.14,42.77,-71.98,70
0.83,-0.55,0.89,29.82,16.92,-95.24,70
0.93,-0.45,1,-2.23,32.16,-89.42,70
0.69,-0.17,0.81,-58.57,38.17,-76.31,70
0.52,-0.09,0.72,-107.87,30,-62.32,70
0.45,-0.14,0.58,-131.74,29.76,-60.27,70
0.55,-0.18,0.53,-130.98,22.96,-72.8,70
0.59,-0.33,0.54,-122.2,11.65,-74.94,70
0.58,-0.48,0.53,-113.81,-0.7,-55.46,70
0.69,-0.57,0.46,-89.79,-16.37,-27.84,70
0.91,-0.36,0.52,-40.21,-25.98,-10.03,70
1.08,-0.11,0.5,14.39,-26.16,-5.64,70
1.11,0.03,0.65,51.89,-17.32,-6.07,70
1,0.01,0.69,56.04,-0.18,-3.84,70
0.94,-0.05,0.66,28.6,13.99,3.08,70
0.86,-0.06,0.59,-4.24,29.21,20.4,70
0.8,-0.09,0.5,-15.34,43.26,36.1,70
0.82,-0.14,0.59,-7.35,53.72,40.12,70
0.95,-0.18,0.62,7.29,63.66,38.93,70
1.09,-0.19,0.76,18.84,65.18,28.87,70
1.12,-0.19,0.88,16.49,60.82,10.79,70
1.18,-0.34,0.86,0.18,45.7,-11.04,70
1.25,-0.35,0.88,-27.04,21.71,-31.19,70
1.31,-0.76,0.98,-50.79,-5,-36.19,70
1.98,-1.92,1.14,-17.71,-25.79,-23.23,70
1.96,-0.76,1.28,63.05,1.98,30.95,70
1.21,0.47,1.28,102.13,23.81,62.1,70
0.47,0.26,1.37,74.54,26.37,18.63,70
0.3,-0.09,0.93,-29.63,13.38,-55.67,70
0.38,-0.57,0.61,-114.97,-28.96,-68.99,70
0.43,-1.03,0.47,-87.68,-67.8,-28.78,70
0.36,-0.71,0.54,16.04,-69.18,-7.84,70
0.45,-0.23,0.75,83.93,-69.33,-4.33,70
0.62,-0.03,0.79,67.74,-62.93,-5.3,70
0.86,-0.11,0.7,-12.1,-60,-10.64,70
1,-0.2,0.41,-83.32,-58.14,-13.69,70
0.81,-0.44,0.33,-82.99,-54.91,-11.1,70
0.63,-0.65,0.45,-10.18,-45.91,-7.84,70
0.61,-0.41,0.65,52.96,-24.51,-3.87,70
0.64,-0.12,0.73,30.43,-7.65,6.52,70
0.67,-0.15,0.54,-43.45,-0.91,14.3,70
0.65,-0.46,0.41,-84.45,-0.43,10.49,70
0.86,-0.48,0.49,-60.67,5.52,8.99,70
0.85,-0.39,0.55,-23.29,26.43,16.43,70
1,-0.49,0.15,16.16,58.96,24.12,70
0.65,-0.46,0.48,101.28,84.42,41.4,70
0.65,-0.35,0.58,133.99,89.42,45,70
0.59,-0.39,0.55,147.01,94.51,48.45,70
0.43,-0.27,0.74,158.41,88.48,44.09,70
0.48,-0.28,0.7,160.88,84.33,30.52,70
0.48,-0.24,0.76,163.2,78.05,22.87,70
0.43,-0.21,0.77,160.76,79.73,11.46,70
0.22,0.04,0.95,143.14,73.51,0.43,70
0.17,0.8,1.55,-27.96,42.26,-17.41,70
0.43,0.09,0.94,-374.6,24.66,-46.22,70
0.68,-1.02,0.45,-427.62,38.81,-59.27,70
0.44,-0.71,0.49,-203.05,38.29,-37.23,70
0.41,-0.58,0.99,-83.93,20.76,-40.64,70
0.59,-0.85,0.77,-107.44,34.18,-56.07,70
0.61,-0.77,0.65,-99.12,35.79,-40.37,70
0.48,-0.75,0.63,-58.72,28.54,-16.19,70
0.38,-0.71,0.72,-15.06,32.71,-34.91,70
0.54,-0.56,0.79,-3.87,24.91,-76.62,70
0.59,-0.47,0.78,-20.37,16.86,-95.21,70
0.46,-0.49,0.74,-28.51,13.48,-93.84,70
0.38,-0.49,0.76,-16.59,17.62,-92.74,70
0.42,-0.46,0.83,-10.06,24.6,-91.77,70
0.45,-0.39,0.85,-21.37,27.44,-84.57,70
0.41,-0.36,0.71,-41.31,27.87,-68.51,70
0.48,-0.49,0.56,-50.18,31.83,-69.51,70
0.6,-0.49,0.59,-44.05,35.55,-86.22,70
0.57,-0.4,0.75,-35.73,41.83,-82.5,70
0.56,-0.41,0.63,-39.3,53.6,-68.17,70
0.47,-0.16,0.78,-53.26,62.87,-61.4,70
0.5,-0.49,0.65,-49.76,74.05,-59.73,70
0.56,-0.35,0.8,-37.32,79.39,-78.81,70
0.39,-0.4,0.87,-43.38,84.45,-70.37,70
0.32,-0.42,0.81,-58.57,89.09,-59.15,70
0.41,-0.41,0.79,-72.26,84.12,-62.8,70
0.45,-0.43,0.74,-70.7,78.69,-71.43,70
0.42,-0.41,0.72,-56.43,68.9,-79.94,70
0.38,-0.44,0.79,-42.99,55.18,-81.28,70
0.3,-0.38,0.95,-34.09,40.73,-75.4,70
0.25,-0.4,1,-26.46,33.63,-65.52,70
0.35,-0.48,0.99,-24.82,28.14,-65.46,70
0.41,-0.5,0.93,-25.91,25.73,-59.82,70
0.37,-0.43,0.87,-24.36,22.16,-50.03,70
0.37,-0.41,0.86,-20.67,16.65,-44.79,70
0.37,-0.4,0.87,-15.95,12.13,-45.82,70
0.32,-0.51,0.82,-9.82,11.83,-45.37,70
0.25,-0.68,0.89,-0.76,7.8,-42.1,70
0.16,-0.69,1.03,5.43,13.2,-33.93,70
0.12,-0.47,1.06,-8.54,26.13,-19.97,70
0.11,-0.29,0.88,-36.37,39.6,-7.84,70
0.18,-0.66,0.71,-46.07,41.19,-9.05,70
0.38,-0.42,0.74,-23.29,44.66,-15,70
0.33,-0.01,0.7,-32.35,46.37,-2.07,70
0.18,-0.52,0.65,-66.77,25.61,4.15,70
0.59,-0.33,0.75,-67.96,8.75,-20.61,70
0.37,0.09,0.82,-89.48,10.98,-41.95,70
0.23,0,0.47,-135.03,2.8,-55.43,70
0.11,-0.19,0.19,-173.11,-0.76,-97.07,70
0.47,-0.35,0.54,-182.41,-43.14,-121.98,70
0.98,-0.23,0.7,-171.34,-57.35,-103.93,70
0.51,-0.55,0.95,-187.23,-40.21,-88.08,70
0.78,-1.08,0.73,-149.57,-34.21,-70.4,70
0.82,-0.75,0.74,-65.18,17.8,-79.51,70
0.82,-0.5,0.65,-26.77,30.91,-103.99,70
0.85,-0.41,0.61,-42.47,19.6,-109.36,70
0.79,-0.53,0.58,-76.4,15.15,-107.44,70
0.84,-0.73,0.62,-75.43,10.03,-109.36,70
0.75,-0.78,0.65,-39.97,22.59,-109.3,70
0.68,-0.73,0.71,-12.32,30.43,-102.2,70
0.67,-0.6,0.75,-17.93,28.66,-94.42,70
0.64,-0.47,0.74,-51.16,29.66,-95.06,70
0.67,-0.59,0.71,-82.74,34.05,-101.65,70
0.68,-0.65,0.61,-85.3,47.62,-102.23,70
0.61,-0.64,0.54,-75,58.69,-92.35,70
0.56,-0.55,0.51,-70.67,52.65,-72.2,70
0.5,-0.46,0.5,-69.54,42.13,-49.54,70
0.43,-0.43,0.54,-65.64,33.08,-36.46,70
0.41,-0.41,0.63,-54.18,28.87,-31.98,70
0.37,-0.36,0.67,-44.36,32.47,-28.38,70
0.32,-0.25,0.64,-46.68,38.93,-25.06,70
0.3,-0.22,0.6,-59.15,38.78,-24.02,70
0.37,-0.27,0.53,-65.3,33.9,-24.82,70
0.46,-0.38,0.5,-56.62,31.71,-26.49,70
0.5,-0.48,0.52,-40.18,28.51,-23.57,70
0.52,-0.51,0.6,-29.18,21.55,-14.05,70
0.49,-0.47,0.64,-30.12,14.76,-1.16,70
0.47,-0.43,0.65,-41.31,10.37,9.02,70
0.48,-0.38,0.61,-54.33,6.92,14.79,70
0.46,-0.39,0.63,-71.04,7.01,16.37,70
0.46,-0.48,0.65,-87.68,8.41,13.78,70
0.47,-0.54,0.61,-99.48,16.59,11.52,70
0.47,-0.63,0.53,-105.88,26.71,10.43,70
0.49,-0.71,0.46,-103.93,33.66,9.76,70
0.54,-0.84,0.5,-97.62,36.59,9.48,70
0.8,-0.79,0.51,-92.56,39.3,10.73,70
0.69,-0.46,0.72,-123.05,39.88,8.48,70
0.69,-0.78,0.6,-206.86,27.96,-12.62,70
0.62,-1.09,0.16,-179.79,69.66,-9.18,70
0.75,-1.27,0.28,-60.55,89.09,-6.74,70
0.73,-0.93,0.47,12.99,93.14,3.08,70
0.46,-0.57,0.59,6.1,100.58,24.7,70
0.34,-0.47,0.69,-26.98,110.34,35.61,70
0.44,-0.51,0.62,-33.93,130.88,25.98,70
4.67,0.25,0.75,-25.7,165.37,-13.54,70
-1.4,-1.66,-0.18,-197.68,375,-445,70
0.91,-1.55,0.27,-138.81,5,-130.09,70
2.12,-0.35,0.83,29.02,-37.23,452.35,70
-0.75,-0.07,0.43,95.43,251.95,220.64,70
0.13,-0.02,0.59,69.6,130.43,-253.11,70
0.89,-0.35,0.73,-18.69,90.91,-342.13,70
0.74,-0.51,0.59,-101.4,90.55,-146.71,70
0.58,-0.56,0.59,-124.82,46.01,-33.17,70
0.35,-0.56,0.59,-93.35,56.71,-105.3,70
0.67,-0.46,0.6,-43.29,56.83,-180.4,70
0.76,-0.33,0.58,-14.09,44.18,-158.38,70
0.58,-0.31,0.47,-7.77,27.65,-127.44,70
0.6,-0.29,0.51,-11.65,9.48,-148.54,70
0.84,-0.35,0.58,-13.99,-2.87,-175.27,70
1.05,-0.42,0.61,-6.68,-10.88,-172.93,70
1.1,-0.39,0.61,-0.4,-16.1,-158.51,70
1.06,-0.31,0.6,-4.15,-13.93,-150.55,70
0.97,-0.26,0.56,-15.61,-8.48,-150.15,70
0.9,-0.25,0.52,-26.28,-4.79,-148.48,70
0.87,-0.29,0.47,-31.65,-2.5,-142.99,70
0.91,-0.35,0.43,-23.41,-3.29,-136.49,70
0.95,-0.34,0.46,-2.35,-5.76,-130.27,70
0.95,-0.3,0.47,11.95,-4.7,-120.85,70
0.94,-0.26,0.48,11.59,0.37,-110,70
0.99,-0.18,0.48,2.29,3.29,-101.65,70
1.09,-0.22,0.39,-0.49,-1.46,-97.44,70
1.1,-0.28,0.34,7.53,-7.74,-94.79,70
1.13,-0.39,0.43,36.4,-23.29,-83.48,70
1.08,-0.39,0.65,77.77,-27.35,-67.44,70
1.02,-0.47,0.78,101.22,-18.48,-44.27,70
0.89,-0.35,0.7,82.84,-11.86,-11.98,70
0.63,0.15,0.45,48.2,-10.24,12.93,70
0.71,-0.11,0.43,50.49,-30.37,2.32,70
0.98,-0.39,0.49,80.37,-39.09,-21.77,70
1.02,-0.2,0.6,101.89,-37.29,-12.32,70
0.88,0.07,0.62,81.31,-29.91,-5.58,70
0.87,0.06,0.52,24.97,-26.86,-20.49,70
0.89,-0.03,0.43,-29.91,-25.82,-30.09,70
0.88,-0.07,0.31,-55.58,-23.26,-28.35,70
0.87,-0.05,0.22,-50.49,-21.86,-27.29,70
0.85,-0.03,0.25,-30.15,-23.78,-24.76,70
0.93,-0.04,0.39,-12.74,-25.76,-20.12,70
0.99,0.07,0.45,-12.04,-17.99,-12.5,70
0.93,0.15,0.38,-32.1,-5.73,-3.63,70
0.88,-0.06,0.3,-49.94,-2.23,-2.04,70
0.91,-0.21,0.32,-36.04,-2.29,-2.38,70
0.96,-0.13,0.42,-12.96,0.49,3.51,70
0.98,0.05,0.42,-10.52,9.3,9.76,70
0.95,0.03,0.4,-24.91,13.75,14.7,70
0.94,0.08,0.36,-24.15,18.81,24.09,70
0.99,-0.01,0.34,-6.92,20.15,36.77,70
0.93,0.03,0.34,17.56,27.2,52.47,70
0.82,0.01,0.41,32.9,28.72,68.11,70
1.04,-0.08,0.66,43.78,29.66,77.59,70
1.02,0.11,0.5,33.17,61.68,82.32,70
0.56,-0.01,-0.04,-17.93,79.15,84.51,70
0.52,-0.7,0.44,-54.73,43.66,76.65,70
0.89,-0.41,0.63,-34.54,42.07,64.91,70
0.82,-0.5,0.65,-20.3,61.43,43.08,70
0.8,-0.45,0.48,-29.18,58.14,20.85,70
0.62,-0.45,0.49,-48.81,54.51,14.76,70
0.84,-0.34,0.64,-51.46,38.38,11.98,70
0.73,-0.3,0.58,-36.83,43.29,-1.22,70
0.85,-0.27,0.64,-16.65,30.12,-7.1,70
0.77,-0.34,0.59,0.58,28.38,0.52,70
0.79,-0.31,0.7,8.29,22.65,3.23,70
0.77,-0.24,0.67,1.37,25.58,2.99,70
0.75,-0.29,0.63,-15.91,23.66,2.47,70
0.74,-0.41,0.6,-20.24,17.35,2.41,70
0.72,-0.51,0.59,-2.5,13.23,-1.59,70
0.71,-0.53,0.61,22.8,10.7,-14.27,70
0.7,-0.49,0.7,40.98,8.41,-26.52,70
0.68,-0.46,0.64,50.7,4.3,-31.52,70
0.47,-0.51,0.69,51.95,7.71,-36.92,70
0.24,-0.62,0.74,42.74,8.35,-37.9,70
-0.05,-0.69,0.88,43.81,18.05,-20.03,70
0.27,-0.34,1.04,57.68,42.8,0.88,70
0.29,0.07,0.85,33.38,82.13,1.77,70
0.03,0.29,0.55,-25.58,106.04,-2.56,70
-0.42,0.1,0.28,-92.9,106.59,-8.66,70
-0.49,-0.11,0.13,-121.16,83.72,-16.16,70
-0.15,-0.33,0.27,-102.84,57.74,-26.04,70
0.11,-0.43,0.36,-60.67,39.39,-29.91,70
0.22,-0.43,0.55,-3.11,36.68,-22.16,70
0.23,-0.36,0.73,35.73,44.88,-9.51,70
0.29,-0.24,0.81,26.89,49.73,-2.2,70
0.41,-0.17,0.77,-19.09,45.37,-2.32,70
0.47,-0.2,0.66,-64.09,32.5,-4.09,70
0.5,-0.28,0.62,-75.09,21.86,-3.48,70
0.49,-0.34,0.61,-53.2,20.76,-3.35,70
0.49,-0.42,0.66,-17.8,23.66,-5.21,70
0.6,-0.41,0.74,11.28,23.96,-4.21,70
0.68,-0.3,0.75,22.38,19.3,2.53,70
0.67,-0.23,0.75,23.38,10.12,14.76,70
0.68,-0.21,0.8,28.05,2.5,22.44,70
0.76,-0.21,0.91,37.77,0,21.22,70
0.88,-0.21,0.98,45.34,-0.61,14.42,70
0.97,-0.19,1.01,49.36,-8.51,7.35,70
1,-0.13,1.03,56.16,-20.24,1.71,70
1.11,-0.08,1.07,66.22,-35.7,-10.37,70
1.27,0,1.12,70.12,-48.48,-31.95,70
1.37,0.02,1.13,58.08,-56.86,-54.21,70
1.49,-0.04,1.07,39.42,-69.42,-74.36,70
1.58,-0.13,1.24,31.1,-85.64,-86.28,70
1.33,-0.2,0.81,27.16,-79.12,-81.19,70
1.34,-0.07,0.93,13.45,-82.23,-69.54,70
1.28,0.08,0.62,-8.75,-71.77,-62.99,70
1.17,-0.12,0.51,-33.14,-70.79,-66.77,70
1.1,-0.06,0.09,-33.93,-77.35,-51.86,70
0.87,-0.16,0.12,-0.46,-89.6,-28.87,70
0.83,0.02,0.23,57.2,-100.46,-9.42,70
0.67,0.11,0.09,93.93,-87.29,2.29,70
0.55,0.35,0,109.27,-84.27,3.32,70
0.53,0.31,0.02,123.29,-98.6,-5.06,70
0.6,0.26,0.27,134.48,-109.51,-18.05,70
0.99,0.49,0.04,135.95,-96.68,-20.88,70
1.14,0.29,0.3,107.01,-88.48,-20.64,70
2.12,0.6,0.24,47.5,-77.77,-6.31,70
1.67,0.25,1.25,-15.12,-50.15,5.34,70
0.8,-0.53,0.95,-14.18,-59.27,31.1,70
0.39,0.53,0.68,-34.57,4.79,50.24,70
0.71,0.28,0.51,-63.57,-8.08,57.01,70
1.14,-0.23,0.31,-64.57,-14.05,11.13,70
1.11,-0.36,0.17,-44.24,-5.4,10.82,70
0.83,-0.16,0.08,-33.02,3.14,45.98,70
0.92,-0.07,0.03,-33.51,14.54,49.51,70
0.96,0.02,0.24,-43.02,29.12,36.83,70
1.05,-0.14,0.25,-35.52,31.43,47.2,70
0.84,-0.05,0.39,-15.49,51.46,54.54,70
0.87,-0.24,0.54,-14.66,56.37,43.63,70
0.83,-0.17,0.61,-39.36,64.82,30.46,70
0.92,-0.11,0.52,-63.41,63.17,37.8,70
0.81,-0.1,0.53,-65.95,58.57,52.1,70
0.87,-0.14,0.58,-33.93,49.39,61.77,70
0.8,-0.04,0.44,8.29,52.44,65.4,70
0.66,-0.23,0.58,30.18,37.59,73.11,70
0.85,-0.28,0.7,44.73,22.13,78.69,70
0.78,-0.25,0.58,43.17,36.46,73.96,70
0.71,-0.29,0.54,25.3,33.29,68.66,70
0.73,-0.41,0.5,8.05,25.7,63.11,70
0.74,-0.54,0.62,-0.88,27.87,47.32,70
0.81,-0.56,0.65,-4.63,30.12,25.73,70
0.96,-0.76,0.51,10.09,31.49,-4.54,70
0.68,-0.27,0.67,58.78,45.67,-40.12,70
0.73,-0.28,0.8,16.1,36.43,8.72,70
0.67,-0.46,0.72,-56.98,27.26,14.57,70
0.65,-0.64,0.65,-70.98,26.25,-47.9,70
0.71,-0.62,0.8,-40.85,30.03,-70.76,70
0.51,-0.47,0.84,-13.14,31.22,-38.87,70
0.12,-0.5,0.89,-9.97,21.1,-0.46,70
-0.14,-0.42,0.92,-21.89,29.73,22.99,70
0.04,-0.16,0.78,-27.71,39.82,34.15,70
0.02,0.04,0.49,-23.14,48.6,29.54,70
-0.32,0.27,0.3,-21.4,54.12,19.21,70
-0.41,0.23,0.35,-25.55,29.54,10.67,70
-0.27,-0.14,0.35,-24.76,5.27,-12.13,70
-0.09,-0.38,0.39,-6.77,-7.74,-37.01,70
0.05,-0.36,0.5,22.07,-19.33,-31.49,70
0.13,-0.4,0.63,41.74,-25.46,-13.45,70
0.27,-0.4,0.72,34.54,-28.41,-10.18,70
0.38,-0.38,0.69,-0.85,-31.04,-8.63,70
0.44,-0.35,0.56,-33.84,-34.21,6.4,70
0.46,-0.36,0.45,-35.46,-34.15,13.84,70
0.56,-0.34,0.42,-4.45,-34.73,1.92,70
0.65,-0.23,0.48,30.79,-31.77,-14.66,70
0.63,-0.19,0.53,44.76,-29.36,-23.26,70
0.71,-0.29,0.58,41.68,-29.39,-28.35,70
0.88,-0.37,0.63,43.63,-22.04,-32.59,70
0.98,-0.33,0.7,54.33,-5.49,-31.01,70
0.98,-0.25,0.72,58.11,12.84,-21.34,70
1.04,-0.27,0.76,50.37,29.91,-12.04,70
1.23,-0.29,0.76,37.07,44.82,-8.35,70
1.34,-0.22,0.79,17.04,58.57,-2.44,70
1.46,-0.18,0.79,-16.19,63.9,6.04,70
1.53,-0.17,0.78,-44.6,62.8,7.71,70
1.5,-0.09,0.78,-56.59,58.81,5.24,70
1.41,0.01,0.72,-60.06,53.17,7.41,70
1.34,0.02,0.69,-52.41,37.29,9.51,70
1.29,0.09,0.64,-30.34,18.32,8.87,70
1.33,0.11,0.58,4.24,-4.66,2.44,70
1.33,0.02,0.59,49.21,-41.43,-13.38,70
1.24,0.03,0.73,93.41,-66.65,-22.71,70
1.26,0.13,0.8,110.27,-81.52,-27.01,70
1.18,0.22,0.76,94.79,-89.18,-40.79,70
1.1,0.27,0.68,68.23,-91.98,-50.88,70
1.05,0.21,0.64,44.42,-90.46,-55.46,70
1.04,0.06,0.54,22.44,-83.93,-61.1,70
1.06,-0.12,0.33,8.26,-77.71,-54.42,70
0.99,-0.3,-0.06,21.37,-83.08,-30.18,70
0.8,-0.34,-0.03,88.81,-110.3,-4.45,70
0.72,-0.24,0.28,200.58,-127.71,5.91,70
0.77,-0.05,0.8,279.33,-110.21,6.98,70
0.82,0.14,1.08,239.94,-76.62,16.31,70
0.95,0.17,0.69,107.1,-41.46,28.02,70
0.92,0.25,0.33,-37.53,-30.18,31.31,70
1.08,-0.19,0.34,-98.14,-46.22,19.97,70
1.06,-0.21,0.36,-60.15,-29.6,-1.43,70
0.92,0,0.35,-21.4,-12.87,-2.44,70
0.91,0.13,0.42,-39.27,-4.57,-3.02,70
0.92,0.1,0.26,-88.17,3.02,-6.98,70
0.88,-0.18,0.27,-97.13,2.62,-4.91,70
1.06,0,0.24,-48.35,9.63,-0.18,70
0.93,0.11,0.36,-15.43,25.4,10.7,70
1.05,0.18,0.44,-15,32.71,20.37,70
0.96,0.12,0.43,-35.55,49.94,29.36,70
0.79,0.11,0.33,-56.68,57.74,41.86,70
0.83,-0.34,0.43,-51.77,47.01,50.21,70
0.9,-0.11,0.47,-16.71,59.15,50.24,70
0.89,-0.11,0.56,-5.3,67.53,50.27,70
0.78,-0.04,0.51,-19.7,70.43,55.34,70
0.72,-0.22,0.54,-35.7,64.21,59.91,70
0.74,-0.3,0.59,-21.65,56.25,64.21,70
0.64,-0.43,0.6,14.09,50.76,67.93,70
0.69,-0.52,0.67,55.64,30.67,67.9,70
0.81,-0.48,0.74,84.09,20.67,55.88,70
0.84,-0.37,0.84,70.98,23.29,23.72,70
0.71,-0.36,0.8,11.43,19.27,-20.24,70
0.63,-0.39,0.72,-55.91,12.01,-47.2,70
0.64,-0.51,0.76,-91.77,6.34,-47.84,70
0.6,-0.5,0.95,-82.04,11.71,-37.84,70
0.3,-0.48,1.01,-43.69,28.02,-19.94,70
0.14,-0.41,0.99,-7.29,48.41,12.8,70
0.04,-0.06,0.83,-1.86,77.38,30.03,70
-0.15,0.23,0.54,-32.38,95.09,18.2,70
-0.25,0.24,0.4,-74.94,81.71,-0.24,70
-0.06,-0.08,0.42,-84.36,57.35,-17.2,70
0.07,-0.41,0.42,-55.58,52.87,-26.4,70
0.01,-0.26,0.46,-25.03,52.8,-5.49,70
-0.11,-0.03,0.5,-19.73,43.63,18.41,70
-0.13,0,0.49,-30,30.52,9.24,70
0.07,-0.1,0.51,-31.83,15.46,-21.4,70
0.35,-0.19,0.6,-22.16,11.07,-44.91,70
0.42,-0.21,0.67,-19.27,21.07,-55.15,70
0.42,-0.19,0.67,-36.89,22.44,-52.16,70
0.42,-0.14,0.62,-66.19,22.56,-43.54,70
0.43,-0.18,0.51,-86.46,24.45,-40.64,70
0.5,-0.29,0.51,-81.62,19.85,-44.42,70
0.69,-0.42,0.6,-56.43,16.59,-50.76,70
0.9,-0.5,0.68,-28.14,19.79,-52.16,70
1.01,-0.52,0.7,-13.84,24.33,-40.15,70
0.99,-0.5,0.64,-15.73,26.86,-14.57,70
0.92,-0.41,0.57,-16.46,25.06,10.88,70
0.88,-0.34,0.57,0,20.21,24.57,70
0.87,-0.25,0.63,27.5,18.93,30.06,70
0.85,-0.15,0.7,45.85,21.13,34.05,70
0.9,-0.08,0.69,48.29,18.41,29.54,70
0.99,-0.04,0.68,46.25,7.71,10.24,70
1.16,-0.11,0.69,48.69,-14.39,-16.04,70
1.42,-0.22,0.75,56.8,-46.22,-42.93,70
1.63,-0.26,0.87,66.19,-75.73,-61.8,70
1.75,-0.15,0.97,60.91,-96.55,-64.02,70
1.78,0.03,0.93,33.72,-111.77,-55.27,70
1.82,0.14,0.84,14.82,-122.59,-50.27,70
1.74,0.62,1.09,33.14,-112.53,-57.23,70
1.34,0.58,0.94,58.14,-84.97,-73.38,70
1.22,0.29,0.88,44.21,-86.49,-86.49,70
1.06,0.07,0.59,35.43,-85.88,-58.81,70
1.08,-0.02,0.31,100,-81.8,-25.79,70
1.03,0.11,0.36,174.97,-75.61,-4.33,70
0.75,0.26,0.37,166.43,-63.14,12.47,70
0.75,-0.13,0.35,113.54,-58.45,11.89,70
0.74,-0.17,0.28,66.68,-48.05,21.86,70
0.79,-0.1,0.24,46.95,-38.9,36.01,70
0.9,0,0.32,42.41,-32.41,34.7,70
0.93,0.17,0.38,26.98,-22.47,37.04,70
0.92,0.35,0.39,-4.76,-8.32,41.07,70
0.93,0.3,0.37,-49.88,6.74,34.33,70
1.03,0.05,0.36,-89.09,20.43,26.01,70
1.09,-0.06,0.38,-97.9,36.25,35.4,70
0.91,-0.08,0.3,-76.68,52.16,57.96,70
0.62,-0.22,0.16,-41.28,53.66,66.07,70
0.47,-0.33,0.18,-0.12,37.5,54.39,70
0.77,-0.45,0.61,45.24,15.12,37.62,70
1.11,-0.28,0.85,75.3,26.04,29.12,70
1.12,0.09,0.74,44.48,62.29,28.05,70
0.85,0,0.51,-40.98,79.02,28.45,70
0.58,-0.22,0.35,-111.49,79.48,21.43,70
0.78,-0.41,0.43,-115.37,73.81,13.9,70
0.83,-0.33,0.55,-69.18,87.35,14.54,70
0.77,-0.23,0.68,-26.1,97.16,19.3,70
0.63,-0.2,0.77,-11.16,99.82,27.29,70
0.58,-0.28,0.82,-10.61,91.95,35.49,70
0.62,-0.36,0.79,-4.73,78.96,43.87,70
0.7,-0.29,0.85,7.93,70.21,51.65,70
0.55,-0.22,0.9,8.57,70.55,51.31,70
0.21,-0.31,1.01,-2.87,69.63,41.68,70
0.37,-0.51,1.03,-12.74,80.43,25.12,70
0.34,-0.53,1.03,-31.92,95.09,-1.04,70
0.25,-0.62,0.92,-58.26,102.59,-0.95,70
0.2,-0.57,0.81,-67.77,104.63,12.41,70
0.26,-0.16,0.6,-70.12,103.99,7.71,70
-0.03,0.1,-0.1,-88.75,92.29,-18.51,70
-0.33,0.3,-0.03,-94.73,45.58,-47.62,70
-0.09,-0.39,0.35,-54.73,-20.46,-71.16,70
-0.13,-0.56,0.26,-8.87,-20.15,-99.79,70
-0.05,-0.17,0.64,9.27,-65.27,-85.15,70
-0.02,-0.18,0.98,-2.2,-90.95,-38.29,70
0.24,-0.45,1.2,-14.33,-80.21,-43.08,70
1.19,-0.71,1.63,6.13,-66.4,-79.02,70
0.91,-0.23,1.27,12.16,4.91,-68.02,70
0.18,-0.09,0.92,-28.29,35.34,-4.3,70
-0.1,-0.27,0.55,-87.29,19.76,23.14,70
0.08,-0.46,0.31,-106.68,-9.91,-0.03,70
0.33,-0.55,0.29,-69.48,-39.33,-5.98,70
0.38,-0.44,0.38,-0.3,-53.81,18.41,70
0.33,-0.32,0.46,63.63,-61.04,28.23,70
0.45,-0.31,0.57,96.43,-70.98,12.44,70
0.63,-0.31,0.63,103.17,-76.19,4.09,70
0.7,-0.3,0.64,101.04,-74.21,15.18,70
0.69,-0.27,0.61,100.7,-66.65,22.99,70
0.7,-0.24,0.57,102.77,-55.58,17.07,70
0.74,-0.18,0.56,100.85,-43.48,6.19,70
0.78,-0.12,0.6,88.26,-32.1,-2.5,70
0.81,-0.1,0.62,63.72,-20.18,-10.55,70
0.83,-0.1,0.64,30.73,-5.37,-18.78,70
0.82,-0.13,0.6,-0.06,11.55,-22.41,70
0.81,-0.08,0.55,-17.41,28.14,-21.07,70
0.87,-0.14,0.5,-23.11,33.69,-19.88,70
1.19,-0.28,0.5,-11.86,18.41,-23.08,70
1.44,-0.29,0.6,22.56,-2.23,-22.84,70
1.53,-0.22,0.78,55.24,-18.26,-22.13,70
1.6,-0.1,0.92,53.81,-25.03,-22.93,70
1.62,0.01,0.87,12.71,-27.93,-18.48,70
1.61,0.02,0.7,-30.55,-36.13,-11.04,70
1.58,-0.02,0.6,-36.19,-51.62,-6.4,70
1.38,0.25,0.54,-5.55,-58.69,-5.49,70
1.03,0.53,0.43,16.25,-61.31,-16.46,70
0.83,0.33,0.44,21.89,-87.56,-39.51,70
0.82,0.1,0.45,51.4,-121.07,-57.62,70
0.96,-0.58,0.39,122.53,-128.87,-57.13,70
1.45,-0.47,0.54,183.63,-116.59,-22.62,70
1.16,0.38,0.43,156.16,-90.03,27.23,70
0.94,0.33,0.44,51.83,-79.63,13.54,70
0.98,-0.11,0.48,-26.34,-67.41,-19.48,70
0.98,-0.21,0.3,-52.87,-47.32,-17.16,70
0.94,0.09,0.37,-49.39,-37.41,-9.15,70
0.95,0.07,0.4,-38.35,-29.24,-10.15,70
0.98,0.11,0.43,-36.07,-22.35,-7.01,70
1.08,0.12,0.47,-29.79,-14.02,4.66,70
1.14,0.21,0.39,-28.29,4.51,15.55,70
0.9,0.13,0.18,-49.39,24.24,29.3,70
0.54,-0.28,0.14,-58.48,22.29,36.43,70
1,-0.4,0.37,-11.16,15.98,30.91,70
1.05,0.11,0.5,11.62,47.04,24.42,70
1,0.07,0.34,-40.4,59.45,28.93,70
0.56,-0.25,0.23,-91.74,68.02,33.11,70
1.01,-0.32,0.43,-62.77,58.63,31.77,70
0.94,-0.14,0.59,-16.89,83.9,25.88,70
0.96,0.05,0.66,-19.21,90,36.71,70
0.81,0.01,0.55,-47.8,103.26,55.27,70
0.71,-0.16,0.48,-59.79,101.25,69.45,70
0.62,-0.3,0.52,-33.26,95.21,77.26,70
0.53,-0.44,0.65,13.45,77.71,76.74,70
0.6,-0.5,0.82,62.04,51.74,69.79,70
0.8,-0.35,0.95,91.98,32.9,56.55,70
0.72,-0.22,0.93,77.35,20.37,37.8,70
0.58,-0.26,0.83,25.27,3.93,22.74,70
0.65,-0.28,0.72,-27.99,-4.05,13.96,70
0.75,-0.4,0.63,-56.37,-11.86,0.55,70
0.74,-0.49,0.55,-45.06,-13.99,-9.15,70
0.66,-0.4,0.57,-7.1,-12.01,-4.54,70
0.72,-0.28,0.71,22.99,-11.8,-0.24,70
0.7,-0.22,0.9,20.58,-6.86,-10.67,70
0.02,-0.32,0.81,-4.73,3.69,-17.44,70
-0.04,-0.51,1,-19.05,18.02,-10.06,70
0.37,-0.44,0.87,-46.07,17.56,-19.94,70
0.08,-0.3,0.63,-78.66,25.34,-23.41,70
0.1,-0.11,0.4,-76.43,14.33,-1.43,70
-0.41,0.08,0.19,-54.79,22.68,-0.46,70
-0.62,-0.3,0.27,-33.51,-7.1,-16.74,70
-0.09,-0.71,0.6,-6.28,-40.21,-25.7,70
0.35,-0.49,0.64,20.85,-36.98,-12.26,70
0.26,-0.23,0.68,36.59,-28.96,18.32,70
0.17,-0.09,0.69,30.12,-26.71,34.76,70
0.29,0,0.66,12.5,-21.65,18.57,70
0.38,-0.13,0.6,-3.69,-19.54,-4.05,70
0.49,-0.42,0.53,2.44,-18.11,-6.83,70
0.62,-0.6,0.51,29.3,-15.85,6.89,70
0.7,-0.55,0.48,60.15,-14.63,32.47,70
0.69,-0.39,0.51,85.7,-13.72,61.19,70
0.64,-0.22,0.54,97.26,-11.86,79.45,70
0.59,-0.12,0.53,101.1,-9.97,78.54,70
0.57,-0.12,0.48,105.67,-10.21,59.94,70
0.63,-0.13,0.51,112.56,-11.59,32.23,70
0.67,-0.12,0.52,110.98,-11.13,3.69,70
0.71,-0.14,0.55,95.95,-14.09,-23.29,70
0.81,-0.18,0.58,71.46,-16.52,-47.9,70
0.94,-0.18,0.62,44.82,-12.84,-67.99,70
1.19,-0.31,0.64,22.47,-6.62,-83.99,70
2.03,-0.78,0.97,11.22,-1.22,-93.57,70
2.36,-0.45,1,-13.66,35.27,-68.05,70
1.41,0.5,0.7,-93.93,69.27,-24.39,70
1.14,0.35,0.49,-155.4,54.97,-26.01,70
1.32,-0.3,0.31,-157.99,31.65,-62.2,70
1.74,-0.47,0.4,-111.92,-8.35,-54.36,70
2.41,-0.09,0.34,-6.31,-26.34,-7.35,70
3.01,-0.14,0.96,95.34,-20.58,-4.24,70
2.02,1.03,0.67,69.3,-11.04,5.4,70
0.21,1.71,0.34,-61.19,-35.21,21.01,70
0.07,-0.6,0.31,-61.55,-121.28,-19.91,70
0.75,-1.8,1.11,73.66,-116.68,-133.51,70
0.81,-0.84,1.05,158.2,-76.19,-49.02,70
0.21,0.37,0.66,116.86,-54.12,88.66,70
0.66,0.2,0.52,28.54,-71.01,29.85,70
1.26,0,0.37,-65.52,-67.5,-63.66,70
1.07,-0.14,0.08,-113.02,-55.49,-32.87,70
0.76,-0.21,0.1,-64.6,-45.3,-8.78,70
0.9,-0.05,0.38,13.63,-34.66,-26.07,70
0.97,0.26,0.54,15.18,-17.35,-12.35,70
0.91,0.25,0.45,-46.34,-7.16,12.93,70
0.98,-0.02,0.34,-77.2,-1.16,16.22,70
0.98,-0.14,0.28,-53.14,12.93,21.01,70
0.84,-0.13,0.16,-16.71,23.75,36.68,70
0.75,-0.26,0.43,8.14,18.05,43.02,70
0.97,-0.15,0.58,28.6,23.26,38.63,70
0.99,-0.12,0.61,19.27,47.56,33.38,70
0.9,-0.04,0.46,-18.41,64.24,37.56,70
0.71,-0.15,0.15,-59.73,74.88,44.09,70
0.46,-0.33,0.18,-75.15,65.21,40.82,70
0.95,-0.53,0.72,-38.84,44.6,31.46,70
0.99,-0.32,0.7,5.91,85.4,19.51,70
0.75,-0.22,0.59,-5.37,109.42,14.27,70
0.61,-0.31,0.58,-49.57,105.18,26.1,70
0.54,-0.37,0.56,-84.7,113.84,29.91,70
0.58,-0.4,0.54,-110.98,118.93,12.04,70
0.98,-1.14,-0.05,-59.66,140.61,-31.25,70
0.27,0.24,1.16,14.21,140.82,-36.77,70
0.47,-0.49,0.97,-123.2,76.43,5.61,70
0.74,-0.34,0.74,-152.23,87.2,-16.22,70
0.84,-0.22,0.6,-93.72,90.85,-20.37,70
0.64,-0.41,0.64,-21.86,94.45,-10.12,70
0.54,-0.35,0.85,15.82,88.45,-15.24,70
0.44,-0.29,0.92,4.15,76.59,-16.74,70
0.49,-0.36,0.95,-14.45,60.73,-9.42,70
0.51,-0.4,0.86,-10.4,52.07,-10.55,70
0.47,-0.5,0.84,6.92,43.87,-24.27,70
0.44,-0.52,0.87,14.7,40.12,-36.83,70
0.35,-0.54,0.92,5.3,33.14,-41.19,70
0.35,-0.52,0.89,-5.43,27.1,-36.98,70
0.1,-0.48,0.85,-14.97,22.01,-28.9,70
-0.28,-0.33,0.85,-18.26,23.29,-10.4,70
-0.22,-0.03,0.49,-5.03,37.87,9.02,70
-0.64,0.15,0.3,-18.75,51.28,-3.84,70
-0.9,-0.51,0.29,-55.98,12.44,-15.43,70
-0.26,-0.64,0.23,-46.16,-26.01,-0.06,70
-0.3,-0.39,0.29,-12.84,-27.04,29.66,70
-0.32,-0.47,0.66,19.79,-52.13,63.32,70
-0.11,-0.67,0.98,41.65,-51.95,66.31,70
0.17,-0.63,1.04,33.29,-42.32,64.6,70
0.19,-0.47,0.91,-3.93,-39.73,93.93,70
0.07,-0.31,0.6,-19.57,-43.63,115.15,70
0.01,-0.29,0.47,6.74,-55.73,80.03,70
0.16,-0.41,0.59,44.54,-76.92,19.73,70
0.51,-0.52,0.85,70.37,-94.51,-14.85,70
0.78,-0.52,0.94,82.2,-96.28,-23.78,70
0.84,-0.44,0.91,72.62,-94.3,-23.17,70
0.88,-0.33,0.83,45.43,-95.64,-20.95,70
0.96,-0.24,0.74,22.01,-93.69,-27.56,70
1,-0.24,0.66,16.92,-86.31,-38.99,70
1.05,-0.23,0.62,25.95,-74.45,-44.54,70
1.06,-0.18,0.6,34.82,-59.48,-44.27,70
1.04,-0.14,0.58,33.48,-43.6,-42.68,70
1.03,-0.09,0.58,23.05,-25.85,-37.71,70
0.99,-0.02,0.55,4.76,-3.48,-26.01,70
1.02,0.03,0.51,-22.41,15.43,-12.8,70
1.05,0.03,0.42,-52.44,26.59,-2.65,70
1.02,-0.12,0.35,-69.39,28.32,5.3,70
0.98,-0.16,0.3,-53.72,27.56,12.32,70
0.99,-0.19,0.32,-19.94,24.6,11.43,70
1.22,-0.28,0.35,15.21,5.58,1.49,70
1.43,-0.35,0.5,48.69,-15.18,-11.28,70
1.64,-0.43,0.64,59.21,-30.73,-19.33,70
2.15,-0.91,0.77,42.23,-42.1,-17.9,70
2.26,-0.4,1.19,22.23,-19.09,13.84,70
1.64,0.53,0.75,-7.53,27.99,48.99,70
0.67,0.54,0.82,-48.14,8.72,31.22,70
0.19,-0.94,0.92,-44.15,-64.36,-21.46,70
0.33,-1.47,1.12,54.94,-65.37,-70.37,70
0.59,-0.12,1.05,101.83,-51.28,-37.93,70
0.44,0.23,0.78,37.93,-50.88,29.02,70
0.76,-0.01,0.46,-62.77,-60.7,-0.67,70
1.06,-0.21,0.23,-114.27,-64.51,-49.36,70
0.93,-0.4,0.18,-83.41,-64.54,-35.21,70
0.77,-0.48,0.31,9.21,-55.52,-8.96,70
0.75,-0.22,0.5,77.62,-37.96,-13.05,70
0.81,0.02,0.62,61.28,-25.82,-15.3,70
0.85,0.05,0.52,-10.24,-19.27,0.52,70
0.72,-0.14,0.34,-67.53,-13.6,8.69,70
0.93,-0.37,0.42,-64.48,-18.11,4.82,70
0.92,-0.33,0.44,-24.97,3.08,5.88,70
0.88,-0.25,0.49,0.98,18.69,13.99,70
0.77,-0.14,0.47,-7.53,30.58,23.11,70
0.8,-0.17,0.4,-30.82,37.59,27.35,70
0.7,-0.32,0.38,-44.73,44.85,27.2,70
0.83,-0.42,0.45,-34.7,45.55,27.99,70
0.78,-0.4,0.51,-16.43,63.14,28.17,70
0.73,-0.33,0.59,-10.91,73.38,27.16,70
0.87,-0.61,0.75,-23.6,80.76,24.94,70
0.62,0.03,0.13,100.58,145.64,-10.73,70
0.61,-0.49,0.67,160,115.67,10.34,70
0.39,-0.11,0.89,153.14,98.63,-3.32,70
0.55,-0.12,0.84,126.1,88.02,-27.53,70
0.56,-0.1,0.85,98.38,75.49,-33.84,70
0.52,-0.01,0.91,53.35,56.49,-27.26,70
0.54,-0.04,0.86,-28.6,33.2,-17.93,70
0.54,-0.19,0.74,-90.37,20.91,-12.96,70
0.61,-0.3,0.69,-93.87,11.04,-10.12,70
0.53,-0.21,0.73,-79.6,5.03,-4.63,70
0.43,-0.1,0.82,-100.3,-7.38,0.3,70
0.74,-0.67,0.79,-165.46,-19.85,6.62,70
0.87,-0.85,0.54,-165.3,13.54,-24.27,70
0.79,-0.76,0.4,-82.32,45.06,-75.95,70
0.58,-0.57,0.55,4.54,66.65,-104.54,70
0.48,-0.35,0.8,30.4,79.15,-109.42,70
0.48,-0.23,0.89,-2.99,76.83,-111.07,70
0.48,-0.29,0.81,-44.48,73.6,-114.97,70
0.51,-0.42,0.74,-54.3,71.34,-115.4,70
0.52,-0.38,0.84,-40.03,71.37,-110.46,70
0.44,-0.25,0.88,-35.67,73.87,-103.14,70
0.4,-0.17,0.94,-47.53,76.13,-100.88,70
0.49,-0.2,0.82,-61.04,80.82,-107.44,70
0.55,-0.24,0.71,-60.58,82.32,-118.87,70
0.52,-0.26,0.71,-43.2,85.09,-116.01,70
0.49,-0.27,0.72,-26.31,89.42,-104.66,70
0.4,-0.25,0.75,-22.53,94.02,-98.26,70
0.36,-0.28,0.72,-31.77,97.1,-93.17,70
0.38,-0.31,0.66,-40.7,98.96,-88.14,70
0.42,-0.29,0.65,-45.79,96.4,-83.87,70
0.43,-0.2,0.64,-47.84,91.98,-80.09,70
0.34,-0.1,0.7,-45.55,89.3,-79.48,70
0.29,-0.01,0.73,-36.19,88.75,-83.96,70
0.25,-0.07,0.86,-15.37,92.96,-95.95,70
0.28,-0.18,1.08,14.18,99.05,-111.01,70
0.3,-0.19,1.15,34.51,111.01,-117.84,70
0.24,-0.21,1.27,26.8,119.82,-111.74,70
0.13,-0.13,1.15,-3.51,122.74,-101.4,70
0.1,-0.28,1.17,-31.37,110.12,-104.33,70
0.09,-0.22,1.1,-37.71,103.11,-114.3,70
0.02,-0.28,1.09,-31.89,104.05,-125.34,70
0.02,-0.28,1.13,-39.15,96.07,-137.5,70
-0.04,-0.2,1.09,-62.5,93.69,-135.03,70
-0.06,-0.24,1.01,-85.3,86.95,-124.48,70
-0.06,-0.28,0.97,-92.53,80.64,-118.6,70
-0.01,-0.21,1,-85.55,72.07,-110.7,70
0.03,-0.04,0.98,-76.28,61.01,-96.1,70
-0.02,0.07,0.98,-70.98,48.96,-78.38,70
0.02,0.08,1.09,-63.29,34.24,-69.09,70
0.23,-0.07,1.18,-41.52,23.2,-76.71,70
0.43,-0.09,1.19,-6.74,20.09,-79.18,70
0.31,0.1,1.08,11.86,17.26,-55.37,70
0.1,0.13,1.06,9.02,-0.09,-26.37,70
0.12,-0.02,1.03,12.9,-19.79,-22.99,70
0.17,-0.14,1.01,32.47,-27.77,-30.4,70
0.18,-0.21,0.98,52.68,-32.2,-19.94,70
0.16,-0.15,0.97,61.31,-34.48,-6.07,70
0.13,-0.21,0.9,58.23,-35.12,-5,70
0.13,-0.22,0.92,55.7,-33.87,-11.43,70
0.09,-0.31,0.92,49.09,-29.76,-17.99,70
0.13,-0.34,0.98,43.96,-25.37,-24.02,70
0.13,-0.37,0.97,37.1,-17.65,-29.79,70
0.11,-0.39,0.96,31.49,-10.43,-32.29,70
0.1,-0.28,0.96,20.34,-2.8,-30.21,70
0.09,-0.31,0.98,-4.82,0.79,-30.76,70
0.16,-0.29,0.97,-25,3.41,-32.47,70
0.21,-0.24,0.94,-32.65,9.48,-33.63,70
0.24,-0.16,0.9,-33.57,11.4,-35.43,70
0.23,-0.13,0.91,-33.9,10.58,-34.48,70
0.2,-0.1,0.92,-37.13,10.09,-33.32,70
0.15,-0.11,0.92,-38.99,9.51,-32.29,70
0.12,-0.11,0.98,-35.55,9.73,-32.1,70
0.17,-0.11,1.01,-29.02,9.66,-34.39,70
0.2,-0.14,1,-19.79,8.08,-35.18,70
0.19,-0.12,1.04,-10.06,6.28,-28.99,70
0.13,-0.11,1.03,-7.29,4.33,-22.01,70
0.11,-0.13,1.04,-7.77,2.29,-18.32,70
0.1,-0.17,1.03,-6.52,0.95,-14.79,70
0.15,-0.19,1,0.09,-1.37,-12.2,70
0.16,-0.17,0.98,7.59,-2.41,-7.2,70
0.16,-0.15,0.96,10.95,-3.35,-1.04,70
0.17,-0.15,0.95,10.06,-3.57,1.37,70
0.19,-0.16,0.94,8.66,-3.02,2.13,70
0.19,-0.17,0.94,8.96,-2.16,1.98,70
0.2,-0.18,0.96,10.03,-1.49,0,70
0.18,-0.18,0.97,10.06,-0.18,-2.35,70
0.16,-0.2,0.98,6.95,0.18,-3.57,70
0.16,-0.22,0.97,3.05,0.98,-4.33,70
0.16,-0.21,0.96,0.98,1.83,-3.69,70
0.17,-0.2,0.96,0.06,1.86,-2.9,70
0.17,-0.2,0.96,-0.24,2.13,-4.09,70
0.17,-0.19,0.97,0.27,2.23,-4.42,70
0.17,-0.18,0.97,0.37,2.32,-4.51,70
0.17,-0.18,0.97,-0.91,2.1,-4.85,70
0.16,-0.19,0.97,-1.65,1.49,-4.7,70
0.17,-0.19,0.97,-1.1,0.88,-4.97,70
0.17,-0.18,0.97,-0.3,0.46,-4.48,70
0.17,-0.18,0.97,-0.49,-0.21,-4.36,70
0.18,-0.18,0.98,-0.7,-0.49,-5.12,70
0.18,-0.18,0.96,-0.37,-0.37,-4.33,70
0.17,-0.17,0.96,0.18,-0.34,-3.11,70
0.18,-0.19,0.96,0.82,-0.43,-3.9,70
0.18,-0.17,0.97,0.4,-0.12,-3.84,70
0.17,-0.18,0.96,-0.85,-0.4,-3.54,70
0.17,-0.17,0.94,-1.55,-0.67,-4.76,70
0.17,-0.18,0.95,-1.31,-2.29,-4.97,70
0.2,-0.2,0.98,2.29,-3.66,-4.79,70
0.18,-0.15,0.98,5.3,-2.41,-4.45,70
0.18,-0.17,0.99,3.54,-2.9,-3.48,70
0.2,-0.18,0.98,2.56,-2.74,-4.02,70
0.17,-0.15,0.97,3.78,-2.29,-2.53,70
0.17,-0.17,0.98,3.96,-3.93,-1.83,70
0.19,-0.17,0.97,4.91,-5.03,-3.05,70
0.18,-0.18,0.98,6.92,-5.67,-1.59,70
0.17,-0.16,0.97,7.53,-5.91,-0.82,70
0.18,-0.19,0.98,6.13,-7.13,-1.25,70
0.2,-0.18,0.97,6.4,-6.89,-1.4,70
0.19,-0.17,0.96,6.68,-6.16,0.46,70
0.18,-0.16,0.96,5.58,-5.21,0.64,70
0.21,-0.18,0.96,3.6,-4.73,-0.64,70
0.2,-0.17,0.96,3.14,-3.23,-1.01,70
0.2,-0.18,0.96,3.17,-2.26,-1.01,70
0.19,-0.16,0.96,2.44,-1.13,-2.13,70
0.2,-0.18,0.97,0.37,-0.76,-2.87,70
0.19,-0.17,0.96,-1.1,0.15,-3.02,70
0.19,-0.17,0.97,-1.62,-0.03,-2.65,70
0.19,-0.17,0.96,-0.76,0.37,-2.99,70
0.19,-0.16,0.97,-0.03,0.34,-2.99,70
0.2,-0.16,0.96,-0.58,0.61,-2.62,70
0.2,-0.16,0.96,-1.46,0.49,-2.41,70
0.19,-0.16,0.97,-1.28,-0.03,-2.56,70
0.2,-0.17,0.97,0.3,-0.3,-2.77,70
0.19,-0.16,0.97,1.25,-0.27,-2.2,70
0.2,-0.16,0.97,1.01,-0.64,-1.4,70
0.2,-0.16,0.96,0.73,-0.37,-1.43,70
0.19,-0.15,0.96,0.52,-0.37,-1.16,70
0.2,-0.16,0.96,0.4,-0.67,-1.49,70
0.2,-0.18,0.96,1.01,-0.27,-1.95,70
0.19,-0.16,0.97,1.28,0.06,-1.49,70
0.2,-0.17,0.97,0.52,0.09,-1.16,70
0.2,-0.17,0.96,0.4,0.49,-1.19,70
0.2,-0.16,0.96,0.67,0.73,-1.25,70