0.86,-0.24,0.4,3.2,-1.59,-0.64,70
0.87,-0.27,0.39,11.19,-3.38,-2.9,70
0.87,-0.28,0.36,11.01,-2.44,-2.65,70
0.87,-0.27,0.36,8.41,-1.28,-2.56,70
0.87,-0.27,0.45,3.45,0,-2.38,70
0.88,-0.24,0.35,1.77,1.13,-2.04,70
0.89,-0.27,0.45,1.8,1.4,-1.74,70
0.89,-0.28,0.46,3.17,1.55,-1.13,70
0.89,-0.28,0.46,3.35,1.71,-0.76,70
0.88,-0.28,0.43,1.46,2.35,-0.27,70
0.88,-0.26,0.38,-1.04,3.23,0.18,70
0.88,-0.23,0.35,-2.01,2.62,0.12,70
0.86,-0.25,0.39,-0.98,1.68,0.3,70
0.93,-0.28,0.38,1.89,1.71,1.16,70
0.87,-0.23,0.34,2.53,-0.06,1.52,70
0.86,-0.23,0.34,2.35,-1.46,1.95,70
0.87,-0.23,0.4,3.57,-2.77,2.01,70
0.87,-0.22,0.36,6.74,-4.39,1.89,70
0.87,-0.23,0.39,9.6,-4.63,1.59,70
0.87,-0.24,0.39,9.3,-4.51,1.37,70
0.88,-0.21,0.4,4.21,-2.5,0.27,70
0.87,-0.19,0.43,-6.22,0.3,-0.91,70
0.88,-0.16,0.46,-21.98,6.59,-1.68,70
0.89,-0.16,0.47,-41.8,13.66,-1.34,70
0.91,-0.18,0.45,-52.87,18.29,3.78,70
0.9,-0.31,0.4,-28.51,19.48,12.53,70
0.87,-0.38,0.4,18.35,19.33,23.66,70
0.87,-0.38,0.53,40.73,24.24,28.66,70
0.85,-0.27,0.6,36.28,30,27.01,70
0.81,-0.27,0.64,31.07,33.96,24.97,70
0.78,-0.29,0.69,25.06,39.63,22.23,70
0.79,-0.23,0.75,3.87,49.02,19.82,70
0.76,-0.17,0.73,-20.49,55.85,13.9,70
0.73,-0.2,0.66,-32.2,57.71,7.74,70
0.73,-0.23,0.62,-32.65,57.59,4.79,70
0.72,-0.23,0.61,-30.12,56.83,3.96,70
0.69,-0.25,0.59,-27.53,55.24,4.24,70
0.67,-0.26,0.52,-22.71,53.17,5.46,70
0.64,-0.25,0.49,-16.77,51.71,5.24,70
0.63,-0.24,0.48,-10.7,49.15,1.16,70
0.64,-0.25,0.47,-4.76,46.13,-2.23,70
0.66,-0.27,0.48,-2.47,39.88,-5.61,70
0.69,-0.32,0.47,0.21,29.7,-8.41,70
0.77,-0.37,0.47,5.98,21.95,-10.76,70
0.83,-0.35,0.5,11.49,18.32,-14.88,70
0.85,-0.29,0.51,9.45,19.3,-21.65,70
0.82,-0.26,0.5,-0.82,19.6,-25.49,70
0.8,-0.26,0.51,-13.02,17.87,-23.99,70
0.78,-0.28,0.45,-16.77,12.5,-24.85,70
0.79,-0.28,0.43,-11.34,5.79,-29.09,70
0.79,-0.28,0.45,-7.01,-1.59,-32.16,70
0.81,-0.29,0.46,-5.12,-8.14,-35.76,70
0.8,-0.26,0.42,-4.05,-14.63,-39.27,70
0.76,-0.26,0.36,-4.85,-22.56,-38.99,70
0.78,-0.28,0.36,-0.73,-31.43,-37.44,70
0.78,-0.24,0.37,6.49,-35.27,-35.49,70
0.79,-0.19,0.37,11.07,-35.21,-33.32,70
0.78,-0.15,0.39,10.88,-31.4,-34.73,70
0.77,-0.14,0.39,2.1,-26.95,-37.01,70
0.81,-0.14,0.37,-11.01,-24.42,-37.68,70
0.86,-0.15,0.36,-21.49,-20.76,-36.25,70
0.91,-0.19,0.34,-27.07,-17.84,-34.57,70
0.95,-0.14,0.33,-31.98,-12.07,-31.01,70
0.95,-0.08,0.28,-48.96,-3.99,-26.28,70
0.94,-0.44,0.33,-74.7,6.1,-25.12,70
1.32,-0.81,0.64,-57.93,24.7,-11.68,70
1,-0.48,0.75,-17.53,63.69,31.34,70
0.82,-0.13,0.76,-26.49,73.48,63.02,70
0.67,0.18,0.6,-45.46,87.1,59.36,70
0.65,0.09,0.59,-43.26,92.71,35.64,70
1.01,-0.39,0.66,-23.51,98.05,22.74,70
1.07,-0.28,0.52,-17.84,108.35,35.95,70
0.69,-0.03,0.39,-31.92,99.48,59.51,70
0.53,-0.46,0.31,-14.33,77.29,59.39,70
0.65,-0.57,0.56,43.23,70.64,45.76,70
0.56,-0.52,0.73,86.28,74.82,45.46,70
0.52,-0.36,0.89,89.54,73.72,51.8,70
0.45,-0.37,0.94,65.4,76.34,41.01,70
0.48,-0.5,0.99,35.37,76.86,16.71,70
0.5,-0.53,1.02,7.29,78.45,-5.61,70
0.48,-0.55,1.01,-18.6,75.18,-22.04,70
0.5,-0.49,0.95,-33.81,65.61,-39.94,70
0.48,-0.42,0.92,-33.96,52.44,-59.66,70
0.43,-0.34,0.97,-23.23,35.55,-68.84,70
0.43,-0.24,1,-12.01,18.6,-64.66,70
0.42,-0.28,0.98,-6.22,0.58,-59.88,70
0.48,-0.34,0.94,3.11,-17.53,-58.26,70
0.51,-0.28,0.95,17.87,-29.91,-50.67,70
0.49,-0.22,0.94,26.4,-39.33,-35.82,70
0.39,-0.29,0.67,23.87,-44.39,-26.55,70
0.29,-0.61,0.66,19.09,-50.98,-21.1,70
0.33,-0.67,0.48,21.19,-51.71,2.8,70
-0.02,-0.52,0.43,31.98,-39.24,36.71,70
-0.28,-0.5,0.38,52.9,-40.12,62.8,70
-0.18,-0.34,0.57,74.48,-33.87,60.61,70
-0.11,-0.12,0.78,60.88,-19.21,52.71,70
-0.22,-0.24,0.7,18.02,-8.78,58.14,70
-0.19,-0.24,0.58,-14.66,-5.34,60.67,70
-0.16,-0.25,0.54,-26.74,-4.18,56.37,70
-0.07,-0.37,0.53,-26.95,-6.89,51.19,70
0.06,-0.42,0.57,-13.78,-8.99,47.84,70
0.18,-0.43,0.67,0.82,-10.67,48.38,70
0.27,-0.4,0.69,9.21,-8.57,50.4,70
0.31,-0.33,0.69,5.55,-7.13,53.84,70
0.32,-0.28,0.65,-6.01,-8.6,53.14,70
0.36,-0.28,0.61,-13.99,-13.02,44.79,70
0.38,-0.29,0.56,-15.79,-18.81,35.49,70
0.43,-0.32,0.55,-12.99,-27.74,26.31,70
0.5,-0.32,0.57,-4.6,-37.87,15.55,70
0.63,-0.3,0.64,7.68,-47.99,1.1,70
0.76,-0.24,0.67,16.77,-54.97,-13.26,70
0.84,-0.21,0.68,19.45,-59.88,-20.49,70
0.91,-0.2,0.67,19.51,-63.75,-21.8,70
1.09,-0.22,0.65,25.49,-68.75,-21.59,70
1.38,-0.18,0.68,38.72,-71.55,-25.3,70
1.65,-0.12,0.76,49.05,-70,-31.04,70
1.77,-0.1,0.81,43.81,-63.17,-32.65,70
1.73,-0.07,0.76,29.7,-51.89,-28.81,70
1.69,0,0.7,15.4,-34.91,-26.25,70
1.72,-0.03,0.6,-2.35,-24.88,-31.07,70
1.63,-0.06,0.55,-14.3,-21.31,-36.01,70
1.46,-0.06,0.49,-27.1,-19.27,-34.76,70
1.35,-0.16,0.42,-36.52,-23.35,-29.6,70
1.33,-0.33,0.39,-24.21,-33.96,-22.16,70
1.3,-0.4,0.33,12.5,-42.53,-11.01,70
1.22,-0.36,0.46,59.66,-45.98,3.02,70
1,-0.14,0.59,98.02,-47.59,15.24,70
0.77,0.01,0.67,90.21,-48.17,13.69,70
0.54,0.06,0.64,58.54,-43.75,-1.65,70
0.5,-0.22,0.59,22.35,-44.82,-21.4,70
0.61,-0.5,0.52,-3.05,-43.17,-26.52,70
0.6,-0.34,0.35,-16.28,-38.26,-17.65,70
0.76,-0.35,0.07,-22.16,-34.97,-16.52,70
1.25,-0.26,0.19,-23.17,-34.21,-20.46,70
1.29,0.29,0.5,-29.94,-22.56,-6.16,70
0.99,-0.1,0.57,-21.77,-2.56,-14.88,70
0.79,-0.28,0.6,11.22,8.32,-13.23,70
0.81,-0.13,0.69,30.82,5.52,12.13,70
0.89,-0.11,0.72,26.77,2.96,19.6,70
0.97,-0.08,0.64,21.4,7.74,21.34,70
0.82,-0.15,0.39,11.95,17.32,30.21,70
0.7,-0.36,0.34,4.21,16.31,30.12,70
0.86,-0.26,0.44,19.05,18.26,22.2,70
0.93,-0.23,0.56,27.71,26.89,19.27,70
0.96,0,0.62,18.11,46.62,21.37,70
0.7,-0.08,0.25,-18.87,68.6,28.05,70
0.73,-0.34,0.26,-35.67,63.05,30.24,70
0.72,-0.26,0.47,-1.55,67.47,30.09,70
0.88,-0.32,0.8,28.38,73.93,27.26,70
0.75,-0.19,0.77,17.04,96.13,19.15,70
0.6,-0.3,0.53,-22.59,105.64,16.55,70
0.54,-0.43,0.37,-44.21,99.36,10.55,70
0.68,-0.59,0.64,-11.65,88.93,-4.05,70
0.68,-0.49,0.8,35.7,98.08,-20.52,70
0.54,-0.38,0.86,43.29,109.24,-34.79,70
0.51,-0.31,0.89,10.52,104.76,-49.76,70
0.51,-0.34,0.9,-22.01,96.89,-66.74,70
0.48,-0.39,0.96,-27.84,87.23,-81.49,70
0.48,-0.35,1.02,-15.03,77.56,-88.96,70
0.43,-0.24,1.11,-10.09,64.94,-87.32,70
0.32,-0.27,1.14,-22.84,41.43,-70.58,70
0.32,-0.39,1.12,-35.88,14.15,-40.88,70
0.25,-0.29,1.06,-32.56,4.3,-12.53,70
0.11,-0.29,0.9,-11.68,-1.04,7.62,70
-0.01,-0.25,0.73,12.74,2.62,15.67,70
-0.17,-0.3,0.52,23.14,0.67,15.82,70
-0.12,-0.24,0.6,24.51,-10.85,29.6,70
-0.02,-0.15,0.68,14.7,-20,45.64,70
-0.06,-0.19,0.65,9.15,-22.93,47.59,70
-0.04,-0.12,0.65,16.74,-23.87,47.1,70
0.02,-0.06,0.7,14.76,-24.09,43.63,70
0.06,-0.13,0.7,-6.25,-25.49,36.95,70
0.16,-0.27,0.62,-24.63,-28.54,32.65,70
0.23,-0.35,0.6,-26.25,-31.37,35.03,70
0.32,-0.28,0.59,-13.69,-35.06,40.34,70
0.41,-0.18,0.6,5.15,-38.78,37.38,70
0.48,-0.14,0.61,19.76,-44.6,26.37,70
0.48,-0.13,0.6,22.04,-50.58,15.88,70
0.47,-0.2,0.56,11.65,-59.48,11.04,70
0.52,-0.25,0.52,2.04,-66.59,7.74,70
0.63,-0.21,0.54,2.93,-67.74,1.25,70
0.71,-0.18,0.53,8.96,-63.69,-11.8,70
0.74,-0.16,0.55,14.18,-57.71,-25.95,70
0.75,-0.15,0.54,12.35,-52.77,-35.24,70
0.78,-0.15,0.54,3.6,-49.05,-40.46,70
0.87,-0.1,0.55,-7.9,-42.1,-42.16,70
0.91,-0.11,0.54,-21.55,-33.2,-42.44,70
0.95,-0.08,0.56,-34.91,-23.69,-41.68,70
0.96,-0.05,0.6,-51.31,-13.63,-38.41,70
0.93,-0.02,0.61,-71.55,-2.74,-33.41,70
0.84,-0.03,0.59,-95.12,6.68,-23.05,70
0.83,-0.11,0.54,-109.6,11.16,-9.76,70
0.9,-0.22,0.5,-95.61,9.15,0.18,70
0.97,-0.27,0.55,-51.98,1.92,6.92,70
1.04,-0.23,0.67,-3.08,-1.71,11.43,70
1.26,-0.29,0.82,23.23,-3.2,12.1,70
1.7,-0.36,0.92,26.8,-2.68,11.43,70
2.1,-0.39,0.99,21.98,-0.06,13.54,70
1.99,-0.25,0.93,15.18,1.95,16.28,70
1.8,0.09,0.83,-6.19,10.03,14.24,70
1.32,0.25,0.72,-50.52,20.55,13.23,70
1.18,-0.24,0.54,-74.48,6.1,8.14,70
1.29,-0.38,0.35,-36.52,-14.51,-2.04,70
0.83,0,0.39,18.14,-32.16,5.3,70
0.38,-0.19,0.52,51.07,-53.51,-0.79,70
0.54,-0.8,0.85,83.63,-68.63,-30.12,70
0.57,-0.63,0.93,91.22,-47.1,-25.64,70
0.38,-0.17,0.7,31.16,-33.32,9.76,70
0.55,-0.2,0.4,-37.77,-32.65,0.52,70
0.89,-0.35,0.3,-75.52,-30.4,-36.19,70
1.14,-0.3,0.35,-86.4,-21.31,-40.98,70
1.01,-0.11,0.4,-84.27,-3.32,-26.71,70
0.83,-0.15,0.43,-62.68,10,-20.46,70
0.81,-0.17,0.46,-28.23,19.3,-16.89,70
0.82,-0.19,0.59,-8.2,21.43,-3.41,70
0.81,-0.17,0.62,-5.34,25.37,9.12,70
0.82,-0.25,0.59,-12.2,31.22,12.87,70
0.83,-0.24,0.54,-21.16,41.31,14.36,70
0.79,-0.26,0.47,-37.07,53.84,16.95,70
0.71,-0.34,0.36,-52.62,64.51,18.45,70
0.6,-0.47,0.33,-50.43,67.65,18.81,70
0.78,-0.39,0.49,-19.6,65.64,21.49,70
0.69,-0.29,0.59,7.68,76.04,22.68,70
0.73,-0.32,0.73,18.6,77.32,22.77,70
0.64,-0.29,0.69,13.11,89.24,24.09,70
0.57,-0.26,0.57,-2.41,94.7,28.26,70
0.56,-0.43,0.64,-13.78,87.26,28.14,70
0.66,-0.45,0.7,0.61,84.15,24.73,70
0.5,-0.47,0.69,25.67,90.4,25.06,70
0.48,-0.38,0.7,49.42,80.43,30.79,70
0.46,-0.35,0.87,57.56,67.8,31.86,70
0.57,-0.38,0.92,59.12,56.77,25.24,70
0.48,-0.35,0.96,57.5,53.2,13.29,70
0.44,-0.42,1.01,49.88,42.9,6.98,70
0.41,-0.39,0.99,36.04,36.37,-1.95,70
0.44,-0.39,0.94,22.01,21.55,-15.34,70
0.47,-0.42,0.91,20.95,4.79,-26.34,70
0.5,-0.33,0.93,29.76,-7.96,-34.18,70
0.46,-0.23,0.94,31.13,-18.32,-37.13,70
0.46,-0.21,0.88,23.87,-27.99,-36.22,70
0.49,-0.27,0.83,14.97,-32.84,-40.15,70
0.53,-0.33,0.81,10.98,-36.52,-46.28,70
0.51,-0.32,0.85,12.53,-36.37,-43.99,70
0.43,-0.3,0.84,12.71,-33.11,-38.05,70
0.43,-0.35,0.73,12.93,-27.29,-42.2,70
0.39,-0.54,0.77,7.41,-21.49,-48.54,70
0.49,-0.37,0.63,-1.68,-17.1,-34.97,70
0.16,-0.36,0.53,-2.47,-4.05,-14.15,70
-0.62,-0.42,0.21,18.41,7.23,6.1,70
-0.62,-0.3,0.58,56.83,-1.01,8.75,70
-0.24,-0.16,0.74,43.81,-2.07,-14.79,70
-0.12,-0.4,0.66,-8.14,-4.42,-16.34,70
-0.16,-0.41,0.59,-38.72,-13.14,19.09,70
-0.17,-0.39,0.59,-33.75,-17.62,35.55,70
-0.06,-0.45,0.66,-17.99,-19.76,25.09,70
0.09,-0.46,0.72,-9.82,-23.54,26.65,70
0.18,-0.46,0.74,-11.16,-28.69,38.6,70
0.33,-0.44,0.74,-12.71,-36.52,40.55,70
0.41,-0.38,0.75,-8.84,-40.73,37.44,70
0.41,-0.32,0.75,-10.76,-45.67,34.6,70
0.42,-0.33,0.72,-17.96,-51.62,31.68,70
0.46,-0.33,0.69,-17.32,-57.04,27.41,70
0.5,-0.3,0.66,-4.85,-59.39,19.88,70
0.56,-0.26,0.67,9.66,-61.65,8.02,70
0.65,-0.25,0.69,18.41,-64.45,-6.04,70
0.77,-0.26,0.69,23.02,-67.5,-16.65,70
0.9,-0.26,0.71,23.78,-64.6,-23.54,70
1.06,-0.21,0.74,15.43,-58.63,-28.75,70
1.18,-0.16,0.73,1.28,-48.38,-27.35,70
1.27,-0.12,0.71,-10.67,-35.79,-18.93,70
1.22,-0.03,0.68,-21.98,-17.71,-2.9,70
1.08,0.09,0.62,-40.18,2.93,15.82,70
0.92,0.15,0.45,-63.6,22.04,34.18,70
0.86,0.13,0.27,-68.6,24.27,49.94,70
0.95,0.04,0.25,-16.16,12.74,55.55,70
1.1,0.05,0.49,66.74,2.26,46.28,70
1.29,0.08,0.76,106.4,-2.77,29.39,70
1.42,0.08,0.82,81.77,-2.32,11.49,70
1.42,0.01,0.72,29.88,0.06,2.1,70
1.47,-0.08,0.63,-8.63,-1.52,-2.23,70
1.51,-0.1,0.6,-21.19,-7.23,-7.5,70
1.53,-0.15,0.53,-20.79,-18.96,-14.3,70
1.44,-0.26,0.54,-3.26,-34.57,-22.77,70
1.33,-0.33,0.56,16.16,-47.47,-24.82,70
1.19,-0.34,0.49,26.43,-57.2,-14.39,70
1.06,-0.28,0.39,38.48,-66.95,-1.71,70
0.98,-0.19,0.37,54.27,-74.66,5.24,70
0.84,-0.18,0.49,54.48,-68.26,5.85,70
0.71,-0.12,0.54,34.57,-58.41,-2.68,70
0.66,-0.13,0.56,16.55,-50.79,-16.62,70
0.55,-0.4,0.77,28.54,-44.76,-25.58,70
0.5,-0.51,1,64.6,-34.3,-25.79,70
0.49,-0.48,0.99,60.06,-25.4,-7.47,70
0.42,-0.24,0.74,21.19,-23.32,12.2,70
0.5,-0.21,0.4,-17.74,-27.04,10.18,70
0.72,0.04,0.3,-48.26,-33.87,-10.34,70
1.22,-0.28,-0.37,-64.7,-32.68,-32.26,70
1.76,-0.33,0.25,-35.61,-37.2,-36.55,70
1.41,0,0.47,25.95,-9.33,-7.41,70
0.85,-0.12,0.79,82.71,7.07,-7.56,70
0.65,-0.13,0.75,81.19,21.77,-3.69,70
0.89,0.06,0.67,27.99,19.54,20.46,70
0.83,-0.16,0.52,-7.29,21.89,26.83,70
1.05,-0.3,0.57,10.34,26.4,20.4,70
1,-0.06,0.52,30.3,52.07,30.58,70
0.45,-0.06,0.29,6.46,65.43,43.57,70
0.85,-0.34,0.45,5.43,42.44,44.3,70
0.78,-0.26,0.53,51.04,64.3,36.28,70
0.83,-0.1,0.64,69.05,73.11,34.42,70
0.73,-0.16,0.6,37.41,82.47,36.22,70
0.53,-0.21,0.46,-1.46,87.2,32.04,70
0.84,-0.44,0.71,-6.4,77.04,24.09,70
0.68,-0.24,0.62,13.02,102.99,15.24,70
0.66,-0.27,0.68,7.9,108.96,7.62,70
0.5,-0.28,0.64,-13.11,113.23,0.91,70
0.6,-0.45,0.83,-20.4,106.95,-10.4,70
0.53,-0.43,1,-9.54,113.78,-23.81,70
0.39,-0.49,1.08,-8.32,110.55,-34.79,70
0.54,-0.41,1.13,-18.54,95.91,-49.3,70
0.48,-0.38,1.09,-41.55,92.9,-71.37,70
0.24,-0.33,1.17,-78.81,88.75,-89.94,70
0.13,-0.3,1.32,-132.16,79.85,-88.69,70
0.16,-0.4,1.3,-177.59,77.74,-65.52,70
0.12,-0.6,1.07,-172.13,85.46,-37.62,70
-0.01,-0.67,0.78,-109.36,99.85,-19.63,70
-0.16,-0.22,0.6,-35.79,109.7,-8.96,70
-0.5,0.16,0.3,-21.28,101.86,-4.6,70
-0.44,-0.04,0.39,-52.65,51.07,-9.02,70
-0.16,-0.46,0.38,-78.63,9.39,-22.44,70
-0.05,-0.49,0.36,-72.07,-16.31,-14.76,70
-0.14,-0.35,0.43,-39.24,-40.73,18.96,70
-0.16,-0.32,0.55,-0.73,-58.63,33.14,70
-0.02,-0.39,0.72,32.9,-69.54,16.62,70
0.14,-0.4,0.8,45.15,-75.82,6.19,70
0.19,-0.37,0.79,28.08,-86.59,18.02,70
0.24,-0.35,0.73,-2.65,-102.5,25.88,70
0.32,-0.43,0.62,-21.37,-116.65,16.62,70
0.49,-0.53,0.52,-9.24,-129.85,3.6,70
0.66,-0.48,0.5,28.41,-135.7,-8.81,70
0.75,-0.37,0.55,67.62,-131.1,-19.85,70
0.77,-0.25,0.57,89.39,-119.73,-25.46,70
0.74,-0.2,0.53,87.47,-106.92,-26.71,70
0.74,-0.22,0.45,72.44,-94.73,-26.65,70
0.82,-0.19,0.41,65.03,-84.05,-25.95,70
0.92,-0.15,0.46,68.69,-71.77,-27.56,70
0.98,-0.09,0.55,68.51,-55.49,-28.35,70
0.94,0.02,0.6,46.89,-34.18,-22.68,70
0.87,0.13,0.6,-3.51,-10.21,-13.45,70
0.84,0.06,0.54,-70.79,7.68,-5.15,70
0.88,-0.11,0.42,-117.47,15.49,8.38,70
0.78,-0.07,0.48,-118.96,20.37,24.94,70
0.69,-0.18,0.43,-89.45,26.07,34.91,70
0.77,-0.09,0.57,-55.43,29.09,41.86,70
0.75,-0.26,0.55,-40.55,31.01,37.71,70
0.95,-0.52,0.54,-15.34,13.84,32.53,70
1.15,-0.63,0.67,36.71,5.55,36.49,70
1.36,-0.36,0.84,74.66,1.95,31.98,70
1.43,-0.11,0.9,64.27,1.28,13.54,70
1.62,-0.17,0.85,27.1,-11.59,-18.99,70
1.65,-0.37,0.76,3.57,-32.96,-45.37,70
1.46,-0.36,0.74,6.55,-46.01,-49.39,70
1.31,-0.22,0.7,5.3,-50.06,-43.2,70
1.19,-0.19,0.56,-3.72,-59.12,-38.99,70
1.1,-0.34,0.51,8.96,-72.44,-34.63,70
1.03,-0.59,0.65,51.04,-81.49,-26.4,70
0.98,-0.5,0.69,105.09,-76.31,-5.91,70
0.8,-0.03,0.9,143.72,-56.74,22.68,70
0.6,0.38,0.85,134.82,-38.6,31.13,70
0.39,0.29,0.7,65.52,-37.5,8.99,70
0.5,-0.16,0.6,-6.22,-47.8,-17.2,70
0.77,-0.82,0.29,-17.47,-51.92,-26.1,70
1.08,-0.7,0.24,13.26,-49.88,-5.61,70
0.97,-0.03,0.18,26.95,-42.16,26.4,70
0.93,0.03,0.4,27.56,-33.9,19.54,70
1,-0.08,0.56,10.34,-10.24,-9.09,70
0.86,-0.19,0.49,-34.42,14.15,-9.12,70
0.8,-0.26,0.39,-72.44,20.09,6.46,70
0.83,-0.26,0.42,-64.85,27.07,8.69,70
0.92,-0.2,0.48,-34.15,39.7,5.88,70
0.88,-0.14,0.51,-25.4,56.68,9.09,70
0.79,-0.15,0.44,-42.47,66.74,16.59,70
0.82,-0.27,0.41,-50.64,67.1,22.47,70
0.68,-0.29,0.37,-33.69,72.84,25.88,70
0.78,-0.36,0.53,-4.91,70.67,25.3,70
0.75,-0.4,0.64,11.62,86.62,17.77,70
0.57,-0.43,0.6,-4.94,102.47,1.65,70
0.6,-0.45,0.65,-41.68,96.92,-10.43,70
0.59,-0.46,0.79,-61.59,94.91,-13.84,70
0.68,-0.35,0.81,-49.09,98.87,-17.9,70
0.63,-0.31,0.8,-28.84,105.79,-19.51,70
0.67,-0.21,0.84,-17.38,100.55,-10.67,70
0.57,-0.23,0.85,-14.66,96.25,0.12,70
0.49,-0.33,0.91,-9.79,88.02,9.3,70
0.41,-0.44,1.02,-2.71,80.15,16.34,70
0.35,-0.55,1.17,1.65,73.26,22.23,70
0.25,-0.7,1.23,-1.49,70.85,26.83,70
-0.19,-0.76,1.22,-15.98,76.16,26.62,70
-0.33,-0.74,1.06,-31.62,79.76,25.3,70
-0.43,-0.34,0.74,-47.38,96.49,13.87,70
-0.58,-0.29,0.39,-68.72,90,-2.99,70
-0.34,-0.66,0.49,-72.35,56.01,-8.29,70
0.07,-0.89,0.51,-30.95,39.79,8.84,70
0.07,-0.67,0.34,30.85,47.47,32.53,70
-0.03,-0.07,0.27,64.36,32.65,44.21,70
-0.2,0.19,0.47,45.88,-0.15,31.1,70
-0.22,-0.09,0.57,3.78,-31.1,1.77,70
-0.09,-0.29,0.62,-37.84,-51.19,-28.66,70
0.06,-0.5,0.72,-70.15,-74.79,-40.24,70
0.23,-0.64,0.66,-82.44,-93.78,-30.88,70
0.35,-0.71,0.59,-62.87,-97.44,-13.57,70
0.41,-0.61,0.57,-15.49,-95,-2.2,70
0.41,-0.34,0.58,33.78,-91.92,-1.8,70
0.47,-0.19,0.66,55.09,-94.12,-13.17,70
0.59,-0.15,0.61,36.65,-100.46,-29.7,70
0.65,-0.22,0.5,-3.32,-105.27,-36.19,70
0.73,-0.41,0.34,-26.77,-108.93,-34.05,70
0.81,-0.45,0.24,-9.76,-103.2,-30.79,70
0.84,-0.33,0.27,35.58,-91.98,-27.2,70
0.84,-0.17,0.37,74.79,-76.25,-22.13,70
0.82,-0.06,0.42,81.52,-60.27,-17.13,70
0.83,-0.06,0.45,60.4,-49.02,-11.98,70
0.91,-0.08,0.49,31.28,-37.41,-4.39,70
0.98,-0.09,0.48,7.71,-22.71,4.27,70
1,-0.09,0.47,-12.23,-8.87,12.32,70
1.05,-0.1,0.49,-26.62,-2.44,23.41,70
1.13,-0.19,0.47,-24.12,-6.74,33.02,70
1.18,-0.21,0.52,5.15,-17.44,39.82,70
1.26,-0.18,0.62,37.04,-24.76,35.21,70
1.4,-0.21,0.69,43.38,-29.94,16.22,70
1.51,-0.19,0.7,37.32,-33.45,-5.98,70
1.59,-0.15,0.74,33.75,-33.93,-25.49,70
1.66,-0.12,0.73,21.59,-36.1,-37.71,70
1.6,-0.16,0.65,3.87,-44.63,-41.46,70
1.46,-0.2,0.53,-4.94,-57.44,-38.32,70
1.34,-0.2,0.41,6.19,-70.88,-31.77,70
1.2,-0.23,0.32,43.02,-85.12,-29.05,70
1.09,-0.52,0.57,108.93,-97.53,-28.02,70
1.05,-0.65,1.03,198.48,-90.76,-16.31,70
0.85,-0.44,1.28,223.72,-62.62,17.59,70
0.57,0.26,1.08,149.82,-38.29,42.84,70
0.44,-0.03,0.79,30.55,-30.49,16.98,70
0.79,-0.63,0.34,-76.59,-35.15,-16.4,70
0.98,-0.34,-0.03,-126.13,-41.92,-7.53,70
1.01,-0.26,-0.05,-92.1,-37.38,-15.49,70
0.97,-0.14,0.18,-30.55,-24.18,-38.11,70
0.9,-0.08,0.41,-10.03,-11.31,-31.04,70
0.95,-0.01,0.5,-24.57,2.53,-19.45,70
1.02,-0.08,0.46,-33.23,17.07,-10.55,70
0.95,-0.14,0.43,-23.69,29.57,1.83,70
0.98,-0.15,0.43,-8.02,42.5,11.68,70
0.96,-0.16,0.38,-13.14,59.15,16.49,70
0.73,-0.21,0.3,-38.87,75.64,18.78,70
0.77,-0.33,0.24,-54.09,77.2,17.56,70
0.84,-0.36,0.4,-35.18,83.23,12.8,70
0.78,-0.25,0.52,-9.57,96.65,8.81,70
0.86,-0.31,0.66,-4.73,105.95,7.53,70
0.69,-0.19,0.66,-17.07,121.8,10.88,70
0.75,-0.15,0.55,-35.49,124.21,21.98,70
0.49,-0.21,0.46,-41.86,124.82,28.45,70
0.71,-0.36,0.61,-13.63,103.38,33.87,70
0.65,-0.41,0.91,36.59,103.35,36.1,70
0.57,-0.37,1.01,67.99,105.82,39.12,70
0.45,-0.31,1.03,54.91,105.21,40,70
0.46,-0.36,0.96,18.96,92.53,36.98,70
0.45,-0.46,0.86,-5.98,76.34,21.04,70
0.47,-0.58,0.83,-10.91,54.73,-4.3,70
0.55,-0.53,0.9,-7.62,35.98,-29.51,70
0.53,-0.4,0.88,-15.52,24.73,-47.99,70
0.47,-0.35,0.89,-32.01,9.48,-57.01,70
0.48,-0.32,0.9,-41.4,-2.96,-59.39,70
0.48,-0.33,0.92,-38.87,-11.59,-60.95,70
0.48,-0.37,0.87,-28.51,-17.44,-59.91,70
0.46,-0.49,0.87,-16.04,-20.43,-53.69,70
0.39,-0.57,1.03,-5.76,-21.37,-37.84,70
0.38,-0.29,0.98,-1.46,-18.29,-11.89,70
-0.05,-0.29,0.37,-11.22,-5.27,4.48,70
-0.46,-0.86,0.25,-6.28,-15.3,16.34,70
-0.19,-0.36,0.33,30.09,-35.37,48.26,70
-0.38,0.03,0.3,55.61,-32.29,76.19,70
-0.25,-0.12,0.7,87.01,-41.59,72.53,70
-0.15,-0.32,0.8,90.4,-24.21,49.18,70
-0.07,-0.24,0.75,44.79,-17.93,61.07,70
-0.13,-0.26,0.63,-8.23,-19.57,92.87,70
-0.03,-0.39,0.56,-26.19,-21.34,96.4,70
0.21,-0.51,0.59,-3.08,-20.21,86.13,70
0.38,-0.49,0.62,29.63,-11.16,90.09,70
0.37,-0.38,0.59,44.51,-1.55,106.07,70
0.34,-0.35,0.55,43.2,-0.95,115.34,70
0.39,-0.35,0.55,39.18,-3.54,109.27,70
0.46,-0.33,0.58,37.68,-5.15,96.13,70
0.56,-0.27,0.6,35.09,-6.52,75.46,70
0.66,-0.26,0.62,22.84,-5.03,47.04,70
0.72,-0.23,0.63,-1.37,2.71,19.33,70
0.73,-0.17,0.64,-32.23,11.37,-2.84,70
0.77,-0.12,0.65,-60.06,17.65,-20.12,70
0.9,-0.07,0.63,-74.09,27.04,-32.41,70
0.95,-0.02,0.64,-81.92,39.79,-45.7,70
1.04,-0.04,0.67,-96.19,42.56,-60.79,70
1.21,-0.15,0.72,-104.66,41.46,-73.41,70
1.39,-0.32,0.81,-88.78,41.89,-80.98,70
1.52,-0.42,0.89,-58.72,37.04,-81.71,70
1.57,-0.45,0.97,-37.23,25.52,-75.55,70
1.57,-0.48,1.01,-26.86,14.66,-70.82,70
1.55,-0.49,1.01,-24.33,7.87,-76.59,70
1.47,-0.46,1.01,-34.82,0.09,-83.23,70
1.26,-0.62,0.94,-50.46,-8.17,-83.81,70
1.2,-1.93,0.91,-40.3,-24.39,-77.71,70
1.25,-1.42,0.87,16.31,-23.23,-19.79,70
0.53,-0.02,0.74,44.45,-15.73,62.32,70
0.1,-0.35,0.8,33.35,-34.94,50.61,70
0.43,-0.53,0.82,15.09,-46.95,-12.77,70
0.36,-0.01,0.76,3.38,-40.24,-10.98,70
0.14,0.04,0.59,18.41,-37.41,-4.6,70
0.37,-0.11,0.69,37.9,-36.46,-58.87,70
0.89,-0.28,1.12,10.55,-27.2,-80.64,70
1.2,-0.86,0.83,-55.12,-4.76,-54.27,70
0.89,-0.17,0.5,-119.21,8.63,-6.77,70
0.68,-0.15,0.26,-113.75,16.34,32.32,70
0.96,-0.29,0.28,-67.62,25.88,-10.12,70
1.06,-0.23,0.21,-42.74,33.57,-42.74,70
0.75,-0.33,0.13,-38.69,29.66,-11.59,70
0.62,-0.56,0.24,-1.86,21.77,7.96,70
0.61,-0.55,0.56,59.76,29.05,-0.27,70
0.54,-0.4,0.84,85.76,44.36,11.4,70
0.46,-0.35,0.93,59.6,61.37,27.56,70
0.45,-0.36,0.87,15.82,79.79,24.63,70
0.48,-0.47,0.73,-20.43,95.34,14.05,70
0.5,-0.51,0.61,-36.74,105.91,8.93,70
0.52,-0.54,0.58,-33.35,112.96,5.98,70
0.51,-0.55,0.59,-18.2,119.88,-1.71,70
0.45,-0.6,0.66,-1.62,126.89,-11.65,70
0.37,-0.65,0.78,12.26,132.99,-19.54,70
0.31,-0.61,0.85,21.22,136.52,-29.09,70
0.24,-0.61,0.87,22.35,134.42,-44.27,70
0.23,-0.68,0.97,18.23,125.24,-67.77,70
0.22,-0.61,1.04,6.46,113.81,-91.62,70
0.19,-0.56,1.17,-15.24,90.7,-108.9,70
0.23,-0.44,1.24,-32.59,60.91,-120.79,70
0.24,-0.25,1.19,-39.45,32.65,-125.34,70
0.17,-0.18,1.21,-34.3,4.79,-118.54,70
0.11,-0.11,1.2,-19.57,-15.12,-106.31,70
0.15,-0.14,1.14,-7.65,-31.43,-96.37,70
0.26,-0.17,1.04,-7.62,-45.58,-85.82,70
0.37,-0.17,0.95,-18.05,-56.86,-68.05,70
0.39,-0.17,0.84,-29.12,-59.48,-49.48,70
0.43,-0.21,0.75,-34.12,-56.52,-42.87,70
0.54,-0.26,0.67,-31.4,-50.06,-44.54,70
0.6,-0.29,0.58,-22.84,-41.1,-44.6,70
0.6,-0.35,0.51,-12.38,-34.24,-40.7,70
0.63,-0.38,0.49,-4.39,-30.27,-35.79,70
0.67,-0.35,0.51,-4.63,-28.69,-30.37,70
0.71,-0.39,0.47,-9.54,-29.21,-29.09,70
0.72,-0.45,0.51,-6.98,-32.53,-37.41,70
0.67,-0.43,0.69,5.15,-33.72,-45.64,70
0.51,-0.21,0.68,16.25,-23.11,-45.03,70
0.36,-0.21,1.06,9.15,-18.29,-42.8,70
0.34,-0.09,1.03,-10.21,-0.79,-44.24,70
0.4,-0.32,0.89,-27.35,14.15,-52.59,70
0.61,-0.37,0.86,-49.21,14.27,-55.43,70
0.62,-0.24,0.78,-70.73,11.8,-34.39,70
0.51,-0.3,0.74,-69.42,10.18,-23.51,70
0.53,-0.41,0.79,-51.19,8.45,-44.02,70
0.59,-0.41,0.86,-42.74,3.99,-50.24,70
0.52,-0.39,0.84,-47.53,1.37,-35.58,70
0.5,-0.44,0.83,-52.71,-2.26,-36.28,70
0.55,-0.42,0.8,-53.45,-3.14,-43.96,70
0.53,-0.42,0.77,-56.22,-2.01,-43.93,70
0.54,-0.4,0.75,-64.09,-0.4,-45,70
0.53,-0.43,0.71,-72.16,1.46,-44.73,70
0.51,-0.4,0.68,-75.79,7.68,-38.41,70
0.52,-0.4,0.69,-80.37,12.9,-33.45,70
0.54,-0.39,0.69,-83.45,18.51,-29.82,70
0.53,-0.4,0.61,-80.24,23.9,-25.06,70
0.47,-0.43,0.56,-69.21,28.81,-21.95,70
0.56,-0.54,0.63,-50.46,33.29,-21.95,70
0.66,-0.64,0.82,-44.7,35.73,-23.96,70
0.69,-0.65,0.95,-56.92,42.29,-10.43,70
0.55,-0.6,0.84,-78.26,59.57,9.27,70
0.52,-0.6,0.79,-84.27,67.93,9.15,70
0.49,-0.37,0.72,-64.7,77.04,-4.85,70
0.39,0.01,0.72,-42.16,84.85,-12.8,70
0.33,0.07,0.69,-46.77,83.66,-31.37,70
0.53,-0.33,0.72,-58.2,71.77,-68.99,70
0.65,-0.49,0.76,-56.71,66.16,-81.16,70
0.54,-0.42,0.76,-51.13,63.72,-54.45,70
0.43,-0.38,0.76,-49.91,57.47,-40.27,70
0.43,-0.44,0.78,-46.22,50.95,-49.05,70
0.44,-0.49,0.8,-42.53,49.54,-51.59,70
0.42,-0.49,0.76,-46.34,50.09,-47.07,70
0.4,-0.5,0.7,-57.65,48.17,-47.07,70
0.4,-0.55,0.65,-64.6,44.82,-49.79,70
0.4,-0.55,0.65,-62.9,42.62,-50.27,70
0.38,-0.55,0.66,-57.29,42.13,-48.69,70
0.37,-0.59,0.65,-50.88,44.18,-51.49,70
0.38,-0.53,0.63,-46.46,46.25,-58.6,70
0.34,-0.55,0.58,-52.41,45.88,-64.54,70
0.31,-0.65,0.45,-67.68,38.26,-68.29,70
0.3,-0.81,0.48,-84.45,24.7,-65.06,70
0.24,-0.9,0.44,-89.09,12.26,-50.37,70
0.3,-0.79,0.38,-70.49,0.85,-39.54,70
0.08,-0.63,0.56,-53.66,-8.87,-44.91,70
0.25,-0.59,0.89,-39.54,-16.25,-49.18,70
0.39,-0.42,1.32,-23.66,11.92,-57.84,70
0.28,-0.38,1.14,-29.33,53.93,-78.87,70
0.12,-0.55,0.83,-36.65,83.72,-100.55,70
0.25,-0.67,0.72,-46.19,82.07,-102.62,70
0.31,-0.73,0.61,-70.12,70.18,-82.32,70
0.36,-0.76,0.54,-88.69,50.67,-59.88,70
0.39,-0.72,0.52,-83.75,35.73,-45.88,70
0.37,-0.6,0.57,-64.51,27.16,-37.2,70
0.26,-0.54,0.71,-46.34,22.35,-30.88,70
0.23,-0.54,1.02,-32.13,17.87,-27.77,70
0.48,-0.52,1.27,-16.19,27.5,-35.49,70
0.53,-0.41,1.34,1.71,62.5,-58.87,70
0.34,-0.38,1.25,-0.03,97.41,-74.33,70
0.19,-0.45,1.04,-24.21,123.2,-64.54,70
0.26,-0.54,0.87,-47.16,135.85,-37.53,70
0.51,-0.52,0.74,-51.43,136.1,-7.96,70
0.61,-0.36,0.7,-52.32,128.17,6.68,70
0.52,-0.24,0.64,-69.39,114.79,-3.48,70
0.4,-0.2,0.53,-95.7,104.48,-24.88,70
0.28,-0.31,0.48,-110.46,95.27,-37.74,70
0.33,-0.29,0.26,-102.23,78.57,-41.98,70
0.2,-0.43,0.57,-96.28,55.46,-49.88,70
0.41,-0.77,0.56,-88.29,28.66,-48.69,70
0.43,-0.9,0.68,-60.7,37.47,-35.09,70
0.31,-0.71,0.68,-40.4,42.56,-17.74,70
0.23,-0.5,0.74,-40.82,32.23,-7.04,70
0.36,-0.35,0.72,-43.35,26.68,-10.82,70
0.41,-0.21,0.69,-32.71,33.14,-39.39,70
0.39,-0.2,0.69,-18.93,34.54,-78.11,70
0.42,-0.29,0.73,-18.54,23.78,-106.16,70
0.52,-0.38,0.76,-34.57,2.1,-112.9,70
0.54,-0.35,0.76,-59.05,-29.6,-94.94,70
0.53,-0.32,0.77,-73.99,-55.3,-72.04,70
0.5,-0.29,0.74,-64.18,-54.85,-72.56,70
0.52,-0.34,0.71,-33.38,-41.1,-103.81,70
0.61,-0.39,0.65,3.41,-28.75,-139.88,70
0.71,-0.41,0.63,27.93,-25.15,-150.27,70
0.7,-0.4,0.6,29.33,-26.77,-137.56,70
0.68,-0.35,0.57,16.89,-31.62,-126.77,70
0.72,-0.28,0.52,8.51,-31.49,-133.57,70
0.76,-0.25,0.55,2.16,-25.21,-149.6,70
0.8,-0.2,0.54,-9.94,-22.9,-159.27,70
0.83,-0.23,0.5,-19.88,-24.85,-158.72,70
0.89,-0.23,0.48,-15.06,-29.12,-155.15,70
0.98,-0.2,0.51,-2.96,-36.07,-150.06,70
1.07,-0.2,0.57,1.28,-42.77,-140.61,70
1.14,-0.24,0.57,-0.15,-48.72,-127.29,70
1.19,-0.24,0.49,0.64,-49.09,-113.14,70
1.09,-0.19,0.48,3.11,-42.99,-99.48,70
0.97,-0.12,0.46,1.19,-35.91,-89.3,70
0.89,-0.14,0.44,-4.51,-28.45,-83.45,70
0.94,-0.27,0.46,-5.61,-25.64,-78.11,70
1.03,-0.32,0.46,3.75,-24.21,-67.99,70
1.06,-0.29,0.43,13.2,-24.09,-60.37,70
1.08,-0.27,0.4,12.9,-26.55,-58.69,70
1.1,-0.28,0.43,8.2,-28.84,-56.95,70
1.15,-0.27,0.41,-0.7,-31.37,-57.93,70
1.11,-0.21,0.39,-21.8,-28.72,-56.65,70
1.02,-0.18,0.25,-52.9,-29.73,-56.49,70
0.95,-0.22,0.17,-65.4,-33.87,-61.34,70
0.96,-0.25,0.29,-40.55,-42.1,-66.25,70
0.88,-0.23,0.37,-2.2,-42.44,-64.12,70
0.74,-0.06,0.22,6.34,-42.71,-55.15,70
0.74,-0.14,0.15,11.31,-52.93,-53.66,70
0.97,0.04,0.31,38.14,-59.3,-59.73,70
1.15,-0.02,0.22,42.26,-55.37,-60.15,70
1.38,-0.26,0.45,38.6,-55.88,-46.86,70
1.16,0.34,0.51,31.62,-33.84,-16.1,70
1.02,0.37,0.43,-6.59,-13.05,-16.16,70
0.99,0.15,0.32,-47.96,-4.09,-18.2,70
0.96,0.04,0.16,-53.75,5.82,-5.82,70
0.96,0.01,0.15,-31.55,10.61,1.19,70
1,0.03,0.24,-16.07,17.47,5.55,70
1.01,0.08,0.24,-22.53,30.7,11.22,70
0.98,0.04,0.19,-38.9,44.91,16.92,70
0.96,-0.02,0.13,-45.24,57.93,21.28,70
0.9,-0.05,0.15,-36.92,68.2,25.18,70
0.89,-0.03,0.26,-22.32,73.32,28.14,70
0.95,-0.1,0.37,-13.57,82.16,25.43,70
0.98,-0.09,0.4,-17.32,94.05,20.06,70
0.83,-0.18,0.3,-30.15,102.44,21.52,70
0.66,-0.24,0.24,-28.45,100.24,20.34,70
0.83,-0.3,0.48,1.71,90.61,10.03,70
0.93,-0.1,0.68,36.37,102.77,1.04,70
0.86,0.04,0.63,30.34,118.69,-2.47,70
0.7,0.03,0.52,-12.9,121.52,-3.51,70
0.78,-0.19,0.56,-39.79,114.27,-5.98,70
0.77,-0.2,0.62,-27.74,121.43,-7.59,70
0.67,-0.17,0.59,-7.59,126.13,-3.75,70
0.56,-0.29,0.68,3.45,113.05,-5.67,70
0.63,-0.36,0.9,17.07,93.54,-18.87,70
0.63,-0.25,1.09,17.71,83.72,-41.43,70
0.6,-0.18,1.15,-16.49,68.11,-68.81,70
0.53,-0.14,0.99,-63.72,44.39,-87.5,70
0.55,-0.05,0.92,-95.49,17.47,-73.29,70
0.54,0.09,0.9,-110.79,-1.55,-48.38,70
0.46,0.15,0.77,-101.25,-11.49,-43.41,70
0.37,-0.01,0.68,-60.06,-15.12,-54.91,70
0.47,-0.27,0.81,-10,-20.91,-69.18,70
0.63,-0.37,0.97,12.5,-19.33,-69.48,70
0.55,-0.44,1.01,-7.53,-11.62,-46.1,70
0.39,-0.52,0.91,-48.2,-4.12,-7.35,70
0.25,-0.44,0.62,-68.11,17.13,25.52,70
0.13,-0.2,0.56,-57.56,38.32,37.9,70
-0.11,-0.22,0.31,-53.78,54.18,31.86,70
-0.28,-0.21,0.14,-39.63,53.51,27.38,70
-0.07,-0.46,0.39,-16.16,26.92,25.95,70
0.21,-0.58,0.67,2.5,13.14,35.03,70
0.23,-0.31,0.82,14.24,18.29,69.7,70
0.09,-0.1,0.86,-2.53,22.38,99.24,70
0.07,-0.1,0.8,-37.62,21.98,96.8,70
0.13,-0.18,0.69,-68.14,14.51,89.15,70
0.16,-0.21,0.6,-70.76,5.24,96.59,70
0.2,-0.16,0.62,-42.5,-1.89,101.28,70
0.29,-0.12,0.7,-5.21,-7.59,88.84,70
0.38,-0.12,0.75,20.37,-9.45,72.38,70
0.38,-0.14,0.75,22.62,-8.45,64.73,70
0.43,-0.17,0.75,9.05,-14.33,63.57,70
0.57,-0.14,0.73,3.35,-19.57,59.54,70
0.65,-0.11,0.74,16.31,-20.3,48.05,70
0.68,-0.09,0.73,34.6,-18.93,31.34,70
0.72,-0.1,0.71,39.02,-22.8,12.84,70
0.82,-0.18,0.71,31.25,-32.9,-1.4,70
1.02,-0.19,0.69,27.35,-43.02,-12.71,70
1.14,-0.19,0.71,35.12,-50.73,-25.55,70
1.19,-0.21,0.71,48.87,-55.91,-40.85,70
1.31,-0.3,0.69,62.84,-62.56,-60.4,70
1.54,-0.38,0.67,73.69,-71.19,-78.29,70
1.89,-0.33,0.79,75.15,-79.18,-87.71,70
2.09,-0.28,0.88,56.71,-82.62,-92.41,70
2.02,-0.24,0.89,19.02,-78.99,-89.82,70
1.77,-0.18,0.77,-34.6,-64.63,-71.52,70
1.45,-0.08,0.61,-86.95,-46.01,-48.02,70
1.2,-0.14,0.47,-116.01,-36.55,-31.68,70
0.99,-0.23,0.34,-106.52,-33.78,-21.8,70
0.8,-0.23,0.3,-66.37,-41.83,-10,70
0.72,-0.15,0.4,-16.77,-55.91,-0.61,70
0.79,-0.02,0.48,23.51,-63.54,5.85,70
0.8,0.1,0.85,50.34,-51.37,7.93,70
0.81,0.29,0.86,60,-29.18,8.96,70
0.67,0.19,0.8,17.68,-13.63,6.55,70
0.5,0.04,0.59,-42.5,-9.18,7.93,70
0.44,-0.16,0.3,-65.4,-15.7,0.85,70
0.54,-0.37,-0.02,-26.55,-23.99,-14.45,70
1.28,-0.98,-0.32,40.85,-41.8,-17.99,70
1.73,-0.26,0.35,77.5,-45.18,15.52,70
0.8,0.56,0.56,69.6,-17.84,52.35,70
0.68,-0.65,0.72,72.1,-3.29,-1.13,70
0.85,-0.33,0.64,47.93,29.82,-43.17,70
0.82,-0.06,0.61,-14.57,31.1,7.77,70
0.77,-0.04,0.55,-44.33,37.87,14.18,70
0.93,-0.35,0.57,-19.33,51.59,-20.73,70
0.88,-0.2,0.64,-1.74,64.63,-18.29,70
0.83,0.03,0.62,-16.98,68.41,4.36,70
0.72,-0.19,0.62,-30.46,69.76,6.52,70
0.73,-0.15,0.61,-16.04,73.2,5.34,70
0.78,-0.21,0.61,1.59,71.34,15.21,70
0.68,-0.19,0.65,18.2,72.96,19.54,70
0.7,-0.15,0.67,27.29,70.91,16.71,70
0.66,-0.13,0.69,28.2,66.07,16.34,70
0.7,-0.27,0.82,32.65,57.35,15.73,70
0.66,-0.25,0.88,41.04,61.04,9.88,70
0.63,-0.26,0.95,28.69,62.04,6.19,70
0.56,-0.32,1,3.51,55.03,4.57,70
0.55,-0.42,1.02,-8.84,40.52,-4.12,70
0.64,-0.36,1.03,-8.87,29.88,-23.02,70
0.61,-0.26,0.97,-24.6,25.34,-46.98,70
0.55,-0.21,0.89,-59.54,18.51,-63.54,70
0.53,-0.19,0.79,-93.87,13.54,-71.46,70
0.56,-0.23,0.72,-108.48,3.38,-75.91,70
0.59,-0.25,0.71,-96.22,-7.16,-72.65,70
0.56,-0.2,0.73,-69.02,-14.85,-61.59,70
0.45,-0.2,0.75,-41.46,-18.72,-49.12,70
0.51,-0.16,0.81,-11.55,-19.7,-42.04,70
0.44,-0.07,0.91,5.82,-13.29,-41.43,70
0.27,-0.06,0.91,-4.42,-5.64,-39.02,70
0.11,-0.14,0.88,-31.16,3.6,-36.49,70
0.08,-0.21,0.91,-48.41,15,-32.8,70
-0.04,-0.31,0.86,-50.46,28.35,-24.33,70
-0.06,-0.44,0.7,-46.62,37.99,-9.12,70
-0.08,-0.56,0.59,-40.15,51.74,10.95,70
-0.05,-0.76,0.38,-21.52,55.24,30.34,70
0.11,-0.72,0.35,17.62,51.89,53.38,70
0.27,-0.53,0.39,41.16,45.64,77.2,70
0.3,-0.38,0.33,29.12,35.67,98.23,70
0.31,-0.42,0.35,10.73,13.51,113.57,70
0.35,-0.54,0.37,12.8,-2.87,121.89,70
0.31,-0.46,0.45,33.51,-3.02,134.48,70
0.27,-0.28,0.54,50.52,-1.86,143.63,70
0.25,-0.16,0.64,47.74,-1.46,137.38,70
0.24,-0.1,0.69,22.62,2.53,124.12,70
0.21,-0.16,0.67,-14.76,5.64,113.72,70
0.23,-0.31,0.57,-44.27,3.57,107.56,70
0.31,-0.39,0.5,-47.07,1.68,104.18,70
0.37,-0.32,0.5,-28.17,3.6,98.81,70
0.38,-0.2,0.55,-7.74,7.07,88.48,70
0.39,-0.19,0.61,-0.09,6.34,72.38,70
0.58,-0.35,0.66,3.87,-3.05,47.59,70
0.9,-0.54,0.75,19.85,-9.73,18.14,70
1.13,-0.59,0.83,39.18,-11.89,-7.56,70
1.14,-0.48,0.92,37.53,-22.44,-25.55,70
1.11,-0.36,0.94,12.41,-42.53,-37.77,70
1.24,-0.4,0.98,-13.38,-61.49,-59.73,70
1.47,-0.51,1.02,-28.87,-78.05,-95.85,70
1.62,-0.6,1.04,-52.26,-85.61,-126.28,70
1.56,-0.62,0.86,-74.94,-84.27,-133.6,70
1.45,-0.39,0.79,-65.98,-80.79,-130.37,70
1.3,-0.18,0.78,-49.76,-78.9,-124.54,70
1.16,-0.1,0.77,-51.86,-77.13,-117.44,70
1.04,-0.21,0.67,-60.15,-79.79,-107.71,70
0.97,-0.39,0.47,-46.01,-79.73,-94.76,70
0.9,-0.36,0.61,-1.92,-83.93,-71.31,70
0.68,-0.13,0.61,57.2,-77.87,-45.64,70
0.58,-0.11,0.45,93.87,-72.77,-41.25,70
0.67,0,0.55,83.54,-78.93,-34.88,70
0.63,0.07,0.53,64.85,-70.61,-27.59,70
0.69,-0.08,0.59,54.76,-56.83,-39.33,70
0.67,-0.12,0.59,46.74,-40.46,-37.9,70
0.61,-0.08,0.52,29.54,-28.41,-27.44,70
0.62,-0.03,0.49,6.49,-19.54,-21.59,70
0.69,-0.01,0.45,-12.8,-9.82,-21.31,70
0.73,-0.07,0.38,-28.11,-1.95,-21.4,70
0.75,-0.15,0.31,-29.3,1.8,-16.22,70
0.71,-0.12,0.29,-15.34,5.46,-7.29,70
0.7,-0.18,0.16,2.44,10.64,-0.46,70
1.02,-0.09,0.14,21.68,13.9,5.7,70
1.15,0.16,0.45,36.59,29.82,6.83,70
1.23,0.25,0.62,15.98,55.18,-3.29,70
1.4,0.06,0.54,-37.13,81.04,-17.5,70
1.72,-0.37,0.49,-77.99,105.52,-21.74,70
2.17,-0.98,0.46,-71.55,134.7,2.77,70
1.66,-0.25,1.11,-25.91,147.9,63.96,70
0.17,-0.24,0.83,13.99,173.48,105.79,70
-0.31,-0.45,0.64,41.1,160.24,65.34,70
0,-0.01,0.77,33.41,109.88,37.77,70
0.54,-0.2,1.15,-6.55,64.63,23.96,70
0.76,-0.36,1.13,-44.21,43.05,-13.08,70
0.8,-0.55,1.13,-47.1,27.13,-21.52,70
0.66,-0.52,1.14,-32.38,17.8,-12.56,70
0.6,-0.3,1.06,-32.16,5.82,-12.38,70
0.51,-0.26,0.91,-48.32,-8.32,-16.49,70
0.49,-0.31,0.8,-55.58,-22.01,-27.35,70
0.53,-0.3,0.77,-47.35,-32.59,-36.4,70
0.58,-0.36,0.79,-34.76,-35.76,-36.89,70
0.71,-0.42,0.92,-23.75,-31.49,-35.34,70
0.69,-0.33,0.96,-17.32,-17.2,-25.95,70
0.55,-0.38,0.91,-9.7,-0.37,-7.77,70
0.42,-0.45,0.82,8.35,19.63,1.8,70
0.31,-0.58,0.78,26.19,38.05,8.45,70
0.31,-0.6,0.78,40.24,47.35,23.87,70
0.12,-0.33,0.64,46.46,60.34,45.85,70
-0.07,-0.05,0.5,32.93,64.7,54.7,70
-0.17,-0.02,0.28,-0.12,56.43,41.8,70
-0.14,-0.07,0.22,-28.29,43.35,25.15,70
-0.08,-0.38,0.29,-30.82,28.02,21.89,70
0.03,-0.67,0.39,-2.23,16.25,29.76,70
0.05,-0.45,0.47,25.18,14.79,52.32,70
-0.03,-0.31,0.5,35.18,10.3,77.93,70
-0.05,-0.31,0.5,28.17,7.84,85.06,70
0.01,-0.28,0.48,13.96,4.02,85.95,70
0.01,-0.21,0.45,3.29,-0.06,91.46,70
-0.01,-0.18,0.44,0.18,-3.02,89.42,70
0.06,-0.24,0.5,4.54,-5.34,76.49,70
0.16,-0.35,0.55,15.85,-3.63,63.72,70
0.23,-0.43,0.57,26.16,-2.35,59.85,70
0.32,-0.41,0.62,25.76,-2.99,63.54,70
0.33,-0.3,0.65,14.79,-4.7,68.63,70
0.36,-0.26,0.68,4.82,-13.51,61.22,70
0.54,-0.35,0.73,8.72,-28.11,35.15,70
0.82,-0.49,0.86,27.96,-36.77,4.21,70
1.11,-0.57,1.01,43.63,-43.17,-18.99,70
1.47,-0.48,1.06,36.31,-54.39,-31.71,70
1.62,-0.33,1.04,10.27,-61.98,-39.39,70
1.58,-0.3,0.99,-9.88,-72.62,-53.32,70
1.57,-0.32,0.94,-14.33,-84.42,-73.93,70
1.52,-0.35,0.88,-11.31,-93.69,-86.77,70
1.44,-0.34,0.83,-3.51,-101.25,-84.57,70
1.36,-0.27,0.81,7.01,-102.04,-79.57,70
1.3,-0.18,0.78,13.29,-99.7,-79.79,70
1.21,-0.14,0.69,9.82,-95.88,-81.34,70
1.12,-0.14,0.6,-0.3,-92.38,-79.18,70
1.02,-0.17,0.52,-7.32,-87.74,-73.17,70
0.91,-0.16,0.52,-7.8,-81.74,-64.42,70
0.88,-0.17,0.47,-4.6,-71.46,-53.11,70
0.8,-0.31,0.4,2.35,-61.77,-40,70
0.85,-0.4,0.66,29.24,-54.33,-21.07,70
0.77,-0.08,0.73,64.36,-32.84,4.12,70
0.65,0.13,0.73,37.35,-22.01,21.19,70
0.55,0.08,0.66,-11.28,-9.7,17.99,70
0.48,0.09,0.47,-37.1,1.86,4.45,70
0.41,0.08,0.32,-29.97,2.68,-8.35,70
0.46,0.04,0.24,-2.96,-4.73,-25.09,70
0.59,-0.04,0.22,23.99,-11.37,-38.6,70
1.2,-0.53,-0.02,38.87,-10.64,-39.24,70
2.15,-0.74,0.61,39.36,-3.05,-10.85,70
1.85,0.48,0.62,20.18,49.24,57.56,70
1.39,0.27,0.8,-14.27,90.15,61.04,70
0.7,-0.42,0.46,-47.13,119.57,20.79,70
0.19,-0.53,0.25,-53.14,123.35,30.3,70
0.25,-0.39,0.3,-28.14,96.95,54.02,70
0.72,-0.26,0.6,25.67,84.45,32.26,70
0.91,-0.3,0.94,73.41,92.32,-3.26,70
0.67,-0.4,1.11,75.06,102.13,-7.1,70
0.53,-0.28,1.13,31.68,98.9,5.79,70
0.53,-0.28,1.09,-19.48,86.19,4.33,70
0.56,-0.4,1.03,-36.74,67.87,-17.07,70
0.54,-0.35,1.07,-23.78,48.93,-33.2,70
0.52,-0.2,1.1,-24.09,26.49,-39.76,70
0.49,-0.11,1.03,-41.55,2.5,-42.13,70
0.54,-0.16,0.94,-49.79,-20.43,-41.07,70
0.62,-0.2,0.87,-36.8,-37.32,-35.58,70
0.66,-0.22,0.81,-14.66,-48.66,-27.74,70
0.63,-0.24,0.84,-0.21,-55.37,-22.07,70
0.56,-0.25,0.84,-0.21,-60.64,-16.52,70
0.49,-0.37,0.75,-4.39,-66.52,-7.96,70
0.48,-0.48,0.65,2.23,-62.53,-0.21,70
0.3,-0.48,0.55,20,-49.63,9.3,70
0.05,-0.55,0.4,46.49,-33.23,20.49,70
-0.1,-0.4,0.62,63.08,-19.85,28.35,70
-0.13,-0.19,0.74,55.03,-6.74,32.41,70
-0.19,-0.21,0.69,36.31,14.88,26.8,70
-0.19,-0.37,0.6,17.29,29.39,20.55,70
-0.1,-0.29,0.61,4.7,36.22,32.44,70
-0.04,-0.16,0.64,-7.01,43.14,46.04,70
0.07,-0.28,0.62,-24.36,45.3,41.95,70
0.19,-0.29,0.58,-40.4,46.01,45.76,70
0.18,-0.27,0.46,-52.68,44.48,61.86,70
0.19,-0.3,0.4,-54.09,37.99,70.49,70
0.23,-0.31,0.4,-41.34,30.4,72.1,70
0.28,-0.23,0.42,-18.05,23.48,73.41,70
0.28,-0.18,0.51,6.83,19.36,71.55,70
0.33,-0.18,0.6,20.61,18.02,61.07,70
0.42,-0.2,0.67,17.13,19.6,51.43,70
0.53,-0.26,0.68,0.88,19.12,50.52,70
0.6,-0.28,0.65,-12.23,17.44,53.87,70
0.63,-0.28,0.67,-12.56,13.93,54.12,70
0.72,-0.36,0.76,1.98,6.71,44.02,70
0.92,-0.4,0.88,25.18,1.74,23.26,70
1.15,-0.39,0.98,36.13,-1.01,1.83,70
1.31,-0.39,0.99,21.98,-7.99,-11.89,70
1.33,-0.38,0.97,-6.04,-17.16,-17.59,70
1.31,-0.35,0.91,-28.87,-27.01,-23.57,70
1.35,-0.38,0.85,-36.04,-41.62,-40.88,70
1.44,-0.44,0.8,-26.92,-57.07,-63.66,70
1.48,-0.41,0.82,-12.44,-66.62,-83.23,70
1.44,-0.3,0.85,-13.87,-70.88,-94.6,70
1.33,-0.15,0.81,-37.41,-68.72,-94.88,70
1.21,-0.09,0.68,-65.67,-65.37,-91.01,70
1.14,-0.19,0.55,-71.13,-67.23,-90.67,70
1.13,-0.44,0.49,-46.74,-69.79,-89.57,70
1.2,-0.72,0.51,2.59,-75.09,-77.04,70
1.08,-0.46,0.75,61.07,-65.7,-44.82,70
0.96,-0.15,0.8,81.68,-55.55,-8.69,70
0.86,0.03,0.85,66.4,-42.65,1.4,70
0.77,0.1,0.77,26.55,-31.1,4.79,70
0.74,0.08,0.63,-9.42,-22.53,2.9,70
0.72,-0.04,0.49,-22.47,-15.12,-5.73,70
0.7,-0.17,0.42,-12.41,-11.98,-9.39,70
0.65,-0.22,0.42,2.47,-10.18,-6.4,70
0.64,-0.19,0.38,10.64,-12.32,-0.98,70
0.68,-0.19,0.35,10.91,-14.12,3.69,70
0.73,-0.16,0.33,7.99,-10.64,7.41,70
0.84,-0.23,0.33,6.19,-3.48,8.99,70
1.21,-0.39,0.4,6.43,10.58,13.35,70
1.42,-0.22,0.61,-2.71,32.99,30.88,70
1.03,0.12,0.61,-22.41,66.4,50.95,70
0.66,-0.42,0.47,-27.32,88.29,47.23,70
0.52,-0.54,0.41,-8.6,102.56,41.83,70
0.53,-0.41,0.48,13.11,108.38,51.43,70
0.63,-0.35,0.67,21.71,118.02,54.66,70
0.69,-0.39,0.85,19.57,135.34,45.06,70
0.53,-0.51,0.85,17.41,150.34,42.07,70
0.34,-0.68,0.89,20.7,158.78,44.73,70
0.28,-0.79,0.97,22.07,166.52,34.05,70
0.14,-0.72,0.95,17.74,176.13,13.93,70
-0.09,-0.62,0.93,10.34,187.23,-2.23,70
-0.09,-0.43,0.96,-9.36,185.73,-16.34,70
-0.26,-0.36,0.83,-48.32,175,-29.45,70
-0.41,-0.52,0.8,-73.26,138.02,-30.4,70
-0.39,-0.63,0.74,-54.42,90.06,-17.56,70
-0.09,-0.28,1.05,1.22,51.46,-2.65,70
-0.09,-0.34,1.19,37.65,31.89,-3.93,70
0.03,-0.43,1.27,22.77,8.26,-0.15,70
0.02,-0.32,1.18,-29.97,-10.24,29.54,70
-0.1,-0.3,0.96,-82.56,-29.82,56.83,70
-0.1,-0.33,0.72,-98.84,-51.28,57.32,70
-0.01,-0.33,0.64,-70.85,-69.12,44.6,70
0.12,-0.34,0.67,-25.03,-83.84,32.29,70
0.23,-0.38,0.78,12.29,-89.88,23.51,70
0.34,-0.4,0.8,28.96,-86.4,21.8,70
0.33,-0.34,0.74,20.03,-77.62,31.65,70
0.25,-0.24,0.63,-3.87,-74.36,47.26,70
0.2,-0.16,0.53,-18.35,-72.59,50.82,70
0.23,-0.12,0.49,-14.88,-73.48,36.04,70
0.29,-0.14,0.47,-2.65,-77.62,13.38,70
0.33,-0.19,0.45,9.63,-80.4,-2.65,70
0.35,-0.24,0.43,15.55,-81.4,-10.91,70
0.39,-0.29,0.44,16.34,-80.43,-17.53,70
0.4,-0.25,0.46,16.43,-73.72,-22.44,70
0.39,-0.2,0.47,16.77,-63.51,-26.22,70
0.42,-0.15,0.44,18.11,-53.69,-33.84,70
0.47,-0.19,0.41,21.62,-46.89,-44.3,70
0.56,-0.26,0.46,28.57,-41.83,-49.27,70
0.63,-0.25,0.55,32.47,-32.2,-44.02,70
0.67,-0.2,0.61,23.54,-18.48,-32.74,70
0.71,-0.21,0.63,4.54,-3.93,-20.3,70
0.76,-0.25,0.64,-12.74,9.36,-3.32,70
0.81,-0.32,0.61,-18.63,15.3,16.01,70
0.92,-0.38,0.64,-7.68,10.37,28.78,70
1.05,-0.41,0.76,19.6,3.6,29.51,70
1.09,-0.39,0.89,46.34,4.18,19.18,70
1.12,-0.38,1.01,47.74,4.09,1.89,70
1.19,-0.4,1.03,19.48,-3.02,-17.29,70
1.21,-0.42,1.01,-13.08,-12.07,-34.88,70
1.21,-0.45,0.97,-31.43,-21.04,-50.88,70
1.23,-0.42,0.92,-36.89,-32.41,-68.17,70
1.24,-0.4,0.86,-38.75,-47.9,-83.14,70
1.21,-0.36,0.86,-40.55,-62.1,-90.3,70
1.1,-0.31,0.83,-41.83,-69.97,-90.37,70
0.97,-0.26,0.77,-41.68,-71.04,-86.59,70
0.85,-0.32,0.69,-36.86,-70.15,-79.54,70
0.86,-1.06,0.59,-3.29,-72.68,-67.93,70
1.05,-0.9,0.9,86.01,-60.43,-31.04,70
0.72,-0.08,1.04,118.23,-35.7,28.6,70
0.59,0.14,1,81.98,-22.32,34.76,70
0.53,0.27,0.62,20.37,-12.87,8.23,70
0.56,0.06,0.54,-22.87,-20.85,-4.21,70
0.8,-0.34,0.5,-35.4,-20.85,-12.5,70
1.02,-0.53,0.42,-30.55,-14.15,-8.14,70
0.94,-0.02,0.39,-20.98,-7.2,21.92,70
0.79,0.05,0.32,-14.82,2.16,27.47,70
0.93,-0.18,0.33,-32.59,10.91,2.38,70
0.88,-0.29,0.21,-61.01,15.3,2.96,70
0.67,-0.44,0.11,-50.64,16.13,24.73,70
0.57,-0.54,0.2,8.14,14.7,27.1,70
0.7,-0.37,0.47,74.15,11.19,20.18,70
0.6,-0.22,0.74,103.87,20.03,23.87,70
0.54,-0.42,0.91,100.7,31.55,15.43,70
0.72,-0.34,0.91,72.07,45.03,1.1,70
0.88,-0.26,0.97,26.92,51.49,8.84,70
0.86,-0.21,0.92,-2.87,65.64,16.89,70
0.61,-0.16,0.65,-12.29,79.85,21.22,70
0.58,-0.27,0.71,-12.13,72.13,32.77,70
0.72,-0.3,0.82,11.8,66.98,33.54,70
0.55,-0.36,0.83,35,76.46,31.52,70
0.53,-0.29,0.84,28.87,78.29,36.86,70
0.52,-0.31,0.79,7.59,79.82,36.71,70
0.51,-0.38,0.77,0.09,83.23,30.15,70
0.48,-0.42,0.79,4.24,89.91,23.9,70
0.41,-0.46,0.85,5.79,94.51,17.32,70
0.36,-0.52,0.91,3.63,94.45,10.37,70
0.29,-0.59,1.01,2.9,95.43,1.98,70
0.27,-0.61,1.1,1.74,97.74,-8.17,70
0.13,-0.56,1.13,-2.1,102.16,-16.62,70
0,-0.56,1.12,-11.07,99.3,-21.68,70
-0.04,-0.53,1.02,-19.27,90.67,-26.49,70
-0.09,-0.39,0.95,-22.01,83.11,-22.35,70
-0.28,-0.43,0.86,-19.45,73.57,-9.09,70
0,-0.19,0.91,-9.39,59.76,3.2,70
-0.18,-0.11,0.76,-25.46,62.87,1.01,70
-0.04,-0.39,0.73,-41.77,43.69,1.59,70
-0.15,-0.37,0.66,-46.71,42.56,13.11,70
-0.17,-0.38,0.6,-49.21,23.26,25.67,70
-0.21,-0.26,0.56,-54.36,5.61,36.43,70
-0.24,-0.12,0.52,-64.09,-15.88,43.11,70
-0.26,-0.08,0.5,-69.24,-36.71,40.85,70
-0.22,-0.19,0.52,-63.99,-54.02,28.96,70
-0.12,-0.31,0.54,-48.23,-65.43,17.32,70
-0.05,-0.41,0.57,-32.84,-72.35,13.35,70
0.09,-0.38,0.61,-25.27,-79.88,15.21,70
0.2,-0.25,0.61,-21.01,-86.43,13.75,70
0.25,-0.22,0.62,-7.8,-89.51,3.17,70
0.32,-0.32,0.7,12.87,-85.52,-15.58,70
0.47,-0.39,0.75,25,-77.2,-30.46,70
0.6,-0.27,0.71,11.37,-68.45,-27.23,70
0.66,-0.14,0.6,-21.89,-65.76,-18.29,70
0.68,-0.11,0.51,-40.24,-62.47,-22.44,70
0.71,-0.15,0.5,-31.77,-54.94,-41.4,70
0.81,-0.18,0.62,-13.84,-46.55,-59.97,70
0.99,-0.21,0.78,-9.91,-28.96,-67.62,70
1.18,-0.23,0.87,-30.73,-0.03,-65.55,70
1.22,-0.24,0.81,-72.65,29.45,-63.26,70
1.15,-0.41,0.63,-115.3,46.71,-57.35,70
1.03,-0.56,0.5,-126.83,52.87,-32.56,70
0.96,-0.57,0.5,-87.77,52.07,4.42,70
0.93,-0.53,0.61,-16.46,48.81,30.06,70
0.9,-0.56,0.78,42.93,43.29,33.72,70
0.85,-0.55,0.9,64.45,37.26,30.67,70
0.78,-0.49,0.95,45.64,30.15,27.96,70
0.76,-0.55,0.96,11.01,22.1,16.74,70
0.65,-0.56,0.9,-18.45,14.85,-1.89,70
0.6,-0.63,0.89,-29.76,-1.52,-22.96,70
0.64,-0.73,0.9,-22.13,-18.23,-50.34,70
0.61,-0.92,1.04,-13.38,-34.21,-75.61,70
0.8,-1.92,0.93,8.26,-53.96,-78.2,70
1.15,-1.23,1.13,63.51,-53.08,-37.44,70
0.71,0.13,1.28,78.17,-39.15,15.09,70
0.18,0.32,1.32,39.48,-33.48,21.16,70
0.28,0.11,1.08,-15.4,-30.3,-43.54,70
0.64,-0.7,0.85,-57.2,-33.9,-110,70
0.75,-0.74,0.6,-61.71,-41.43,-83.41,70
0.53,-0.32,0.4,-40.27,-43.99,-3.17,70
0.45,-0.24,0.46,-0.88,-52.44,16.46,70
0.61,-0.36,0.52,36.46,-53.45,-28.29,70
0.76,-0.47,0.61,57.87,-49.66,-42.87,70
0.72,-0.39,0.65,54.36,-44.42,-13.48,70
0.59,-0.3,0.62,34.02,-38.51,5,70
0.62,-0.36,0.58,20.12,-34.45,-4.36,70
0.66,-0.47,0.57,18.84,-26.31,-18.2,70
0.69,-0.48,0.59,25.82,-15.27,-17.13,70
0.64,-0.31,0.61,22.13,-1.07,-11.4,70
0.64,-0.33,0.57,2.07,8.17,-14.3,70
0.69,-0.37,0.55,-14.27,15.18,-22.59,70
0.72,-0.43,0.55,-13.66,24.94,-24.76,70
0.63,-0.4,0.63,-2.29,40.27,-20.91,70
0.6,-0.35,0.6,-1.77,53.51,-20.24,70
0.59,-0.35,0.61,-13.14,60.37,-23.57,70
0.62,-0.45,0.6,-16.89,62.23,-26.55,70
0.6,-0.47,0.69,1.16,68.48,-29.42,70
0.56,-0.51,0.74,20.95,76.4,-33.35,70
0.48,-0.37,0.79,26.55,85,-38.45,70
0.48,-0.34,0.82,8.57,86.37,-43.54,70
0.47,-0.39,0.79,-3.08,87.41,-49.33,70
0.38,-0.52,0.81,9.02,91.68,-50.06,70
0.27,-0.51,0.76,32.41,102.23,-45.82,70
0.06,-0.64,0.95,44.91,107.13,-41.59,70
0.17,-0.63,1.1,58.72,113.84,-30.82,70
0.03,-0.55,1.02,65.58,136.86,-26.19,70
-0.05,-0.45,1.08,58.99,136.07,-27.96,70
0.05,-0.29,1.13,36.71,124.05,-26.86,70
-0.01,-0.8,0.67,14.54,112.26,-30,70
0.26,-1.05,0.66,49.27,63.54,-14.27,70
0.38,-0.43,0.83,103.2,28.2,44.76,70
0.26,0.12,0.99,98.26,5.09,111.77,70
0.2,0.02,1.17,55.18,-23.45,139.39,70
0.35,0.11,1.28,31.89,-25.15,126.65,70
0.19,0.25,1.14,9.09,-8.14,107.1,70
0.09,0.14,1.07,-28.23,-7.84,100.46,70
0.08,0.11,0.91,-58.26,-1.95,94.91,70
-0.02,0.09,0.77,-67.35,7.8,82.41,70
-0.16,0.04,0.57,-75.52,10.61,68.75,70
-0.24,-0.11,0.48,-94.6,-1.59,55.88,70
-0.15,-0.38,0.51,-113.84,-26.46,50.21,70
-0.03,-0.73,0.54,-120.4,-41.86,60.09,70
0.08,-0.7,0.55,-111.46,-45.18,82.38,70
0.1,-0.45,0.56,-97.44,-49.39,105.15,70
0.06,-0.27,0.55,-83.96,-56.16,112.5,70
0.03,-0.15,0.53,-68.78,-62.74,95.4,70
0.01,-0.09,0.56,-55.55,-69.57,60.85,70
0.14,-0.18,0.61,-48.9,-80.3,22.1,70
0.35,-0.3,0.69,-47.32,-88.93,-13.14,70
0.51,-0.31,0.69,-52.53,-93.69,-36.92,70
0.5,-0.25,0.64,-70.58,-100.73,-48.45,70
0.5,-0.2,0.55,-90.64,-112.38,-55.76,70
0.56,-0.21,0.49,-98.54,-120.55,-72.38,70
0.7,-0.24,0.46,-93.38,-124.45,-102.8,70
0.87,-0.29,0.49,-83.57,-126.13,-139.21,70
1.06,-0.42,0.54,-76.16,-125.76,-170.73,70
1.24,-0.48,0.57,-72.56,-121.52,-190.67,70
1.38,-0.48,0.57,-70.09,-114.12,-203.32,70
1.42,-0.49,0.54,-64.33,-102.93,-213.6,70
1.37,-0.51,0.49,-53.17,-94.45,-210.21,70
1.26,-0.49,0.43,-32.99,-92.35,-186.62,70
1.18,-0.4,0.37,-0.64,-94.79,-154.57,70
1.22,-0.27,0.36,43.45,-94.33,-126.68,70
1.31,-0.18,0.35,93.84,-85.64,-103.23,70
1.37,-0.15,0.35,139.21,-75.88,-83.14,70
1.33,-0.13,0.34,164.82,-72.38,-58.81,70
1.25,-0.1,0.36,164.7,-71.34,-32.26,70
1.23,-0.11,0.38,144.82,-64.79,-13.38,70
1.25,-0.13,0.39,118.6,-53.9,-2.38,70
1.24,-0.15,0.39,94.85,-43.38,5.4,70
1.19,-0.16,0.41,70.15,-36.65,11.13,70
1.12,-0.16,0.42,40.73,-29.09,15.3,70
1.04,-0.16,0.42,9.15,-21.59,17.59,70
0.98,-0.19,0.43,-19.48,-16.34,18.17,70
0.92,-0.23,0.42,-39.97,-10.64,18.29,70
0.88,-0.26,0.4,-49.02,-5.27,18.32,70
0.87,-0.28,0.38,-48.63,-0.4,19.02,70
0.84,-0.3,0.38,-44.48,3.72,20.82,70
0.8,-0.3,0.37,-40.4,6.95,23.75,70
0.79,-0.3,0.36,-35.49,10.52,26.83,70
0.81,-0.29,0.35,-27.9,14.85,28.9,70
0.82,-0.28,0.34,-18.57,19.6,29.73,70
0.84,-0.26,0.34,-11.13,24.48,29.66,70
0.87,-0.24,0.34,-8.78,30.43,29.02,70
0.91,-0.22,0.34,-11.74,36.55,27.65,70
0.96,-0.22,0.34,-17.87,40.91,25.3,70
1,-0.24,0.35,-24.79,42.47,21.25,70
1.04,-0.27,0.36,-30.46,42.04,15.43,70
1.04,-0.27,0.39,-35.15,41.13,10.24,70
0.97,-0.25,0.41,-44.45,40.55,9.7,70
0.89,-0.23,0.39,-59.21,39.85,13.26,70
0.82,-0.23,0.35,-69.33,37.1,17.84,70
0.79,-0.26,0.32,-66.16,31.22,22.38,70
0.78,-0.3,0.32,-47.41,23.51,25.82,70
0.79,-0.32,0.34,-18.93,16.55,26.59,70
0.8,-0.33,0.36,9.6,11.43,25.15,70
0.83,-0.33,0.38,30.43,8.29,23.11,70
0.86,-0.31,0.39,41.31,6.16,20.95,70
0.88,-0.28,0.4,42.35,4.24,18.02,70
0.88,-0.27,0.41,35.73,2.9,13.45,70
0.88,-0.26,0.4,25.95,2.53,7.77,70
0.87,-0.26,0.39,17.93,2.26,1.98,70
0.86,-0.25,0.38,13.23,2.1,-3.35,70
0.85,-0.25,0.38,10.64,1.89,-7.56,70
0.84,-0.25,0.38,8.38,1.25,-10.06,70
0.83,-0.25,0.38,6.37,0.12,-10.95,70
0.82,-0.27,0.38,6.46,-1.59,-10.88,70
0.83,-0.28,0.39,10.06,-3.66,-10.76,70
0.84,-0.29,0.39,16.13,-5.55,-10.61,70
0.85,-0.29,0.4,21.65,-6.65,-10.61,70
0.86,-0.29,0.4,24.51,-7.59,-10.91,70
0.88,-0.28,0.4,25.03,-8.6,-11.16,70
0.89,-0.27,0.41,23.69,-9.12,-11.59,70
0.89,-0.26,0.42,21.04,-9.42,-12.32,70
0.89,-0.25,0.42,16.98,-9.21,-12.74,70
0.88,-0.25,0.42,11.22,-8.75,-12.62,70
0.87,-0.25,0.41,5.06,-8.41,-12.41,70
0.87,-0.26,0.41,1.19,-8.66,-12.13,70
0.87,-0.27,0.41,0.85,-9.15,-11.59,70
0.87,-0.28,0.42,2.99,-9.85,-10.55,70
0.87,-0.28,0.42,5.61,-10.64,-9.15,70
0.86,-0.27,0.43,7.35,-10.46,-7.26,70
0.86,-0.27,0.42,7.87,-10.06,-5.27,70
0.85,-0.26,0.42,7.84,-9.88,-3.69,70
0.86,-0.26,0.42,8.17,-9.57,-3.02,70
0.87,-0.27,0.43,8.96,-9.7,-3.08,70
0.87,-0.27,0.43,9.76,-9.73,-3.26,70
0.87,-0.27,0.45,9.33,-8.87,-3.35,70
0.87,-0.26,0.44,6.89,-7.62,-3.14,70
0.87,-0.25,0.44,3.2,-5.95,-2.77,70
0.86,-0.25,0.43,-0.09,-4.63,-2.38,70
0.86,-0.25,0.42,-1.62,-3.69,-2.2,70
0.86,-0.25,0.43,-1.31,-3.26,-2.07,70
0.87,-0.26,0.43,-0.43,-2.9,-1.74,70
0.87,-0.26,0.44,0.12,-2.35,-1.59,70
0.86,-0.26,0.44,-0.06,-1.77,-1.37,70
0.86,-0.26,0.43,-0.52,-1.16,-1.22,70
0.86,-0.26,0.42,-0.43,-0.82,-1.22,70
0.86,-0.26,0.42,0.46,-0.79,-1.31,70
0.86,-0.26,0.42,1.55,-0.82,-1.46,70
0.86,-0.26,0.42,2.41,-0.55,-1.43,70
0.87,-0.26,0.42,3.11,-0.43,-1.19,70
0.87,-0.26,0.42,4.18,-0.37,-1.07,70
0.87,-0.26,0.42,4.97,-0.34,-0.88,70
0.87,-0.26,0.42,5.3,-0.37,-0.7,70
0.87,-0.26,0.42,5.46,-0.49,-0.55,70
0.87,-0.26,0.41,5.82,-0.61,-0.12,70
0.87,-0.26,0.41,6.52,-0.64,0.43,70
0.87,-0.26,0.41,7.38,-0.79,0.91,70
0.87,-0.26,0.41,8.51,-0.98,1.46,70
0.87,-0.26,0.41,9.73,-1.1,1.92,70
0.87,-0.26,0.41,10.24,-0.91,2.41,70
0.87,-0.25,0.41,9.79,-0.64,2.77,70
0.87,-0.25,0.41,8.69,-0.27,3.17,70
0.87,-0.25,0.41,7.47,0.12,3.38,70
0.87,-0.25,0.4,6.68,0.52,3.6,70
0.87,-0.25,0.4,6.16,0.88,3.81,70
0.87,-0.25,0.4,5.61,1.07,3.81,70
0.87,-0.25,0.4,5.34,1.25,3.9,70
0.87,-0.25,0.4,4.73,1.59,3.75,70
0.87,-0.25,0.4,3.96,1.37,3.38,70
0.87,-0.24,0.4,3.02,1.19,3.2,70