-0.56,0.01,0.83-0.57,0.01,0.83-0.57,0.01,0.83-0.57,0.01,0.83-0.57,0.02,0.83-0.57,0.02,0.84-0.57,0.02,0.83-0.57,0.02,0.83-0.57,0.01,0.83-0.57,0.01,0.83-0.57,0.01,0.83-0.57,0.01,0.83-0.57,0.02,0.83-0.57,0.02,0.83-0.57,0.02,0.83-0.58,0.01,0.83-0.57,0.02,0.83-0.57,0.01,0.83-0.57,0.01,0.83-0.57,0.01,0.83-0.57,0.01,0.83-0.57,0.02,0.83-0.57,0.02,0.83-0.57,0.02,0.83-0.57,0.01,0.83-0.57,0.01,0.83-0.57,0.01,0.83-0.57,0.01,0.83-0.57,0.01,0.83-0.57,0.01,0.83-0.57,0.01,0.83-0.57,0.01,0.83-0.57,0.02,0.83-0.57,0.01,0.83-0.57,0.01,0.83-0.57,0.01,0.83-0.57,0.01,0.83-0.57,0.01,0.84-0.57,0.01,0.83-0.57,0.01,0.83-0.57,0.01,0.83-0.57,0.01,0.83-0.57,0.01,0.83-0.57,0.01,0.83-0.57,0.01,0.83-0.56,0.01,0.83,1.250,-0.335,0.091,0
-0.56,0.01,0.83,0.732,-0.945,-0.549,0
-0.56,0.01,0.83,0.640,-0.335,-0.518,0
-0.57,0.01,0.83,0.671,0.366,-0.518,0
-0.57,0.01,0.83,0.518,0.610,-0.488,0
-0.57,0.01,0.83,0.396,0.061,-0.518,0
-0.57,0.01,0.83,0.335,-0.732,-0.579,0
-0.57,0.01,0.83,0.366,-0.854,-0.701,0
-0.56,0.01,0.83,0.305,-0.732,-0.549,0
-0.57,0.01,0.83,0.244,-0.457,-0.518,0
-0.57,0.01,0.83,0.274,-0.244,-0.732,0
-0.57,0.01,0.83,0.396,-0.335,-0.671,0
-0.57,0.01,0.83,0.366,-0.732,-0.640,0
-0.56,0.01,0.83,0.579,-0.884,-0.396,0
-0.56,0.01,0.83,0.701,-0.427,-0.244,0
-0.57,0.01,0.83,0.671,0.244,-0.396,0
-0.57,0.01,0.83,0.518,0.518,-0.518,0
-0.57,0.01,0.83,0.305,0.061,-0.671,0
-0.57,0.01,0.83,0.183,-0.854,-0.701,0
-0.57,0.01,0.83,0.213,-1.280,-0.610,0
-0.56,0.01,0.83,0.366,-1.067,-0.640,0
-0.56,0.01,0.83,0.457,-0.457,-0.518,0
-0.56,0.01,0.83,0.488,0.183,-0.457,0
-0.57,0.01,0.83,0.549,0.152,-0.396,0
-0.57,0.01,0.83,0.610,-0.274,-0.457,0
-0.57,0.01,0.83,0.732,-0.549,-0.488,0
-0.56,0.01,0.83,0.671,-0.671,-0.457,0
-0.57,0.01,0.83,0.488,-0.427,-0.457,0
-0.56,0.01,0.83,0.396,0.091,-0.579,0
-0.57,0.01,0.83,0.366,0.274,-0.488,0
-0.57,0.01,0.83,0.518,0.091,-0.396,0
-0.57,0.01,0.83,0.671,-0.213,-0.305,0
-0.57,0.01,0.83,0.640,-0.488,-0.274,0
-0.57,0.01,0.83,0.640,-0.396,-0.305,0
-0.56,0.01,0.83,0.610,-0.213,-0.427,0
-0.57,0.01,0.83,0.518,-0.061,-0.366,0
-0.57,0.01,0.83,0.427,0.091,-0.396,0
-0.57,0.01,0.83,0.305,0.091,-0.396,0
-0.57,0.01,0.83,0.396,-0.061,-0.396,0
-0.57,0.01,0.83,0.518,-0.091,-0.335,0
-0.56,0.01,0.83,0.579,-0.122,-0.335,0
-0.56,0.01,0.83,0.610,-0.213,-0.274,0
-0.57,0.01,0.83,0.732,-0.061,-0.366,0
-0.57,0.01,0.83,0.549,0.061,-0.427,0
-0.57,0.01,0.83,0.579,0.122,-0.335,0
-0.57,0.01,0.83,0.640,0.061,-0.366,0
-0.57,0.01,0.83,0.610,-0.030,-0.305,0
-0.54,0.01,0.84,0.793,0.671,-0.854,0
-0.46,0.04,0.85,1.463,7.073,-4.055,0
-0.44,0.12,0.89,1.951,25.854,-11.951,0
-0.50,0.00,0.84,-6.616,48.384,-13.506,0
-0.54,0.03,0.80,-0.335,62.866,-22.348,0
-0.62,-0.01,0.78,0.000,66.677,-8.140,0
-0.65,-0.02,0.77,4.055,62.378,-2.622,0
-0.66,-0.01,0.74,5.091,59.055,0.549,0
-0.62,0.06,0.74,7.652,57.683,4.604,0
-0.71,-0.06,0.79,11.463,57.866,1.372,0
-0.57,-0.28,0.87,11.159,51.646,-5.000,0
-0.32,-0.64,0.75,2.012,69.360,5.549,0
-1.95,-0.40,1.11,22.348,89.604,32.683,0
-2.70,0.05,1.92,-14.451,-105.945,-143.171,0
-1.15,-0.83,1.68,-150.244,-445.823,-384.116,0
-0.47,-1.06,2.18,-128.110,-539.787,-296.951,0
-0.59,-1.01,2.22,-37.409,-268.140,-105.793,0
-0.82,-1.10,1.90,39.238,57.287,-102.287,0
-0.82,-1.11,1.56,46.006,166.890,-105.854,0
-0.59,-0.89,1.43,-33.963,101.677,-83.232,0
-0.53,-0.77,1.25,-155.030,33.902,-121.646,0
-0.70,-0.55,1.09,-213.659,1.616,-163.079,0
-0.85,-0.29,1.05,-211.280,-56.280,-177.683,0
-1.01,-0.22,1.03,-179.939,-97.713,-187.530,0
-1.37,-0.34,0.92,-153.567,-124.207,-172.104,0
-1.77,-0.47,0.94,-123.811,-181.402,-121.951,0
-2.10,-0.58,0.83,-126.006,-276.189,2.591,0
-1.87,-0.81,0.67,-148.872,-342.073,200.884,0
-1.23,-1.23,0.41,-148.476,-270.335,435.152,0
-0.46,-1.65,0.19,-131.951,-99.055,670.610,0
0.45,-2.15,0.03,-178.933,118.780,844.177,0
0.93,-2.60,0.01,-332.927,403.689,914.756,0
0.66,-2.97,0.12,-573.689,672.561,850.152,0
-0.03,-3.21,0.46,-794.604,822.378,680.640,0
-0.82,-3.13,0.95,-888.201,852.835,435.671,0
-1.97,-2.76,1.74,-816.494,804.390,228.262,0
-3.06,-1.67,2.41,-643.049,623.628,180.152,0
-2.95,-1.68,2.14,-300.823,224.329,444.665,0
-1.61,-2.68,1.20,186.555,-239.665,913.506,0
-0.40,-3.51,-0.43,550.305,-658.902,998.994,0
0.86,-2.72,-1.09,622.317,-772.104,998.994,0
1.71,-1.42,-0.87,327.104,-187.348,998.994,0
1.53,-1.18,-0.08,73.780,564.787,734.787,0
1.46,-0.67,-0.01,19.787,797.470,650.884,0
1.60,-0.19,0.38,-41.006,714.390,696.341,0
2.00,-0.10,0.59,-58.445,489.451,678.476,0
2.38,-0.13,0.64,-38.689,266.555,569.146,0
2.40,-0.29,0.43,-10.091,121.677,388.628,0
2.06,-0.34,0.21,26.707,80.061,192.591,0
1.61,-0.27,-0.04,51.799,62.378,53.384,0
1.23,-0.05,-0.20,82.896,16.341,-38.293,0
1.04,-0.06,-0.37,105.396,-54.299,-108.140,0
0.97,-0.07,-0.32,107.591,-86.220,-173.384,0
0.90,-0.01,-0.42,96.585,-53.902,-196.250,70
0.88,0.11,-0.50,90.335,-28.354,-170.762,70
0.82,0.23,-0.46,62.409,-13.750,-147.683,70
0.73,0.33,-0.42,6.220,-15.244,-155.762,70
0.66,0.41,-0.35,-53.567,-52.439,-184.939,70
0.63,0.43,-0.19,-101.860,-122.165,-205.549,70
0.61,0.46,-0.11,-147.561,-181.372,-200.793,70
0.54,0.50,-0.03,-169.695,-219.085,-187.348,70
0.50,0.57,0.03,-177.439,-253.811,-185.854,70
0.47,0.56,0.12,-185.366,-298.018,-194.848,70
0.50,0.50,0.30,-187.561,-324.512,-210.640,70
0.37,0.49,0.37,-176.494,-311.037,-228.811,70
0.35,0.43,0.41,-144.390,-265.274,-263.994,70
0.40,0.32,0.45,-81.280,-185.518,-314.878,70
0.24,0.27,0.45,17.470,-94.909,-356.220,70
0.03,0.20,0.41,118.110,-36.280,-376.646,70
-0.17,0.08,0.36,192.073,-25.701,-375.884,70
-0.35,-0.04,0.28,235.427,-77.378,-362.683,70
-0.29,-0.16,0.22,252.866,-170.457,-361.860,70
-0.25,-0.30,0.13,251.006,-247.409,-378.994,70
-0.16,-0.46,0.13,250.732,-280.213,-404.207,70
-0.18,-0.65,0.17,251.982,-263.841,-423.232,70
-0.32,-0.94,0.21,255.427,-209.878,-442.500,70
-0.47,-1.13,0.20,278.567,-128.049,-475.732,70
-0.81,-1.25,0.12,313.841,-69.848,-489.543,70
-1.21,-1.38,0.05,351.524,-108.689,-470.061,70
-1.48,-1.37,0.03,380.488,-217.317,-445.945,70
-1.55,-1.58,0.00,367.012,-298.689,-423.933,70
-1.76,-1.64,0.00,323.567,-293.201,-382.561,70
-1.84,-1.66,0.01,254.116,-252.287,-323.110,70
-1.76,-1.69,0.04,186.951,-189.024,-256.860,70
-1.64,-1.67,0.12,139.146,-103.018,-181.159,70
-1.70,-1.60,0.15,105.884,-19.329,-117.195,70
-1.65,-1.50,0.21,87.317,20.823,-69.817,70
-1.55,-1.36,0.26,70.152,41.220,-19.390,70
-1.48,-1.22,0.26,61.585,57.409,25.335,70
-1.36,-1.09,0.34,72.378,66.494,49.909,70
-1.23,-1.05,0.38,78.110,83.994,71.799,70
-1.02,-1.05,0.43,75.671,103.750,114.360,70
-0.94,-0.97,0.38,72.073,126.616,171.128,70
-0.99,-0.90,0.34,70.610,132.012,202.591,70
-1.05,-0.67,0.30,72.104,117.683,195.061,70
-1.00,-0.56,0.23,73.384,96.768,195.061,70
-0.92,-0.58,0.19,79.482,83.963,231.006,70
-0.85,-0.60,0.23,90.793,76.616,275.701,70
-0.89,-0.54,0.31,91.677,68.049,303.415,70
-1.06,-0.39,0.27,69.604,18.598,327.683,70
-1.17,-0.24,0.20,33.232,-84.543,332.073,70
-1.19,-0.19,0.24,-4.024,-211.189,297.104,70
-0.79,-0.26,0.23,-8.079,-321.738,261.280,70
-0.58,-0.15,0.30,60.183,-353.018,251.250,70
-0.52,0.21,0.53,130.335,-287.835,219.909,70
-0.75,0.34,0.53,129.665,-204.573,204.665,70
-0.82,0.36,0.44,119.207,-179.848,205.640,70
-0.66,0.36,0.28,141.159,-182.561,210.000,70
-0.52,0.52,0.35,165.122,-170.457,204.604,70
-0.53,0.63,0.55,144.268,-140.274,175.945,70
-0.56,0.73,0.59,108.506,-115.427,139.817,70
-0.47,0.72,0.58,104.787,-106.220,117.530,70
-0.44,0.75,0.63,114.848,-89.299,110.671,70
-0.47,0.74,0.57,117.470,-83.872,107.470,70
-0.53,0.74,0.77,124.695,-103.933,87.043,70
-0.51,0.70,0.74,125.732,-145.701,51.341,70
-0.50,0.74,0.73,120.091,-212.622,39.573,70
-0.48,0.73,0.68,102.043,-299.268,35.579,70
-0.29,0.66,0.55,95.213,-377.439,12.652,70
-0.23,0.70,0.48,106.677,-428.079,-13.079,70
-0.19,0.72,0.53,113.201,-452.744,-49.451,70
0.73,0.88,0.85,109.268,-454.085,-81.037,70
-0.36,0.96,0.23,16.189,-134.238,-5.061,70
-0.26,0.90,0.41,56.829,102.073,13.384,70
-0.28,0.84,0.26,146.128,227.256,47.896,70
-0.19,0.81,0.45,218.079,257.622,50.305,70
-0.15,0.71,0.74,190.396,277.073,43.079,70
-0.29,0.81,0.31,145.823,173.902,84.726,70
-0.27,1.03,0.32,141.037,8.506,106.067,70
-0.01,1.00,0.24,112.896,-92.287,58.293,70
0.10,1.05,0.15,80.274,-99.024,39.665,70
0.08,1.08,0.18,59.573,-60.915,24.421,70
0.13,1.03,0.13,48.811,-14.360,1.677,70
0.08,1.04,0.13,38.323,9.787,5.274,70
0.05,1.00,0.21,24.634,9.238,-6.982,70
0.07,0.95,0.24,20.244,6.372,-19.787,70
0.05,0.98,0.20,28.902,17.439,-20.305,70
0.03,1.01,0.13,33.171,34.268,-23.902,70
-0.01,1.03,0.10,21.463,47.378,-29.268,70
-0.07,1.00,0.14,3.933,43.994,-35.488,70
-0.12,0.98,0.20,2.744,19.299,-39.207,70
-0.09,0.97,0.26,14.207,5.640,-35.762,70
-0.22,0.94,0.16,7.957,77.896,-15.732,70
-0.23,0.98,0.10,-9.360,161.128,-1.006,70
-0.26,0.96,0.07,-11.037,172.256,-5.732,70
-0.30,0.94,0.14,-3.780,121.555,-11.616,70
-0.32,0.91,0.16,10.457,38.841,-6.220,70
-0.27,0.94,0.21,18.902,-41.646,8.171,70
-0.21,0.93,0.23,5.274,-69.451,12.500,70
-0.09,0.95,0.15,-20.396,-42.744,9.573,70
-0.07,1.01,0.20,4.085,11.341,21.098,70
-0.09,1.00,0.16,26.585,54.390,27.957,70
-0.13,0.98,0.25,25.854,56.433,24.848,70
-0.14,0.95,0.28,25.122,12.165,19.360,70
-0.13,0.96,0.18,30.427,-33.140,36.524,70
-0.13,0.99,0.14,19.848,-57.165,41.982,70
-0.09,1.01,0.17,0.579,-64.695,11.982,70
-0.01,0.97,0.15,-7.927,-48.598,-16.250,70
-0.03,0.96,0.14,-0.762,-37.591,-12.744,70
-0.09,0.93,0.15,4.207,-25.945,-13.872,70
-0.12,0.72,0.21,2.683,-21.829,-11.524,70
-0.09,1.08,0.12,8.963,-24.085,15.579,70
-0.22,0.96,0.08,2.866,1.677,63.476,70
-0.09,0.95,0.19,22.439,24.726,77.530,70
-0.08,0.93,0.11,36.860,55.457,44.604,70
-0.11,0.84,0.08,54.421,56.128,29.390,70
-0.02,0.91,0.07,76.585,45.457,37.134,70
-0.29,0.89,0.09,97.805,54.238,31.616,70
-0.34,0.89,0.01,123.872,-25.671,8.994,70
0.01,0.78,-0.01,130.518,-79.390,28.537,70
-0.08,1.09,0.27,130.061,-86.220,59.848,70
0.24,1.10,0.02,20.000,-121.829,62.835,70
0.15,0.96,-0.19,-64.909,-138.598,85.823,70
0.10,0.97,-0.27,-27.043,-57.409,105.579,70
0.17,1.00,-0.12,37.927,19.512,79.543,70
0.17,0.98,0.10,62.622,75.061,52.134,70
0.21,0.95,0.09,44.360,32.988,37.561,70
0.32,0.91,-0.31,32.835,26.067,31.494,70
0.18,0.78,-0.13,28.689,2.683,75.793,70
0.24,0.98,-0.08,31.402,-29.970,109.024,70
0.25,1.06,-0.10,37.043,-37.530,91.098,70
0.26,1.13,-0.04,37.713,-0.671,22.652,70
0.20,1.16,-0.05,19.817,20.030,-21.402,70
0.27,1.12,-0.05,-7.165,19.573,-29.360,70
0.39,1.06,-0.13,-18.720,18.567,-27.409,70
0.25,1.06,-0.15,-17.378,21.250,1.768,70
0.21,1.09,-0.16,-12.896,10.518,53.872,70
0.15,1.03,-0.13,-8.110,14.695,77.256,70
0.14,0.99,-0.06,4.543,37.591,32.988,70
0.24,0.95,-0.12,15.579,50.122,-38.354,70
0.34,1.04,-0.09,19.177,46.616,-34.787,70
0.24,0.99,-0.05,11.463,58.445,-0.457,70
0.19,0.99,-0.08,7.104,65.671,-1.524,70
0.16,1.00,-0.06,3.872,67.744,9.329,70
0.03,0.90,-0.10,6.585,53.171,16.890,70
0.08,0.94,-0.16,20.701,33.354,5.823,70
0.27,0.88,-0.18,43.079,28.750,-7.104,70
0.30,0.92,-0.21,63.537,37.195,-7.012,70
0.29,1.00,-0.11,70.915,36.006,7.012,70
0.24,1.07,-0.01,68.293,31.768,26.951,70
0.24,1.18,0.09,88.201,24.146,38.567,70
0.34,1.14,-0.21,143.628,42.165,41.524,70
0.30,1.06,-0.22,207.409,68.720,48.079,70
0.26,0.87,-0.38,187.104,58.049,71.128,70
0.19,0.91,-0.31,142.104,23.476,91.921,70
0.35,0.67,-0.63,96.829,23.140,66.433,70
0.76,0.63,-0.65,89.787,39.878,93.293,70
0.80,0.70,-0.71,53.872,103.628,204.726,70
0.38,0.97,-0.11,20.244,169.756,267.805,70
0.08,0.92,-0.20,-26.951,180.091,193.476,70
0.11,0.65,-0.30,-66.738,140.945,70.305,70
0.25,0.56,-0.39,-98.201,91.067,-16.006,70
0.55,0.48,-0.52,-147.470,130.793,-60.854,70
0.58,0.60,-0.66,-156.616,204.085,-97.226,70
0.96,0.08,0.46,46.646,176.585,-85.396,70
1.14,0.80,0.23,97.957,184.634,-21.738,70
0.82,1.00,0.03,34.756,200.335,35.762,70
0.21,0.76,-0.02,-41.037,166.921,75.732,70
0.43,0.74,0.16,-58.720,68.049,30.396,70
1.24,1.03,0.32,-80.152,48.750,23.720,70
0.98,0.70,0.53,-94.360,137.317,63.323,70
-0.19,0.81,-0.03,-75.396,111.433,87.165,70
0.42,0.90,0.38,-24.817,-53.841,14.299,70
1.06,1.05,0.85,-77.896,-98.262,-60.488,70
0.69,0.97,0.14,-181.585,-54.787,-52.591,70
0.08,0.83,-0.21,-152.652,-27.927,-50.945,70
0.88,0.92,0.34,-50.488,-47.409,-43.628,70
-0.14,0.77,-0.02,-61.951,6.677,5.366,70
0.89,0.70,-0.27,-96.646,20.366,-69.421,70
0.63,0.52,0.04,-66.341,39.146,-57.713,70
1.00,0.22,-0.36,-42.378,93.018,-56.128,70
0.50,0.89,0.47,-39.055,155.366,-81.982,70
0.62,0.80,0.04,-110.488,118.079,-99.695,70
0.55,0.36,0.08,-143.902,87.988,-52.530,70
0.79,0.34,0.37,-104.604,94.207,-64.543,70
0.55,0.57,0.27,-44.207,112.073,-71.799,70
0.51,0.38,0.47,-23.780,99.848,-80.610,70
-0.14,0.57,0.91,-46.189,97.774,-114.787,70
0.21,1.42,0.32,-102.805,74.390,-199.543,70
-1.50,2.48,1.07,-130.640,38.537,-139.604,70
0.15,0.70,0.27,-212.957,-44.268,-26.159,70
0.30,0.94,0.67,-162.835,-9.360,-48.476,70
0.75,0.47,0.59,-109.756,22.470,-23.720,70
0.32,0.44,0.51,-40.640,115.701,-27.012,70
0.03,0.77,0.65,-26.707,146.402,-60.854,70
0.14,0.93,0.89,-70.701,113.628,-79.604,70
0.13,0.81,0.98,-97.500,60.549,-61.159,70
0.47,0.76,0.89,-92.409,8.689,-23.933,70
0.52,0.77,0.62,-105.427,46.433,8.323,70
-0.06,0.95,0.45,-103.049,140.213,29.360,70
-0.81,1.01,0.84,-126.829,151.646,-50.030,70
-0.16,0.76,0.94,-188.841,86.098,-253.811,70
-0.30,0.63,0.69,-214.390,13.354,-362.256,70
-0.09,0.56,1.04,-162.348,-31.829,-459.390,70
0.05,0.50,0.93,-153.018,-1.951,-527.805,70
-0.83,0.83,1.09,-146.951,120.518,-404.756,70
-0.31,0.83,0.57,-72.744,-101.402,133.232,70
0.83,0.33,0.88,-81.951,-287.835,266.555,70
-0.34,0.53,1.18,-192.713,46.220,142.957,70
-0.30,-0.24,1.34,-192.896,210.915,-124.360,70
-0.68,0.14,1.10,-121.646,172.561,-74.970,70
-0.08,0.10,1.04,-99.695,133.415,-83.872,70
-0.31,-0.12,0.80,-125.671,116.098,-52.530,70
-0.44,0.36,0.86,-130.610,84.878,-6.890,70
-0.40,0.35,0.64,-170.274,55.945,10.640,70
-0.22,0.08,0.44,-207.317,43.018,25.579,70
-0.94,0.37,1.31,-265.488,37.073,31.677,70
-0.52,0.01,0.71,-330.152,-30.061,-30.427,70
0.46,0.26,0.99,-351.707,-62.805,-11.098,70
0.64,-0.20,0.45,-344.116,24.299,79.177,70
-0.25,-0.81,-0.29,-295.305,223.354,70.000,70
-1.02,-0.84,1.30,-248.963,294.116,-48.720,70
-0.76,-1.15,0.71,-122.012,191.646,-1.829,70
-0.12,-1.37,0.83,25.457,130.732,46.128,70
-0.62,-1.16,0.27,162.256,174.878,71.555,70
-0.62,-0.62,0.31,229.939,170.579,112.744,70
-0.68,-0.39,0.62,263.750,169.848,117.287,70
-0.77,-0.06,0.87,248.598,199.970,101.341,70
-0.88,0.13,0.68,183.018,235.793,80.335,70
-2.10,0.32,-0.22,81.738,243.963,50.152,70
-0.27,0.75,0.28,122.409,-178.262,-96.860,70
-0.51,0.72,0.50,124.512,-205.061,-90.823,70
0.48,-0.95,0.91,65.701,-140.701,-51.037,70
0.71,0.13,1.02,38.201,-0.335,-65.762,70
-0.49,-0.91,0.55,18.994,150.183,-60.152,70
-1.57,-0.19,0.24,20.152,176.250,-39.695,70
-1.48,-0.22,0.54,22.622,39.268,-38.445,70
-0.81,-0.19,0.53,6.402,-94.970,-6.524,70
-0.21,-0.10,0.67,-12.317,-118.354,3.872,70
-0.18,-0.13,0.80,-19.146,-63.293,10.091,70
-0.17,-0.02,0.85,-20.305,-35.488,-7.835,70
0.29,0.25,1.39,-35.122,-65.335,-17.957,70
0.73,-0.71,0.84,-40.976,3.293,-37.835,70
-0.41,-0.57,1.18,-11.098,172.287,-197.835,70
-0.90,0.16,0.58,0.976,118.415,-166.982,70
-0.48,-0.38,0.70,5.823,30.061,-122.622,70
-2.18,0.71,0.07,-15.701,97.348,-40.061,70
0.38,-0.48,1.14,-177.957,-49.116,284.085,70
0.67,-1.01,-0.16,-224.573,129.146,455.030,70
0.27,0.33,-1.60,-165.122,439.482,628.140,70
-0.91,1.32,-1.77,-20.488,611.951,662.165,70
-5.27,1.24,-0.23,135.030,506.829,648.110,70
-3.86,2.60,-0.22,39.421,-93.598,540.335,70
-1.42,0.85,0.58,-49.421,-151.311,204.787,70
-0.25,0.35,0.91,-107.378,-200.610,53.323,70
-0.69,0.12,-0.16,-161.433,-125.030,73.140,70
-0.95,-0.26,-0.42,-120.854,-69.848,15.274,70
-0.07,-0.06,0.63,-39.268,-83.963,-54.573,70
0.00,-0.05,0.73,-33.293,-26.768,-38.140,70
-0.14,0.02,0.37,-28.079,46.829,-43.354,70
-2.15,0.62,0.77,-12.866,91.250,-95.457,70
-2.25,1.08,0.57,-87.927,-159.909,-196.799,70
-0.80,0.84,0.29,-184.848,-520.335,-220.579,70
0.96,0.67,0.83,-195.701,-598.537,-159.817,70
-0.31,-0.36,1.00,-87.195,83.354,-82.896,70
-1.10,-0.03,0.61,-122.927,424.207,-142.378,70
-1.37,0.56,0.33,-119.085,345.244,-143.415,70
-1.23,-0.02,0.28,-130.915,202.470,-95.091,70
-1.13,0.04,0.33,-127.226,114.421,-83.232,70
-0.94,-0.04,0.33,-89.024,100.030,-69.726,70
-0.84,-0.12,0.12,5.030,129.238,31.433,70
-1.00,-0.11,0.09,82.774,125.793,128.293,70
-1.51,-0.17,0.26,101.921,65.396,149.085,70
-1.17,-0.06,0.20,71.860,2.744,73.720,70
-0.78,0.13,0.30,39.482,0.610,18.963,70
-0.75,0.19,0.37,20.396,32.256,31.311,70
-0.79,0.13,0.20,11.220,52.104,65.122,70
-0.81,0.08,0.07,9.451,51.524,87.317,70
-0.89,0.16,0.11,7.378,40.152,88.567,70
-0.99,0.29,0.18,-0.640,28.018,66.098,70
-0.65,-0.09,0.24,27.073,24.787,18.780,70
-0.47,-0.18,0.08,106.037,79.604,-1.555,70
-0.50,0.06,-0.14,142.012,143.384,-1.341,70
-1.22,0.53,0.05,135.518,168.140,79.909,70
-1.47,0.70,0.12,66.341,60.366,179.024,70
-1.04,0.47,0.09,-13.689,-45.183,170.610,70
-0.77,0.14,0.11,-50.640,-91.616,136.616,70
-0.30,0.19,0.28,-58.445,-70.823,1.189,70
-0.43,0.27,0.43,-34.543,14.634,-100.152,70
-1.02,0.34,0.29,-8.567,101.250,-95.823,70
-1.39,0.51,0.02,-1.006,104.634,-72.043,70
-1.03,0.34,0.13,-24.573,36.555,-59.390,70
-0.89,0.29,0.23,-21.799,20.488,-17.104,70
-0.91,0.39,0.19,1.768,19.268,3.720,70
-0.90,-0.29,0.08,16.341,8.171,-8.262,70
-1.01,0.40,-0.03,24.482,25.945,-29.756,70
-0.91,0.35,0.14,10.000,23.811,-26.860,70
-0.71,0.32,0.20,-32.866,25.701,-3.415,70
-0.91,0.25,0.03,-69.695,62.348,13.476,70
-1.06,0.19,-0.07,-71.585,87.012,-2.134,70
-1.08,0.25,-0.06,-58.201,92.287,-27.195,70
-1.11,0.06,-0.05,-30.854,82.988,-37.409,70
-1.04,0.20,0.01,-17.134,78.354,-40.030,70
-0.96,0.23,0.00,-12.622,77.317,-49.787,70
-1.02,0.24,-0.04,-19.543,72.317,-40.915,70
-1.02,0.21,-0.01,-27.744,55.061,-23.933,70
-0.98,0.23,-0.09,-36.311,39.787,-12.012,70
-1.07,0.11,-0.23,-33.659,31.707,-12.165,70
-1.10,0.06,-0.23,-6.341,14.695,-19.268,70
-0.93,0.21,-0.07,6.524,-1.494,-27.835,70
-0.91,0.24,0.04,5.671,4.024,-19.726,70
-0.98,0.21,-0.03,-13.659,13.598,-7.409,70
-0.96,0.11,-0.04,-22.683,12.195,3.140,70
-0.96,0.17,0.05,-19.726,11.768,14.512,70
-0.85,0.20,-0.08,-17.043,11.829,19.146,70
-0.81,0.17,-0.07,-20.884,31.098,11.463,70
-1.03,0.39,0.09,-44.329,56.524,-2.409,70
-0.85,0.74,-0.09,-95.762,60.579,-17.988,70
-0.75,0.38,-0.30,-135.152,83.171,-24.787,70
-1.13,-0.34,-0.63,-134.085,100.396,-21.098,70
-1.49,-0.63,-0.69,-75.122,78.780,-24.543,70
-1.10,-0.23,-0.42,11.951,6.921,-10.732,70
-0.90,-0.01,-0.33,73.537,-19.817,-9.665,70
-1.03,0.00,-0.39,118.689,-18.293,-26.951,70
-1.11,0.11,-0.37,162.927,-47.500,-25.549,70
-1.16,0.30,-0.29,187.470,-64.756,-24.787,70
-0.93,0.44,-0.07,177.470,-75.091,-29.512,70
-0.78,0.39,0.07,128.293,-61.524,-33.902,70
-0.63,0.35,0.14,65.030,-60.335,2.226,70
-0.73,0.41,-0.04,13.354,-26.494,24.024,70
-0.96,0.16,0.03,4.146,12.622,32.287,70
-1.06,0.28,-0.15,-26.280,10.183,53.567,70
-0.99,0.17,-0.14,-38.201,1.067,56.555,70
-1.15,0.18,-0.25,-51.067,7.988,52.195,70
-1.28,-0.05,-0.42,-50.671,-3.232,39.543,70
-1.22,0.01,-0.38,-35.305,-30.945,31.860,70
-1.18,0.31,-0.12,-16.250,-69.604,17.317,70
-0.56,0.39,-0.15,-19.970,-101.890,0.915,70
-0.82,0.37,0.32,-66.799,-54.787,22.439,70
-1.02,0.30,0.16,-137.348,-9.756,27.470,70
-0.99,0.05,-0.17,-152.317,9.390,11.402,70
-1.08,0.03,-0.26,-117.195,16.860,1.067,70
-1.19,-0.05,-0.25,-55.640,-4.512,-13.415,70
-0.97,-0.06,-0.20,32.165,-57.713,-21.220,70
-0.89,0.08,-0.11,111.555,-76.738,-9.390,70
-0.98,0.22,-0.02,157.439,-67.683,2.104,70
-1.02,0.36,0.05,154.146,-60.091,3.994,70
-1.01,0.39,0.18,112.073,-56.921,7.896,70
-0.95,0.40,0.20,54.787,-54.848,3.232,70
-0.97,0.21,-0.03,31.159,-42.652,-11.951,70
-1.32,0.62,-0.09,67.866,-26.189,-42.012,70
-0.99,-0.07,0.16,115.152,-49.299,-81.494,70
-1.33,-0.03,-0.11,134.085,-88.171,-75.091,70
-1.40,-0.14,-0.13,171.311,-117.744,-67.104,70
-1.02,0.20,-0.10,187.409,-162.591,-57.683,70
-0.68,0.19,0.28,171.463,-139.970,-33.506,70
-0.72,0.07,0.26,151.768,-43.659,-11.616,70
-1.01,-0.05,0.10,155.610,41.982,-44.482,70
-1.11,0.08,0.17,151.616,3.506,-88.354,70
-0.92,0.18,0.26,148.628,-70.915,-67.104,70
-0.77,0.19,0.33,127.652,-105.549,-33.506,70
-0.36,0.64,0.38,114.909,-99.970,-28.293,70
-0.61,0.09,0.37,94.299,-35.274,-25.122,70
-1.45,-0.25,0.24,99.695,52.104,-33.659,70
-1.32,-0.13,-0.24,87.317,49.390,-89.421,70
-0.99,-0.05,0.49,122.409,-28.049,-39.939,70
-0.60,0.64,0.55,84.024,-33.384,-13.354,70
-0.85,0.21,0.45,31.616,20.183,-16.037,70
-1.06,-0.11,0.07,9.390,49.604,-21.524,70
-1.24,-0.14,-0.05,32.317,37.409,-20.976,70
-1.07,-0.08,0.05,68.902,-13.994,-10.000,70
-1.14,0.14,0.21,85.457,-30.762,-10.671,70
-0.01,0.05,0.83,63.963,-36.006,6.220,70
-1.45,-1.33,0.47,110.671,126.829,14.390,70
-1.45,-0.35,0.62,155.732,18.537,-77.409,70
-0.53,0.34,0.40,97.652,-68.110,-10.884,70
-0.84,0.10,0.62,28.232,-0.823,2.348,70
-1.06,0.10,0.25,-41.738,39.695,12.165,70
-1.00,0.10,0.33,-61.006,32.195,24.329,70
-1.12,0.07,-0.24,-47.195,33.902,-3.750,70
-1.12,0.08,0.03,-1.372,8.323,-29.177,70
-1.03,0.09,0.17,-0.366,-12.378,-29.390,70
-0.87,0.07,0.21,-27.256,-11.555,-18.780,70
-0.90,-0.09,0.19,-52.866,8.140,9.421,70
-1.00,-0.05,0.17,-56.738,30.976,19.207,70
-1.06,-0.07,0.10,-41.494,32.683,19.085,70
-1.03,0.00,0.13,-11.829,14.909,9.665,70
-1.03,0.04,0.19,-5.762,1.006,13.384,70
-0.97,0.10,0.25,-23.902,-8.963,23.933,70
-0.90,0.12,0.13,-38.720,2.561,12.470,70
-1.09,-0.02,0.03,-22.165,27.622,-5.671,70
-1.03,-0.02,0.11,3.079,21.738,0.213,70
-0.96,0.09,0.12,10.915,17.683,5.884,70
-0.96,0.03,0.14,16.037,18.902,10.549,70
-1.00,0.01,0.12,13.780,21.006,19.634,70
-0.96,0.00,0.14,11.860,27.561,20.945,70
-1.03,0.00,0.07,16.555,39.268,23.598,70
-1.06,0.01,0.02,35.335,37.683,18.476,70
-0.89,0.15,0.23,48.323,28.293,8.994,70
-0.77,0.27,0.23,0.213,40.030,13.476,70
-0.81,0.12,0.14,-74.268,32.835,64.268,70
-1.06,0.14,-0.09,-95.762,36.616,98.811,70
-1.10,0.16,-0.03,-66.982,36.860,85.183,70
-1.13,0.16,-0.15,-34.085,44.848,43.780,70
-0.93,0.13,-0.05,12.866,45.915,8.598,70
-1.03,0.19,-0.07,29.604,49.238,8.598,70
-0.93,0.22,-0.06,34.848,48.415,8.201,70
-0.96,0.25,-0.05,39.512,50.945,12.622,70
-1.04,0.32,-0.01,28.049,57.256,23.963,70
-1.06,0.29,-0.12,3.262,44.512,49.665,70
-0.96,0.31,-0.08,-13.750,30.335,50.671,70
-0.95,0.34,-0.09,-25.671,20.152,59.848,70
-1.07,0.25,-0.18,-29.909,9.390,72.500,70
-1.04,0.17,-0.28,-20.000,-1.860,60.427,70
-0.95,0.26,-0.16,5.518,-11.311,53.537,70
-0.90,0.31,-0.07,11.220,-5.701,49.817,70
-0.91,0.32,-0.07,6.067,8.659,39.726,70
-1.00,0.32,-0.11,5.488,15.122,34.421,70
-0.97,0.31,-0.11,6.738,12.957,22.317,70
-0.97,0.31,-0.08,12.317,7.165,14.787,70
-0.91,0.35,-0.05,4.299,7.104,7.317,70
-0.94,0.30,-0.10,-9.787,11.067,-1.768,70
-1.00,0.23,-0.17,-5.762,11.098,-16.098,70
-0.88,0.36,-0.08,8.262,8.963,-19.756,70
-0.97,0.32,-0.12,10.488,18.659,-13.811,70
-0.96,0.33,-0.07,16.372,15.945,-12.530,70
-0.97,0.38,-0.09,16.189,15.061,-20.518,70
-0.97,0.32,-0.08,10.762,13.689,-23.872,70
-0.94,0.32,-0.04,-3.445,16.860,-13.841,70
-0.92,0.32,-0.10,-27.317,21.829,-3.537,70
-0.93,0.36,-0.06,-38.598,16.585,12.530,70
-0.93,0.33,-0.09,-52.317,12.012,20.122,70
-0.55,0.31,0.03,-70.305,10.183,29.390,70
-1.17,0.42,-0.25,-95.244,29.329,68.079,70
-0.83,0.30,-0.11,-89.573,4.756,45.274,70
-0.88,0.46,-0.10,-84.573,-3.323,48.018,70
-1.01,0.31,-0.18,-82.165,-5.396,52.470,70
-0.93,0.40,-0.18,-67.866,-15.122,29.512,70
-0.92,0.37,-0.18,-43.720,-15.122,18.720,70
-0.68,0.45,0.25,-29.817,-7.805,16.738,70
-0.97,0.39,-0.12,-49.604,9.177,32.805,70
-0.89,0.52,-0.09,-38.506,3.750,10.305,70
-1.11,0.36,-0.15,-33.110,4.543,32.470,70
-0.92,0.47,-0.14,-2.744,-10.610,31.128,70
-0.97,0.40,-0.14,19.756,-12.287,13.933,70
-0.87,0.53,-0.01,31.189,-22.744,15.091,70
-0.84,0.46,-0.03,18.445,-18.720,7.043,70
-0.96,0.50,0.00,5.091,-5.579,2.287,70
-0.96,0.42,-0.11,-3.841,3.598,-19.085,70
-0.91,0.43,-0.05,3.841,-4.146,-30.274,70
-0.88,0.42,-0.06,-0.244,-3.659,-40.000,70
-0.85,0.37,-0.03,-8.933,-7.622,-14.695,70
-0.94,0.43,0.01,-12.439,-4.329,1.677,70
-0.91,0.42,-0.03,-23.079,0.732,2.256,70
-0.87,0.44,-0.03,-40.579,8.354,11.159,70
-0.91,0.39,-0.08,-56.250,8.537,33.811,70
-0.94,0.47,-0.04,-46.616,1.524,33.415,70
-0.87,0.45,-0.03,-35.396,-5.823,11.707,70
-0.91,0.43,-0.02,-21.037,-6.311,13.079,70
-0.90,0.50,0.01,-6.311,-4.695,5.457,70
-0.86,0.49,0.01,-9.756,-2.561,8.201,70
-0.88,0.53,0.05,-21.616,-0.823,31.860,70
-0.85,0.51,-0.04,-52.622,-3.598,48.720,70
-0.93,0.65,0.14,-74.177,-2.957,33.140,70
-1.27,1.40,-0.30,-191.280,29.604,-28.293,70
-0.78,-0.80,-0.48,-186.433,89.390,-188.476,70
-0.88,0.63,-0.06,-50.976,1.250,-59.360,70
0.50,0.34,0.62,-88.933,-30.640,-3.628,70
-0.75,-1.22,-0.50,-30.335,-7.043,22.774,70
-0.56,1.96,-0.82,-46.555,-68.323,158.018,70
-1.60,0.64,0.76,77.744,-19.207,133.476,70
-1.42,-0.17,1.10,39.482,2.957,-3.506,70
-0.59,0.94,-0.24,-62.835,8.841,-56.037,70
-0.75,0.23,-0.21,-28.811,39.604,-51.128,70
-0.66,0.12,-0.24,33.628,-15.823,2.774,70
-0.72,0.56,0.00,99.116,-65.518,69.787,70
-0.81,0.75,0.23,106.646,-66.616,70.884,70
-1.16,0.65,0.18,65.427,-13.079,46.738,70
-1.16,0.74,0.14,18.659,20.762,-32.104,70
-0.78,0.76,-0.01,-24.604,6.037,-67.927,70
-0.81,0.50,-0.01,-29.055,-0.457,-71.402,70
-0.88,0.53,0.02,-30.030,-16.951,-72.896,70
-0.93,0.57,0.11,-45.549,-19.512,-53.720,70
-0.85,0.41,0.07,-82.043,-12.927,-21.341,70
-0.91,0.29,0.03,-81.616,-6.555,-22.530,70
-0.96,0.38,0.05,-58.780,-5.457,-34.299,70
-0.93,0.50,0.14,-54.817,-6.646,-29.604,70
-0.87,0.60,0.26,-81.707,-7.104,-27.256,70
-0.86,0.53,0.25,-135.701,-4.116,-7.683,70
-0.87,0.29,0.16,-175.122,-4.055,-0.213,70
-0.93,0.11,0.10,-168.902,1.311,-9.482,70
-0.96,0.17,0.06,-128.445,-1.280,-18.659,70
-0.84,-0.16,-0.03,-55.701,-9.482,-17.896,70
-1.06,0.44,0.28,43.110,0.549,-4.207,70
-0.89,0.38,0.52,33.598,3.994,-21.768,70
-0.44,0.61,0.37,-14.482,8.354,0.305,70
-1.36,0.12,-0.16,-61.799,27.043,62.256,70
-1.27,0.28,0.01,-49.116,-2.348,46.098,70
-0.64,0.36,0.25,-38.902,-37.134,21.159,70
-0.81,0.39,0.24,-39.116,-12.409,17.226,70
-1.17,0.29,0.06,-34.939,16.707,2.287,70
-1.13,0.22,0.05,-3.659,26.189,-37.165,70
-0.92,0.36,0.19,25.122,35.488,-63.415,70
-0.75,0.42,0.27,22.774,44.604,-51.585,70
-0.80,0.41,0.26,-2.652,58.018,-20.183,70
-0.96,0.35,0.15,-20.366,60.854,4.695,70
-1.08,0.33,0.05,-18.140,53.354,2.012,70
-1.07,0.21,0.11,-0.274,31.555,-10.579,70
-0.89,0.25,0.11,19.024,13.872,-24.573,70
-0.96,0.29,0.11,35.640,17.591,-34.604,70
-1.01,0.37,0.12,32.957,12.317,-31.098,70
-0.88,0.36,0.15,17.226,-5.976,-11.372,70
-0.85,0.31,0.19,-0.305,-17.134,12.500,70
-0.88,0.34,0.16,-15.122,-22.683,30.732,70
-0.99,0.26,0.12,-19.116,-28.963,43.780,70
-1.00,0.34,0.41,-12.835,-29.421,35.366,70
-0.99,0.54,0.34,-43.963,-7.927,11.982,70
-0.87,0.57,0.35,-90.152,-5.091,15.427,70
-1.14,0.49,0.14,-135.823,14.238,3.262,70
-0.98,0.42,0.32,-147.348,-6.677,-7.165,70
-0.76,0.48,0.33,-176.921,-25.610,13.902,70
-0.70,0.15,0.13,-200.518,-3.659,35.884,70
-0.87,0.12,-0.13,-178.110,23.476,48.537,70
-1.05,0.21,0.00,-116.951,39.024,40.030,70
-1.15,0.41,0.09,-83.018,42.470,21.860,70
-1.01,0.30,0.18,-76.555,21.006,18.933,70
-0.74,0.22,0.13,-61.250,8.841,12.683,70
-0.98,0.30,0.30,-29.604,18.323,8.445,70
-1.00,0.30,0.24,-17.896,25.762,-13.201,70
-0.71,0.23,0.19,-15.366,27.896,-26.159,70
-0.99,0.02,0.06,22.774,36.006,-42.073,70
-0.81,0.40,0.49,51.951,-14.787,-30.884,70
-0.97,0.32,0.13,31.860,-12.043,-40.091,70
-1.14,0.46,0.22,38.750,-18.780,-55.762,70
-0.85,0.34,0.41,4.329,-9.787,-60.335,70
-0.68,0.21,0.11,-29.360,7.287,-43.049,70
-0.75,0.27,0.28,-19.268,22.622,-20.823,70
-0.98,0.27,0.14,-26.006,41.768,-13.689,70
-1.20,0.25,0.17,-23.415,33.902,-14.299,70
-1.11,0.18,0.14,-24.085,14.512,-21.494,70
-0.87,0.23,0.19,-12.378,-3.872,-18.780,70
-0.92,0.38,0.36,-13.720,-3.537,-5.640,70
-0.86,0.31,0.12,-39.055,-8.750,11.982,70
-1.06,0.09,0.06,-41.829,-6.921,23.933,70
-1.11,0.07,0.02,-15.274,-12.470,13.476,70
-0.99,0.19,0.34,15.152,-19.390,-3.415,70
-0.87,0.27,0.38,3.659,-22.530,-2.256,70
-0.92,0.27,0.28,-30.610,-12.043,10.854,70
-0.96,0.22,0.22,-41.585,-7.104,15.183,70
-1.05,0.11,0.12,-40.671,-1.463,5.152,70
-1.00,0.06,0.07,-22.439,-1.311,-12.927,70
-0.95,0.21,0.23,11.402,1.829,-25.213,70
-0.95,0.30,0.24,14.268,4.238,-20.671,70
-0.98,0.24,0.36,1.189,0.762,-8.293,70
-0.99,0.20,0.24,-12.470,2.927,-13.872,70
-0.88,0.10,1.00,-20.152,20.823,-38.415,70
-0.79,0.49,-0.71,-89.756,44.207,-81.921,70
-1.07,-0.22,-0.55,33.598,-4.055,-61.067,70
-1.20,0.20,0.06,135.274,-33.079,-64.146,70
-0.97,0.49,0.54,141.494,-46.799,-72.805,70
-0.78,0.32,0.45,84.421,-18.963,-74.421,70
-0.83,0.16,0.35,41.555,1.707,-47.012,70
-0.85,0.07,0.20,25.945,15.854,-32.652,70
-0.90,0.09,0.18,33.384,30.793,-39.207,70
-1.04,0.07,0.16,36.098,28.811,-39.512,70
-1.08,0.04,0.33,32.896,7.043,-26.890,70
-1.01,0.37,0.01,23.354,-2.287,-28.049,70
-1.08,0.04,0.51,44.024,-4.177,-32.317,70
-0.80,0.04,0.29,0.274,-24.726,-12.530,70
-0.96,0.00,0.22,-18.994,-17.957,12.043,70
-1.03,-0.01,0.19,-8.841,-14.970,15.610,70
-0.94,0.04,0.17,0.793,-17.805,17.957,70
-0.98,0.10,0.35,6.524,-6.951,20.549,70
-1.17,0.04,0.24,-9.726,1.159,13.018,70
-0.92,-0.07,0.14,-16.311,-16.616,7.927,70
-1.03,-0.02,0.23,-1.311,-13.811,7.256,70
-1.01,0.09,0.26,13.079,-14.360,-1.159,70
-1.07,0.10,0.20,12.348,-17.226,2.043,70
-1.00,0.01,0.21,9.695,-26.951,11.189,70
-1.01,0.05,0.24,15.701,-30.579,15.000,70
-1.01,0.06,0.22,23.780,-28.720,9.543,70
-0.97,0.13,0.27,33.628,-26.341,2.470,70
-0.82,0.09,0.31,21.982,-29.848,16.189,70
-0.85,0.06,0.32,8.933,-23.293,31.128,70
-0.97,0.15,0.28,7.530,-19.329,35.274,70
-0.87,0.23,0.35,4.634,-11.585,34.665,70
-0.99,0.28,0.45,-28.110,13.567,37.226,70
-0.76,0.16,0.33,-62.439,32.104,38.933,70
-0.95,0.12,0.30,-70.518,51.890,54.604,70
-1.21,0.10,0.11,-61.463,42.348,50.549,70
-0.95,0.10,0.27,-32.957,0.488,31.433,70
-0.73,0.16,0.28,-22.287,-9.421,26.128,70
-1.02,0.22,0.11,-15.274,12.805,31.463,70
-1.02,0.28,0.12,1.372,20.152,18.293,70
-1.04,0.34,0.21,6.463,25.915,5.061,70
-1.00,0.19,0.25,-3.018,17.988,-4.390,70
-1.05,0.01,0.12,-4.116,5.213,-5.122,70
-0.88,0.14,0.26,29.482,-1.707,-17.591,70
-0.85,0.27,0.34,42.165,0.183,-11.646,70
-1.01,0.25,0.21,36.616,7.378,-1.250,70
-1.02,0.24,0.21,32.226,0.488,2.774,70
-0.97,0.11,0.15,22.439,-15.793,9.604,70
-0.99,0.05,0.18,35.122,-24.634,6.463,70
-0.90,0.14,0.33,56.280,-23.628,-4.207,70
-0.99,0.20,0.31,61.921,-8.049,-8.659,70
-1.02,0.35,0.36,57.835,-4.390,-14.421,70
-0.83,0.31,0.42,19.329,-16.037,1.341,70
-1.29,0.03,0.91,-23.506,-12.470,8.902,70
-0.54,0.25,0.42,-46.098,-47.896,4.146,70
-1.12,0.14,0.18,-50.915,-13.506,36.555,70
-1.02,0.17,0.23,-29.604,-25.335,29.451,70
-0.85,0.19,0.21,-10.610,-25.884,18.415,70
-1.00,0.16,0.19,-13.506,-15.061,25.945,70
-0.88,0.16,0.21,-14.543,-15.000,14.512,70
-0.96,0.25,0.31,-9.329,-14.055,13.628,70
-1.06,0.18,0.21,-5.915,-14.695,19.390,70
-1.02,0.11,0.14,12.134,-23.110,23.811,70
-0.89,0.18,0.16,38.598,-32.835,21.098,70
-0.74,0.39,0.42,47.226,-41.524,19.604,70
-0.85,0.26,0.34,22.988,-38.750,24.573,70
-0.87,0.23,0.33,25.488,-35.335,22.591,70
-1.01,0.18,0.19,46.860,-26.799,12.896,70
-0.91,0.24,0.22,86.372,-28.476,4.238,70
-0.77,0.45,0.42,102.683,-26.402,1.555,70
-0.87,0.38,0.38,76.159,-13.780,12.561,70
-0.88,0.33,0.34,68.384,-4.878,7.774,70
-0.91,0.39,0.35,75.732,-6.433,10.213,70
-0.89,0.27,0.23,81.677,-12.226,16.677,70
-0.82,0.42,0.34,109.299,-9.909,9.299,70
-0.88,0.49,0.39,116.402,1.463,-8.354,70
-0.90,0.62,0.53,85.549,5.244,-7.835,70
-0.89,0.39,0.35,21.098,-3.994,32.195,70
-0.93,0.33,0.21,1.189,-9.726,46.677,70
-0.91,0.31,0.20,10.610,-14.207,38.476,70
-0.87,0.41,0.29,24.939,-12.226,14.207,70
-0.86,0.49,0.35,27.805,-9.360,6.189,70
-0.87,0.49,0.34,19.787,-5.030,12.530,70
-0.88,0.34,0.26,6.646,-2.165,22.896,70
-0.89,0.38,0.24,13.628,-0.884,13.232,70
-0.85,0.44,0.29,19.573,4.573,-8.171,70
-0.85,0.48,0.34,15.366,6.311,-13.049,70
-0.85,0.53,0.31,5.823,11.555,-15.274,70
-0.78,0.46,0.36,-13.659,14.177,-6.006,70
-0.57,0.25,0.33,-40.213,5.061,39.573,70
-1.25,0.56,0.27,-44.787,15.244,51.860,70
-0.87,0.39,0.21,-32.348,-0.732,10.244,70
-0.90,0.51,0.30,-16.159,-16.890,13.506,70
-0.85,0.42,0.28,-22.256,-20.610,13.994,70
-0.80,0.42,0.31,-19.268,-23.140,9.085,70
-0.75,0.34,0.30,-16.220,-25.488,1.433,70
-0.90,0.45,0.25,-3.780,-35.305,10.213,70
-0.92,0.47,0.28,10.854,-30.640,7.896,70
-0.84,0.43,0.29,20.640,-23.963,-8.445,70
-0.85,0.45,0.34,36.433,-22.226,-2.927,70
-0.86,0.46,0.32,40.793,-17.713,-1.006,70
-0.83,0.51,0.40,38.689,-14.939,-7.652,70
-0.87,0.49,0.37,21.799,-14.787,-9.421,70
-0.82,0.50,0.39,14.695,-16.494,-10.915,70
-0.84,0.48,0.38,6.189,-18.293,-3.811,70
-0.87,0.45,0.33,-1.738,-19.024,3.780,70
-0.83,0.43,0.36,2.988,-14.756,-9.726,70
-0.84,0.45,0.37,7.378,-11.220,-15.457,70
-0.82,0.46,0.40,8.811,-8.262,-14.848,70
-0.81,0.47,0.39,4.939,-6.402,-15.213,70
-0.82,0.46,0.40,-3.354,-6.921,-8.902,70
-0.82,0.45,0.35,-9.543,-5.488,-6.738,70
-0.81,0.41,0.39,-7.226,-2.439,-8.018,70
-0.84,0.40,0.38,-9.055,3.537,-8.354,70
-0.83,0.44,0.40,-7.713,7.409,-11.280,70
-0.84,0.41,0.36,-12.957,9.604,-16.341,70
-0.85,0.44,0.41,-14.299,12.683,-24.299,70
-0.86,0.36,0.33,-22.165,11.159,-14.482,70
-0.85,0.40,0.39,-16.890,4.634,-4.665,70
-0.85,0.37,0.34,-19.207,3.659,-4.451,70
-0.85,0.36,0.39,-11.006,4.390,-7.012,70
-0.82,0.37,0.35,-16.738,4.482,-1.341,70
-0.90,0.35,0.31,-20.030,6.616,2.744,70
-0.87,0.37,0.34,-9.634,1.067,10.030,70
-0.88,0.37,0.35,0.793,-0.213,9.970,70
-0.85,0.43,0.41,10.854,-2.622,4.329,70
-0.87,0.43,0.40,8.811,-0.640,-2.439,70
-0.83,0.45,0.44,1.189,-4.848,3.720,70
-0.84,0.42,0.37,-16.159,-8.872,14.756,70
-0.87,0.41,0.35,-23.110,-8.079,16.220,70
-0.79,0.38,0.32,-24.726,-6.433,12.073,70
-0.85,0.36,0.29,-20.549,-1.890,5.945,70
-0.86,0.41,0.33,-4.116,3.811,-5.183,70
-0.88,0.44,0.38,3.567,13.171,-17.866,70
-0.83,0.43,0.39,-4.512,9.787,-17.439,70
-0.84,0.40,0.38,-12.012,-1.067,-4.695,70
-0.84,0.38,0.38,-12.073,-5.884,0.976,70
-0.82,0.38,0.37,-13.354,-6.768,1.829,70
-0.85,0.40,0.37,-10.396,-2.195,-1.860,70
-0.83,0.41,0.40,-10.854,-0.610,-4.116,70
-0.83,0.39,0.37,-20.945,-3.598,1.677,70
-0.86,0.38,0.36,-24.878,-5.396,2.713,70
-0.87,0.37,0.37,-20.823,-6.890,-1.860,70
-0.85,0.38,0.38,-14.695,-6.311,-6.982,70
-0.86,0.38,0.41,-9.543,-2.591,-8.537,70
-0.84,0.39,0.40,-7.348,-1.128,-5.030,70
-0.89,0.39,0.41,-3.476,3.415,-8.537,70
-0.83,0.42,0.43,-1.707,1.402,-10.945,70
-0.86,0.37,0.39,-6.463,2.835,-10.793,70
-0.85,0.36,0.38,-2.470,6.616,-17.683,70
-0.85,0.33,0.33,2.104,9.695,-24.726,70
-0.92,0.40,0.40,11.250,10.976,-30.457,70
-0.81,0.33,0.36,3.201,4.634,-20.457,70
-0.91,0.34,0.38,5.488,5.152,-21.646,70
-0.87,0.34,0.40,8.933,5.183,-26.402,70
-0.85,0.32,0.42,8.262,7.530,-26.677,70
-0.86,0.32,0.37,1.707,5.823,-21.738,70
-0.91,0.31,0.37,1.037,5.732,-22.439,70
-0.86,0.28,0.37,-2.043,3.293,-16.524,70
-0.90,0.27,0.36,-1.738,0.793,-4.756,70
-0.90,0.29,0.37,0.854,-1.890,-2.744,70
-0.88,0.31,0.40,8.232,-3.140,-5.427,70
-0.85,0.31,0.40,6.402,-7.713,2.896,70
-0.92,0.31,0.38,2.256,-6.341,4.421,70
-0.89,0.30,0.37,0.640,-3.659,1.860,70
-0.90,0.33,0.36,-1.159,2.134,-8.689,70
-0.88,0.33,0.39,0.366,4.726,-20.122,70
-0.85,0.28,0.35,-3.933,-0.305,-10.335,70
-0.90,0.30,0.33,0.518,-5.122,5.762,70
-0.89,0.32,0.35,9.238,-7.134,-0.945,70
-0.89,0.32,0.36,13.628,-3.476,-13.811,70
-0.91,0.35,0.37,17.317,-0.732,-24.634,70
-0.67,0.36,0.76,18.110,-9.848,-31.006,70
-0.91,0.24,0.34,-9.451,24.695,-35.976,70
-0.88,0.26,0.29,-1.006,13.598,-41.585,70
-0.92,0.34,0.41,10.427,1.402,-35.457,70
-0.88,0.26,0.40,5.396,-3.323,-25.244,70
-0.86,0.31,0.42,10.823,-14.756,-15.427,70
-0.97,0.32,0.50,5.732,-16.982,-4.451,70
-0.80,0.26,0.45,-2.043,-26.189,2.866,70
-0.85,0.26,0.43,-9.634,-21.433,11.860,70
-0.80,0.25,0.43,-17.134,-26.982,29.329,70
-0.91,0.22,0.39,-22.713,-22.104,41.189,70
-1.03,0.25,0.34,-14.421,-15.915,31.768,70
-0.86,0.21,0.39,-2.896,-21.768,24.421,70
-0.90,0.27,0.42,6.372,-21.982,24.909,70
-0.86,0.26,0.44,8.262,-22.561,19.146,70
-0.87,0.28,0.44,6.006,-19.787,16.494,70
-0.69,0.34,0.82,3.201,-12.927,13.354,70
-0.87,0.29,0.53,-0.427,-4.512,10.213,70
-0.85,0.27,0.44,-2.439,-4.787,14.451,70
-0.89,0.32,0.45,-2.957,1.159,5.610,70
-0.86,0.33,0.48,-5.640,6.341,-4.817,70
-0.87,0.31,0.40,-9.634,10.030,-7.043,70
-0.96,0.29,0.52,-3.994,6.799,-18.933,70
-0.76,0.37,0.40,-6.067,8.872,-8.994,70
-0.82,0.22,0.36,-7.500,-3.171,6.951,70
-0.83,0.34,0.44,0.244,6.646,-5.183,70
-0.83,0.32,0.43,-2.439,13.689,-8.476,70
-0.87,0.36,0.44,-4.543,22.073,-9.482,70
-0.86,0.34,0.45,-6.677,21.037,-6.677,70
-0.89,0.30,0.40,-10.793,12.409,3.841,70
-0.86,0.30,0.39,-6.829,2.500,6.098,70
-0.86,0.32,0.39,0.915,-2.652,3.628,70
-0.85,0.31,0.39,8.567,-1.250,-3.445,70
-0.87,0.31,0.38,18.506,5.976,-13.049,70
-0.91,0.26,0.32,33.232,16.555,-26.098,70
-0.89,0.25,0.31,66.402,19.390,-38.293,70
-0.82,0.46,0.47,101.220,3.780,-30.000,70
-0.82,0.47,0.52,106.799,-11.128,-19.787,70
-0.89,0.46,0.53,89.573,-24.299,-8.171,70
-0.96,0.45,0.48,58.902,-32.683,-15.610,70
-0.99,0.45,0.52,25.366,-37.744,-34.451,70
-0.99,0.55,0.58,-19.055,-22.805,-62.957,70
-1.10,0.40,0.33,-56.860,15.610,-117.957,70
-0.59,0.28,0.28,-75.244,-12.561,-138.079,70
-0.67,0.39,0.43,-110.152,-13.323,-60.213,70
-0.84,0.12,0.14,-185.335,-17.043,50.335,70
-1.14,-0.04,0.08,-161.768,-2.439,27.622,70
-1.10,-0.19,0.03,-75.854,-5.457,-58.537,70
-0.85,-0.36,0.13,76.982,-29.268,-89.726,70
-0.77,0.49,0.48,138.018,-28.201,-66.707,70
-0.72,0.05,0.42,90.244,-19.787,-19.665,70
-0.84,0.04,0.36,69.817,-11.189,39.756,70
-0.92,-0.01,0.38,96.921,-30.061,47.744,70
-0.99,0.10,0.44,140.762,-89.390,-15.335,70
-0.54,0.29,0.77,166.646,-154.482,-117.256,70
-0.54,0.21,0.88,168.232,-123.262,-110.152,70
-0.58,0.13,0.87,161.738,-101.524,-31.860,70
-0.49,0.21,0.95,156.738,-130.335,26.159,70
-0.54,0.27,1.02,152.226,-143.933,41.982,70
-0.61,0.27,1.02,146.433,-135.000,37.378,70
-0.60,0.23,1.07,145.671,-127.439,35.152,70
-0.53,0.24,1.18,160.884,-119.634,41.250,70
-0.51,0.34,1.25,184.573,-93.750,46.646,70
-0.52,0.47,1.35,191.463,-55.793,45.457,70
-0.52,0.59,1.32,169.970,-10.427,40.640,70
-0.61,0.65,1.14,130.427,45.122,26.098,70
-0.71,0.59,0.83,85.366,92.409,0.762,70
-0.75,0.51,0.55,42.165,122.927,-19.207,70
-0.72,0.24,0.20,12.104,141.982,-29.055,70
-0.78,0.23,0.11,-20.823,168.902,-48.201,70
-0.81,0.43,-0.09,-95.213,187.957,-61.006,70
-0.68,0.06,-0.42,-211.646,169.360,-45.488,70
-0.66,0.03,-1.21,-252.409,64.787,17.805,70
-0.95,-0.44,-1.54,-63.902,-109.939,102.134,70
-1.31,0.09,-0.79,167.378,-244.451,97.744,70
-0.71,1.32,0.09,185.000,-352.805,23.689,70
-0.14,1.52,0.40,-33.659,-387.957,-15.061,70
-0.16,0.52,0.64,-265.945,-402.622,28.841,70
-0.12,-0.58,1.35,-263.262,-406.921,107.378,70
0.13,-0.21,1.83,-20.396,-306.524,127.530,70
0.00,1.42,2.43,187.195,-138.841,68.811,70
-0.26,2.05,2.03,139.055,-5.976,16.677,70
-0.44,1.37,1.29,6.585,94.695,-29.909,70
-0.46,0.82,0.64,-5.518,195.152,-110.274,70
-0.61,0.57,0.31,79.360,283.963,-176.433,70
-0.75,0.45,0.39,143.689,317.409,-217.835,70
-0.73,0.05,0.25,116.585,282.165,-238.872,70
-0.77,-0.59,-0.44,41.555,179.848,-213.872,70
-1.03,-1.11,-0.71,1.463,14.726,-117.896,70
-0.89,-0.94,-0.44,-10.122,-153.506,28.232,70
-0.43,-0.16,0.28,-50.823,-267.713,170.671,70
0.06,0.34,1.00,-96.646,-319.909,265.884,70
0.33,0.76,1.76,-96.372,-290.488,301.189,70
0.29,1.16,1.48,-48.811,-192.287,261.128,70
0.15,1.46,1.45,36.311,-71.037,152.561,70
-0.01,2.46,1.48,75.610,46.738,4.451,70
0.04,1.40,1.12,81.677,159.116,-167.591,70
0.06,0.92,0.78,132.317,245.823,-288.598,70
-0.23,0.68,0.34,218.567,307.073,-333.994,70
-0.70,0.70,0.11,293.537,326.524,-342.713,70
-1.08,0.71,0.03,317.226,297.287,-351.555,70
-1.10,0.40,-0.21,294.360,236.860,-373.323,70
-1.23,-0.04,-0.21,253.293,166.829,-397.012,70
-1.14,-0.75,-0.03,175.183,69.909,-391.524,70
-0.60,-2.23,0.14,84.726,-16.555,-315.030,70
-0.01,-2.25,0.14,50.549,-53.750,-93.140,70
-0.55,-1.58,0.05,19.024,-79.360,185.335,70
-0.84,-0.94,0.34,-59.146,-107.317,313.110,70
-0.61,-0.55,0.49,-142.500,-109.177,360.976,70
-0.31,-0.15,0.70,-169.146,-109.421,417.226,70
0.28,0.57,1.08,-150.366,-112.561,465.701,70
0.75,1.78,1.43,-136.524,-83.384,489.695,70
0.34,4.23,1.48,-172.805,-36.250,461.341,70
-0.34,2.62,0.94,-211.433,-36.372,316.128,70
-0.24,2.24,0.69,-142.652,0.610,31.463,70
-0.13,1.83,0.32,25.610,76.860,-199.055,70
-0.31,1.61,0.18,204.299,81.982,-326.524,70
-0.63,1.46,0.57,312.683,38.811,-370.579,70
-0.90,0.85,1.01,270.122,-1.463,-400.427,70
-0.82,-1.31,1.01,99.390,-15.122,-443.445,70
0.50,-3.98,0.50,-20.122,51.311,-475.793,70
-0.16,-1.74,-0.07,15.152,59.451,-128.079,70
-1.15,-0.76,0.19,-57.470,-31.677,268.780,70
-1.00,-0.39,0.43,-182.530,-89.238,409.878,70
-0.33,-0.09,0.63,-226.738,-126.524,430.366,70
0.58,0.85,0.85,-179.665,-130.091,437.317,70
0.90,3.96,1.29,-130.610,-89.238,440.610,70
-0.35,2.09,1.29,-137.988,-86.220,378.537,70
-0.30,2.22,1.11,-124.787,-75.610,77.104,70
-0.05,1.63,0.36,-46.341,27.927,-171.646,70
-0.25,1.08,-0.09,89.909,62.409,-277.988,70
-0.76,1.10,0.27,233.780,34.177,-297.104,70
-1.10,1.13,1.19,258.902,-0.305,-306.982,70
-0.70,-0.15,1.22,103.384,-12.652,-347.561,70
-0.02,-4.45,0.07,-43.537,49.146,-393.354,70
-0.29,-1.54,0.03,30.427,67.957,-200.030,70
-0.90,-0.49,0.22,-7.591,-20.396,177.378,70
-0.90,-0.25,0.63,-139.817,-100.488,379.268,70
-0.23,-0.20,0.71,-207.348,-125.854,434.177,70
0.61,0.66,0.78,-155.701,-127.409,441.128,70
0.91,3.39,1.20,-83.963,-95.762,418.232,70
-0.48,1.89,1.30,-96.067,-81.220,338.018,70
-0.38,2.08,0.96,-100.396,-65.000,52.104,70
0.13,1.43,0.44,-4.970,9.482,-197.165,70
-0.06,1.17,0.32,131.341,43.171,-291.646,70
-0.49,1.20,0.64,218.933,32.866,-297.226,70
-0.73,0.91,1.38,179.055,11.006,-298.872,70
-0.40,-0.89,1.04,34.390,21.494,-317.073,70
-0.04,-3.53,0.12,-28.598,88.232,-331.921,70
-0.54,-0.79,0.11,27.378,92.896,-138.232,70
-0.91,-0.21,0.35,-66.616,16.037,157.744,70
-0.59,-0.12,0.61,-180.732,-50.823,328.079,70
-0.04,0.19,0.65,-191.524,-74.207,389.451,70
0.52,1.44,0.91,-116.951,-71.524,389.238,70
-0.29,4.32,1.45,-78.049,-33.262,321.921,70
-0.53,1.92,0.69,-85.762,-17.988,116.037,70
-0.15,1.37,0.64,-35.823,22.622,-127.683,70
-0.05,1.05,0.36,77.348,53.415,-244.848,70
-0.47,1.21,0.54,170.457,57.957,-268.628,70
-0.77,1.14,0.98,164.085,32.134,-270.823,70
-0.57,0.31,1.23,47.500,11.768,-286.585,70
-0.41,-2.53,0.60,-59.482,43.140,-295.701,70
-0.40,-2.01,0.26,-1.098,73.140,-241.402,70
-0.79,-0.35,0.23,23.811,26.921,1.616,70
-0.87,-0.03,0.53,-79.787,-62.256,219.329,70
-0.54,0.07,0.81,-167.530,-115.244,323.110,70
-0.12,0.47,0.94,-158.018,-114.726,349.939,70
0.14,1.87,1.08,-89.878,-82.348,325.518,70
-0.58,1.87,1.20,-61.311,-43.659,223.293,70
-0.53,1.96,0.67,-68.110,-15.000,-4.695,70
-0.09,1.01,0.54,-19.970,21.860,-172.226,70
-0.13,0.65,0.41,81.006,46.037,-216.098,70
-0.64,0.79,0.73,162.683,56.585,-215.030,70
-0.73,0.86,1.46,135.030,37.195,-216.890,70
-0.32,-0.18,1.20,0.335,42.896,-223.750,70
-0.25,-2.81,0.10,-81.128,78.232,-221.311,70
-0.73,-1.25,0.15,-14.817,74.451,-125.488,70
-0.88,-0.30,0.29,-37.866,-18.384,111.799,70
-0.67,-0.05,0.64,-115.671,-98.049,282.409,70
-0.35,0.16,0.84,-136.494,-118.811,342.043,70
-0.02,0.80,0.99,-81.921,-107.134,328.933,70
-0.04,2.45,1.17,-23.659,-70.244,267.043,70
-0.54,1.81,1.08,-32.195,-33.232,127.896,70
-0.26,1.30,0.78,-34.817,-4.634,-67.805,70
-0.06,0.95,0.67,38.506,24.695,-171.402,70
-0.35,0.77,0.64,116.067,49.787,-199.787,70
-0.68,0.81,0.83,135.488,55.549,-207.896,70
-0.65,0.56,1.07,72.866,43.262,-215.152,70
-0.50,-0.60,0.76,-29.177,45.457,-210.671,70
-0.34,-2.51,0.10,-60.762,58.902,-189.787,70
-0.66,-1.00,0.21,1.037,42.896,-51.799,70
-0.74,-0.23,0.39,-22.348,-36.890,171.220,70
-0.53,0.10,0.75,-87.988,-92.683,284.848,70
-0.18,0.39,0.96,-106.646,-102.805,302.988,70
0.06,1.11,1.06,-63.872,-80.305,277.957,70
-0.22,2.96,1.13,-24.116,-39.817,211.860,70
-0.53,1.33,0.91,-31.341,-14.360,56.951,70
-0.20,1.18,0.73,-5.061,8.476,-135.549,70
-0.04,0.94,0.63,80.854,26.159,-231.555,70
-0.38,0.89,0.62,143.201,43.445,-253.963,70
-0.72,0.98,1.03,138.232,36.555,-248.750,70
-0.60,0.41,1.34,42.805,22.134,-247.988,70
-0.40,-2.20,0.91,-57.896,38.689,-245.945,70
-0.08,-2.64,0.22,4.207,70.152,-208.567,70
-0.83,-0.51,0.31,79.390,40.488,27.409,70
-0.94,-0.15,0.55,-36.250,-49.695,235.396,70
-0.58,-0.10,0.85,-147.713,-85.823,310.488,70
-0.09,0.17,0.89,-142.896,-86.707,329.268,70
0.30,1.25,1.02,-54.329,-65.671,329.055,70
-0.33,4.28,1.37,-2.835,-21.250,277.896,70
-0.54,1.58,0.79,-22.409,-5.701,91.098,70
-0.17,1.34,0.78,-2.500,17.287,-121.524,70
-0.10,0.93,0.58,78.262,37.104,-223.750,70
-0.49,0.93,0.75,141.280,42.683,-246.341,70
-0.64,0.83,1.22,115.793,18.720,-243.933,70
-0.39,-0.21,1.01,6.341,9.238,-235.701,70
-0.30,-2.99,0.18,-52.652,34.329,-227.713,70
-0.61,-1.15,0.33,31.128,42.561,-129.177,70
-0.77,-0.30,0.40,2.713,-24.634,107.683,70
-0.68,-0.04,0.68,-91.646,-83.720,258.293,70
-0.40,0.04,0.77,-135.305,-96.098,298.628,70
-0.09,0.50,0.82,-93.262,-91.616,292.104,70
0.06,1.75,0.96,-34.207,-72.073,261.128,70
-0.56,2.83,1.14,-41.098,-46.067,188.750,70
-0.46,1.25,0.73,-80.122,-42.195,28.323,70
-0.22,0.94,0.68,-49.207,-16.921,-107.835,70
-0.33,0.76,0.64,32.591,4.512,-158.018,70
-0.70,0.86,0.81,81.220,12.896,-162.195,70
-0.79,0.79,1.06,44.055,0.427,-159.543,70
-0.62,0.15,0.88,-47.927,-2.134,-153.445,70
-0.67,-0.89,0.58,-94.390,12.713,-135.701,70
-0.63,-1.26,0.41,-66.250,16.220,-111.707,70
-0.57,-0.61,0.54,-27.683,4.878,-18.659,70
-0.49,-0.13,0.70,-31.982,-27.530,119.421,70
-0.46,0.17,0.84,-48.018,-47.287,211.433,70
-0.50,0.46,0.90,-51.433,-38.018,228.841,70
-0.45,0.71,0.92,-42.165,-20.427,191.250,70
-0.41,0.88,0.94,-25.915,-4.085,130.335,70
-0.38,0.82,0.94,-5.366,2.988,66.646,70
-0.32,0.63,0.94,20.335,5.030,17.713,70
-0.26,0.60,0.94,44.756,9.177,-12.195,70
-0.26,0.61,0.96,52.774,12.835,-30.945,70
-0.25,0.55,1.00,38.232,12.317,-46.860,70
-0.22,0.43,1.01,12.348,10.915,-60.793,70
-0.21,0.29,0.98,-12.317,10.030,-69.512,70
-0.20,0.14,0.94,-25.671,5.945,-70.152,70
-0.13,-0.75,0.89,15.061,3.780,-81.738,70
-0.36,-0.13,0.95,170.213,33.902,-198.049,70
-0.36,0.64,0.83,176.159,30.579,-179.665,70
-0.28,0.53,0.87,140.122,-13.537,-97.591,70
-0.28,0.38,1.07,75.793,-17.317,-73.262,70
-0.14,0.25,0.97,-53.323,-14.207,-24.665,70
-0.24,0.23,0.83,-135.915,-20.213,50.945,70
-0.36,0.13,0.73,-119.573,-22.104,79.024,70
-0.90,0.27,0.94,-25.152,-14.329,64.177,70
-0.63,0.18,0.84,5.244,0.579,-19.970,70
-1.17,0.29,0.58,-26.616,10.183,-79.024,70
-0.77,0.10,0.57,-26.463,-111.189,-74.146,70
-0.08,0.24,0.75,-18.750,-196.402,-43.049,70
0.27,0.22,1.05,-17.957,-147.988,-17.073,70
0.33,0.18,1.23,-23.567,-27.866,-23.750,70
-0.82,0.09,0.84,-28.323,135.152,-48.506,70
-0.94,0.13,0.70,-22.409,96.707,4.299,70
-0.82,0.29,1.08,4.024,-20.000,89.512,70
-1.14,0.36,0.88,4.726,-5.122,75.061,70
-0.65,0.44,0.85,3.171,-51.585,55.152,70
-0.17,0.38,0.99,10.274,-72.652,66.006,70
-0.63,0.34,0.88,14.817,-40.732,65.976,70
0.42,0.81,1.13,19.604,-47.012,57.165,70
0.16,0.42,0.96,-16.524,146.341,-28.780,70
-1.17,0.01,0.70,-54.146,256.707,-71.189,70
-1.51,0.04,0.52,-34.909,106.768,-58.689,70
-0.51,0.66,-0.01,-24.848,-137.409,-158.811,70
1.26,0.48,0.73,27.134,-242.805,-373.293,70
2.12,0.82,1.65,41.982,-231.128,-208.201,70
-0.15,0.00,0.86,36.250,-5.854,-91.890,70
-0.58,0.18,0.77,31.067,105.488,-39.909,70
-0.62,0.14,0.89,33.750,67.134,-34.085,70
-0.83,0.20,0.83,32.652,49.238,-34.238,70
-0.60,0.27,0.88,22.896,6.402,-39.238,70
-0.56,0.32,0.87,1.982,-12.043,-37.683,70
-0.47,0.38,0.83,-22.927,-25.884,-40.945,70
-0.38,0.26,0.83,-48.018,-47.317,-47.256,70
-0.28,0.16,0.84,-55.122,-44.756,-51.677,70
-0.15,0.17,0.89,-39.848,-33.476,-39.177,70
-0.14,0.17,0.91,-22.988,-3.171,-23.384,70
-0.34,0.12,0.86,-15.366,32.287,-12.713,70
-0.58,0.11,0.86,-12.287,31.433,-5.122,70
-0.27,0.13,1.00,-5.000,-11.006,13.720,70
0.10,0.05,0.90,-9.695,-19.543,60.061,70
-0.38,0.13,0.70,-2.226,34.726,138.445,70
-1.27,-0.15,0.55,25.518,71.341,137.409,70
-1.00,-0.07,0.63,79.177,4.085,77.652,70
-0.94,1.31,1.54,105.366,-52.470,43.537,70
-0.42,0.28,0.88,25.610,-151.707,86.250,70
-0.03,0.36,0.95,-15.091,-166.646,110.976,70
-0.43,0.45,0.87,-23.994,-101.677,106.128,70
-0.73,0.23,0.91,-38.659,-83.994,91.463,70
0.50,-0.03,1.22,-45.549,-92.195,52.439,70
-0.30,0.21,0.99,-24.634,-0.488,-22.500,70
-0.10,0.10,0.94,-25.183,-18.110,-42.957,70
-0.02,0.03,0.87,-25.518,-12.622,-27.317,70
-0.15,0.08,0.90,-16.159,-10.244,2.317,70
-0.22,0.01,1.00,-4.817,-19.238,7.683,70
-0.13,0.09,0.96,-8.354,-9.238,-1.372,70
-0.30,0.16,0.98,-16.951,4.055,-7.561,70
-0.23,0.23,0.98,-16.189,5.579,-17.165,70
-0.22,0.26,0.97,-6.799,19.055,-20.793,70
-0.22,0.29,0.92,2.073,25.152,-21.098,70
-0.33,0.28,0.88,9.726,25.183,-15.305,70
-0.33,0.26,0.88,18.049,18.811,-13.049,70
-0.23,0.27,0.91,31.982,12.683,-21.951,70
-0.23,0.25,0.89,44.451,30.274,-32.835,70
-0.23,0.19,0.91,48.201,48.415,-47.744,70
-0.20,0.16,0.93,48.963,45.305,-47.073,70
-0.31,0.16,0.95,59.329,39.878,-45.884,70
-0.39,0.19,0.96,67.957,36.189,-47.043,70
-0.30,0.27,1.07,65.061,19.238,-31.006,70
-0.33,0.23,1.09,32.134,3.628,1.159,70
-0.34,0.26,1.08,12.470,-1.646,11.951,70
-0.36,0.23,1.03,4.421,-15.457,12.256,70
-0.28,0.26,1.01,4.268,-33.049,0.488,70
-0.41,0.28,1.00,3.628,-53.262,2.012,70
-0.52,0.27,1.00,47.652,-129.909,29.634,70
-0.29,0.57,1.24,96.311,-231.677,111.524,70
-0.07,0.43,1.12,33.262,-244.085,135.030,70
0.02,0.32,1.01,-32.896,-186.951,93.933,70
0.06,0.33,0.96,-63.323,-115.945,48.293,70
0.07,0.31,0.86,-72.012,-69.482,24.055,70
0.07,0.28,0.77,-59.665,-58.902,29.878,70
0.18,0.22,0.73,-28.079,-57.409,46.951,70
0.30,0.24,0.77,10.305,-39.573,67.073,70
0.31,0.32,0.86,31.707,-7.043,86.738,70
0.14,0.34,0.95,19.512,8.476,88.567,70
-0.01,0.33,0.97,-9.116,-16.311,71.037,70
-0.04,0.28,0.94,-29.451,-65.213,46.860,70
0.05,0.24,0.91,-27.591,-102.409,26.402,70
0.14,0.27,0.89,-10.244,-112.439,9.207,70
0.17,0.37,0.89,9.085,-109.177,-6.433,70
0.12,0.48,0.92,18.110,-109.299,-13.811,70
0.09,0.55,0.94,17.866,-106.098,-15.701,70
0.18,0.62,0.93,10.762,-79.726,-19.207,70
0.22,0.62,0.97,-11.220,-29.939,-16.433,70
0.05,0.51,0.99,-45.000,25.244,-9.665,70
-0.06,0.29,0.94,-65.030,64.970,-14.878,70
-0.09,0.06,0.84,-56.829,88.445,-32.713,70
-0.09,-0.12,0.79,-23.841,106.921,-56.037,70
-0.02,-0.22,0.79,32.744,137.622,-75.396,70
0.02,-0.14,0.88,93.598,186.768,-79.482,70
-0.05,0.10,1.02,130.732,246.616,-73.720,70
-0.12,0.31,1.12,120.976,278.994,-54.451,70
-0.13,0.45,1.16,67.774,250.366,-16.646,70
-0.15,0.41,1.00,10.244,197.561,18.994,70
-0.20,0.35,0.85,-11.128,169.238,29.695,70
-0.26,0.34,0.73,-0.945,164.970,15.488,70
-0.35,0.40,0.82,22.073,163.445,-7.652,70
-0.41,0.60,0.77,38.537,151.768,-21.677,70
-0.47,0.76,0.86,34.939,128.018,-20.366,70
-0.52,0.79,1.10,-0.213,87.683,-9.573,70
-0.41,0.59,1.01,-65.213,36.189,-11.037,70
-0.36,0.56,0.80,-128.476,-10.457,-14.177,70
-0.37,0.29,0.68,-186.524,-62.866,41.463,70
-0.23,-0.07,0.68,-213.232,-111.159,115.732,70
-0.24,-0.06,0.84,-192.866,-124.726,135.183,70
-0.18,0.27,0.81,-128.018,-126.738,149.695,70
-0.13,0.08,0.54,-54.878,-108.445,145.030,70
-0.40,-0.08,1.14,25.152,-97.317,141.738,70
-0.30,0.29,0.93,103.933,-119.268,149.055,70
-0.17,0.30,1.08,139.360,-124.634,121.037,70
-0.11,0.37,1.21,139.299,-90.915,79.634,70
0.01,0.47,1.26,95.610,-18.933,32.988,70
0.07,0.45,1.17,34.268,56.463,-9.390,70
0.09,0.39,1.15,-18.902,118.323,-28.872,70
-0.03,0.34,1.17,-67.104,170.000,-36.189,70
-0.13,0.45,1.19,-107.378,192.957,-40.274,70
-0.22,0.91,1.22,-143.598,191.494,-72.012,70
-0.31,0.68,0.99,-178.262,169.787,-133.415,70
-0.16,0.54,0.90,-174.787,114.695,-124.482,70
-0.02,0.25,0.83,-142.622,71.646,-95.335,70
-0.08,0.05,0.77,-82.530,47.774,-75.000,70
-0.26,-0.15,0.66,-11.646,19.970,-60.122,70
-0.37,-0.24,0.53,68.293,-25.945,-53.049,70
-0.33,-0.32,0.46,143.720,-80.823,-44.024,70
-0.31,-0.31,0.50,212.683,-131.250,-25.152,70
-0.37,-0.22,0.64,272.104,-175.061,-8.262,70
-0.40,-0.05,0.83,314.177,-218.354,-4.451,70
-0.05,-0.10,1.26,308.598,-166.890,-16.707,70
-0.24,-0.09,0.87,171.311,185.366,-44.665,70
-0.20,0.23,0.60,36.951,388.750,-80.762,70
-0.74,0.47,1.09,-39.817,404.665,-120.061,70
-0.76,0.41,0.89,-137.287,327.530,-189.573,70
-0.90,0.48,0.94,-223.415,208.780,-253.933,70
-1.14,0.48,1.00,-296.250,38.110,-294.573,70
-0.85,-0.09,1.53,-335.488,-216.341,-104.390,70
0.23,-0.66,1.43,-357.439,-421.189,333.293,70
0.19,1.01,1.59,-278.110,-360.335,393.018,70
0.11,0.71,0.65,-243.384,-268.506,324.177,70
0.04,0.14,0.76,-167.927,-188.628,255.976,70
0.11,-0.28,0.62,-38.049,-123.049,258.079,70
0.07,-0.31,0.37,78.689,9.390,295.122,70
-4.76,-2.62,0.82,147.165,225.000,206.768,70
-0.92,-0.57,1.28,214.787,218.628,-391.646,70
-1.48,-0.27,1.56,255.701,114.878,-425.884,70
-0.98,-2.17,0.81,261.250,-85.701,-457.835,70
0.95,-0.97,0.71,285.152,-141.555,-498.720,70
0.13,-0.48,0.72,210.183,164.482,-325.091,70
-2.12,-0.18,0.96,109.817,355.335,-184.848,70
-1.54,-0.08,0.58,11.738,118.262,-36.006,70
-0.60,0.45,0.70,-61.372,-141.677,161.555,70
-0.03,1.35,1.25,-120.122,-218.902,274.726,70
0.13,1.49,1.31,-173.811,-247.134,369.787,70
0.06,1.66,1.33,-201.982,-254.421,394.177,70
-0.19,1.06,1.32,-211.128,-235.976,357.317,70
-0.22,0.87,1.30,-178.720,-147.561,293.689,70
-0.39,0.60,1.04,-114.909,-7.348,189.512,70
-0.53,0.27,0.77,-37.317,72.988,50.579,70
-0.46,0.19,0.52,40.579,65.000,-70.701,70
-0.40,0.11,0.37,102.500,23.720,-160.396,70
-0.44,-0.01,0.42,145.854,-27.134,-198.201,70
-0.45,-0.20,0.49,178.902,-80.854,-202.835,70
-0.49,-0.67,0.99,206.524,-130.274,-208.384,70
0.39,-2.00,1.76,223.354,-144.817,-230.671,70
0.43,-0.88,1.32,227.988,-46.037,-181.341,70
-0.36,0.33,1.45,115.701,55.213,-88.049,70
-0.64,0.24,1.27,-65.122,24.146,-34.787,70
-0.26,0.17,1.12,-200.244,-64.787,20.640,70
0.07,0.68,1.35,-271.585,-119.024,69.634,70
0.30,1.55,1.89,-330.823,-137.439,152.073,70
0.27,0.11,0.94,-388.232,-142.470,296.982,70
0.22,0.38,1.42,-329.024,-83.323,292.287,70
0.14,0.44,1.07,-217.470,-28.079,215.427,70
-0.04,0.31,0.97,-85.701,38.841,101.707,70
-0.26,0.23,0.85,37.866,96.829,-18.415,70
-0.32,0.21,0.64,132.683,122.439,-126.768,70
-0.35,0.10,0.56,185.793,118.780,-185.152,70
-0.42,-0.05,0.51,210.000,94.329,-189.268,70
-0.54,-0.36,0.50,219.756,51.585,-168.902,70
-0.56,-0.53,0.69,221.006,-1.311,-169.451,70
,198.110,-46.006,-188.689,70
,213.872,-20.762,-112.500,70
