0.88,-0.26,0.36,2.16,-0.98,-0.27,82
0.89,-0.25,0.37,0.18,-1.1,0.52,82
0.87,-0.28,0.33,1.37,-1.8,0.95,82
0.88,-0.31,0.37,2.59,-1.52,0.79,82
0.9,-0.28,0.43,4.66,-1.83,0.61,82
0.89,-0.25,0.42,4.88,-2.29,-0.09,82
0.89,-0.25,0.42,4.09,-2.44,-0.73,82
0.9,-0.26,0.34,2.44,-2.9,-1.04,76
0.87,-0.22,0.31,1.98,-2.32,-0.52,76
0.87,-0.27,0.45,1.71,-2.5,0.03,76
0.92,-0.24,0.29,2.93,-1.13,0.18,76
0.88,-0.28,0.41,4.79,-1.49,0.52,76
0.86,-0.23,0.36,5.09,0.12,0.15,76
0.91,-0.27,0.42,2.13,-0.7,-0.4,76
0.89,-0.25,0.31,-1.4,0.27,-0.46,76
0.89,-0.28,0.42,-2.16,0.43,-0.18,76
0.9,-0.25,0.38,-1.07,0.03,-0.12,76
0.89,-0.26,0.34,3.2,-0.4,-0.18,76
0.89,-0.25,0.36,6.34,-1.01,-0.18,76
0.87,-0.24,0.37,4.24,-0.58,-0.46,76
0.88,-0.24,0.37,0.49,-1.34,-0.27,76
0.87,-0.25,0.36,-1.95,-1.13,-0.06,76
0.86,-0.25,0.36,-1.49,-0.98,0.27,76
0.85,-0.25,0.36,-0.12,-0.46,0.85,76
0.85,-0.25,0.37,0.12,0.06,1.8,76
0.87,-0.25,0.38,-1.62,-0.24,2.93,76
0.88,-0.25,0.39,-4.18,-1.13,4.12,76
0.89,-0.25,0.39,-5.7,-2.2,5.58,76
0.88,-0.24,0.38,-6.19,-3.41,7.65,76
0.86,-0.22,0.38,-6.86,-4.42,10.21,76
0.85,-0.21,0.38,-8.08,-4.73,12.62,76
0.86,-0.22,0.38,-7.5,-5.79,14.88,76
0.87,-0.22,0.4,-4.24,-7.47,17.07,76
0.88,-0.23,0.42,-1.01,-8.14,17.59,76
0.89,-0.22,0.45,0.06,-11.22,18.38,76
0.88,-0.23,0.46,-0.52,-12.35,17.84,76
0.84,-0.21,0.49,-2.62,-10.21,13.51,76
0.81,-0.2,0.48,-11.19,-8.87,8.72,76
0.78,-0.28,0.39,-22.1,-8.2,6.55,76
0.76,-0.33,0.34,-16.16,-9.79,7.53,76
0.79,-0.33,0.32,7.84,-11.89,10,76
0.83,-0.33,0.35,32.59,-7.65,5.18,76
0.9,-0.3,0.39,45.18,-6.16,-3.96,76
0.93,-0.28,0.38,44.18,-7.44,-9.42,76
0.94,-0.29,0.37,35.4,-8.69,-12.74,76
0.93,-0.28,0.34,24.76,-8.96,-15.3,76
0.93,-0.29,0.3,17.53,-8.51,-15.64,76
0.92,-0.3,0.28,16.31,-7.68,-14.73,76
0.93,-0.32,0.29,20,-8.6,-14.42,76
0.93,-0.33,0.31,24.36,-9.79,-13.45,76
0.94,-0.34,0.33,25.4,-9.85,-11.62,76
0.95,-0.35,0.32,24.18,-10.27,-11.16,76
0.94,-0.33,0.32,24.76,-9.85,-11.62,76
0.92,-0.29,0.31,24.3,-8.29,-11.59,76
0.9,-0.26,0.32,18.11,-5.58,-11.01,76
0.88,-0.26,0.32,7.23,-2.47,-9.76,76
0.86,-0.27,0.31,-3.81,0.46,-7.77,76
0.86,-0.28,0.31,-10.21,2.59,-5.12,76
0.85,-0.29,0.31,-12.04,4.6,-3.41,76
0.85,-0.3,0.31,-12.2,6.95,-2.84,76
0.84,-0.3,0.3,-13.41,8.51,-2.44,76
0.82,-0.29,0.3,-15.18,9.48,-2.2,76
0.81,-0.29,0.29,-15.85,10.21,-2.77,76
0.8,-0.3,0.29,-14.63,10.88,-3.66,76
0.78,-0.29,0.29,-13.29,11.22,-4.21,76
0.75,-0.28,0.29,-13.32,11.71,-4.6,76
0.71,-0.26,0.28,-14.51,12.47,-4.6,76
0.66,-0.25,0.27,-16.07,13.54,-3.51,76
0.63,-0.23,0.26,-17.62,14.97,-1.34,76
0.6,-0.23,0.25,-19.09,16.4,1.1,76
0.59,-0.23,0.25,-19.39,17.9,3.69,76
0.58,-0.23,0.25,-18.45,19.6,6.04,76
0.6,-0.24,0.25,-16.28,21.43,7.23,76
0.63,-0.25,0.25,-13.41,23.11,6.8,76
0.66,-0.26,0.26,-10.67,23.93,4.3,76
0.7,-0.26,0.27,-8.54,24.05,0.18,76
0.72,-0.26,0.3,-8.87,23.84,-5.09,76
0.74,-0.24,0.31,-13.2,24.02,-11.04,76
0.78,-0.24,0.3,-22.04,24.45,-16.4,76
0.83,-0.24,0.29,-31.95,24.36,-21.1,76
0.86,-0.25,0.3,-38.35,22.84,-26.22,76
0.88,-0.26,0.33,-41.55,20.55,-30.91,76
0.86,-0.23,0.36,-45.98,18.29,-33.51,76
0.89,-0.22,0.36,-54.09,18.11,-33.41,76
0.99,-0.26,0.35,-61.04,17.74,-33.69,76
1.11,-0.31,0.4,-58.29,12.13,-36.74,76
1.22,-0.35,0.48,-48.38,6.31,-41.52,76
1.34,-0.37,0.55,-37.93,2.01,-47.13,76
1.44,-0.42,0.56,-28.66,-2.38,-52.71,76
1.57,-0.4,0.57,-18.05,-10.21,-54.54,76
1.69,-0.33,0.62,-9.05,-20.37,-51.83,76
1.6,-0.29,0.67,-2.26,-32.5,-50.91,76
1.46,-0.27,0.68,3.78,-41.65,-51.59,76
1.35,-0.23,0.65,6.65,-37.47,-43.54,76
1.21,-0.21,0.6,6.62,-30.06,-29.54,76
1.11,-0.15,0.56,3.41,-25.43,-18.41,76
0.97,-0.12,0.53,-2.2,-18.75,-4.91,76
0.85,-0.13,0.51,-7.35,-11.89,4.6,76
0.75,-0.13,0.5,-12.74,-1.98,7.53,76
0.68,-0.14,0.44,-19.6,9.66,8.11,76
0.63,-0.11,0.37,-19.24,18.81,10.27,76
0.61,-0.13,0.33,-6.16,22.87,12.59,76
0.6,-0.14,0.29,16.71,24.42,12.04,76
0.62,-0.08,0.33,35.67,24.94,8.32,76
0.68,-0.01,0.38,34.7,24.21,3.35,76
0.75,-0.02,0.41,13.72,23.75,-2.65,76
0.84,-0.1,0.42,-14.85,24.48,-7.01,76
0.93,-0.17,0.43,-39.48,26.16,-4.91,76
0.99,-0.19,0.41,-57.04,27.44,1.98,76
1.02,-0.25,0.36,-65.95,28.72,9.51,76
1,-0.29,0.31,-61.49,28.26,18.72,76
0.98,-0.3,0.3,-44.05,22.99,27.87,76
0.92,-0.28,0.32,-20.06,17.29,35.12,76
0.86,-0.22,0.36,-0.73,11.34,38.66,76
0.81,-0.18,0.38,5.4,5.95,39.21,76
0.79,-0.19,0.38,1.28,0.73,38.75,76
0.8,-0.23,0.37,-2.59,-5.58,37.77,76
0.81,-0.26,0.36,1.89,-11.86,36.31,76
0.82,-0.26,0.37,14.09,-15.73,34.21,76
0.83,-0.25,0.37,27.35,-16.59,31.52,76
0.84,-0.23,0.37,36.8,-16.59,28.96,76
0.85,-0.21,0.38,40.67,-16.86,27.32,76
0.87,-0.19,0.37,40.55,-16.68,25.34,76
0.89,-0.2,0.37,39.05,-16.07,21.92,76
0.89,-0.2,0.37,37.71,-15.49,17.96,76
0.86,-0.2,0.36,35.21,-14.73,15.09,76
0.81,-0.19,0.35,30.09,-13.66,13.38,76
0.78,-0.19,0.33,24.42,-12.96,12.26,76
0.77,-0.21,0.3,21.77,-13.05,11.46,76
0.81,-0.23,0.29,23.93,-13.45,10.15,76
0.89,-0.27,0.3,30.58,-14.33,6.95,76
0.97,-0.3,0.32,40.95,-16.98,1.86,76
1.01,-0.29,0.34,50.98,-19.09,-3.57,76
1.01,-0.24,0.36,52.84,-18.54,-8.54,76
0.97,-0.2,0.36,41.19,-17.35,-13.51,76
0.93,-0.15,0.35,18.81,-16.68,-16.62,76
0.9,-0.17,0.34,-5.49,-16.34,-19.39,76
0.89,-0.21,0.33,-21.71,-16.86,-23.54,76
0.89,-0.25,0.33,-27.01,-17.41,-27.8,76
0.88,-0.28,0.35,-25.52,-16.92,-30.73,76
0.86,-0.28,0.35,-21.92,-15.76,-31.89,76
0.83,-0.25,0.35,-19.7,-13.26,-31.37,76
0.79,-0.22,0.35,-19.6,-10.27,-30.67,76
0.75,-0.2,0.35,-23.41,-7.1,-29.73,76
0.71,-0.19,0.35,-32.07,-3.78,-28.26,76
0.68,-0.18,0.34,-42.56,-0.98,-25.64,76
0.64,-0.2,0.31,-49.02,2.1,-22.84,76
0.61,-0.23,0.29,-47.5,5.21,-20.61,76
0.58,-0.25,0.29,-40.24,8.51,-17.9,76
0.54,-0.24,0.3,-32.96,11.16,-14.15,76
0.5,-0.22,0.29,-29.12,13.63,-9.91,76
0.47,-0.21,0.28,-28.54,16.8,-6.07,76
0.45,-0.21,0.26,-27.96,19.88,-3.23,76
0.49,-0.24,0.24,-23.72,22.1,-1.92,76
0.55,-0.27,0.24,-15.24,23.54,-3.32,76
0.61,-0.29,0.26,-4.7,24.12,-7.41,76
0.66,-0.3,0.29,3.35,24.73,-12.9,76
0.71,-0.29,0.31,4.73,26.25,-18.45,76
0.77,-0.26,0.31,-2.13,28.26,-22.87,76
0.82,-0.22,0.31,-14.33,29.09,-25.88,76
0.85,-0.18,0.31,-26.98,29.42,-27.59,76
1,-0.21,0.33,-39.24,30,-29.09,76
1.14,-0.24,0.37,-47.93,29.7,-30.03,76
1.38,-0.26,0.43,-52.59,25.61,-32.65,76
1.66,-0.32,0.5,-57.01,24.39,-36.16,76
1.93,-0.36,0.6,-58.54,20.34,-42.13,76
2.12,-0.36,0.69,-57.96,10.58,-45.73,76
2.2,-0.33,0.74,-63.78,1.8,-45.37,76
1.88,-0.27,0.76,-73.05,-16.68,-47.23,76
1.61,-0.28,0.75,-71.71,-41.07,-46.95,76
1.39,-0.28,0.7,-52.59,-42.93,-36.77,76
1.24,-0.25,0.64,-22.04,-36.95,-26.04,76
1.08,-0.22,0.61,10.09,-34.91,-15.61,76
0.91,-0.22,0.58,34.33,-32.1,-3.23,76
0.74,-0.22,0.56,46.77,-23.26,4.7,76
0.63,-0.19,0.55,44.6,-10.64,6.1,76
0.55,-0.15,0.51,30.61,-0.37,7.2,76
0.49,-0.16,0.46,17.23,5,13.23,76
0.43,-0.21,0.41,17.77,9.3,21.01,76
0.39,-0.25,0.35,35.58,13.35,27.65,76
0.41,-0.25,0.32,63.2,16.13,35.15,76
0.47,-0.22,0.32,89.36,18.02,44.94,76
0.58,-0.21,0.34,107.65,19.27,53.08,76
0.7,-0.22,0.36,118.23,18.48,56.04,76
0.85,-0.21,0.39,121.62,17.23,56.95,76
0.98,-0.18,0.41,116.71,17.96,58.63,76
1.07,-0.14,0.44,102.62,18.81,56.65,76
1.19,-0.14,0.46,78.63,17.44,47.1,76
1.18,-0.15,0.48,47.9,15.46,35.67,76
1.17,-0.17,0.46,15.98,12.35,26.43,76
1.14,-0.2,0.43,-9.02,10.7,21.95,76
1.11,-0.21,0.39,-18.72,9.57,20.73,76
1.09,-0.22,0.38,-12.41,7.87,22.29,76
1.07,-0.18,0.4,1.07,7.2,28.02,76
1.02,-0.12,0.41,9.88,8.05,36.31,76
0.93,-0.09,0.4,8.51,10.43,44.48,76
0.84,-0.08,0.36,0.82,12.8,53.17,76
0.76,-0.07,0.32,-6.04,14.63,63.63,76
0.7,-0.08,0.29,-7.13,15.85,74.73,76
0.67,-0.1,0.27,-0.55,16.07,82.38,76
0.68,-0.16,0.28,11.34,14.79,82.5,76
0.69,-0.2,0.28,22.44,13.23,78.26,76
0.69,-0.18,0.31,27.53,10.7,74.42,76
0.7,-0.18,0.32,24.21,6.52,69.76,76
0.73,-0.19,0.32,15.82,2.8,60.7,76
0.76,-0.22,0.33,7.26,-2.1,47.68,76
0.79,-0.23,0.34,0.76,-8.14,33.48,76
0.81,-0.23,0.34,-3.81,-13.57,19.21,76
0.8,-0.23,0.34,-8.32,-18.26,4.6,76
0.76,-0.22,0.31,-12.87,-21.43,-5.73,76
0.73,-0.2,0.29,-15.4,-25.24,-11.98,76
0.72,-0.21,0.28,-13.23,-28.9,-16.74,76
0.69,-0.21,0.28,-6.34,-31.62,-21.19,76
0.69,-0.2,0.29,1.74,-33.84,-24.18,76
0.69,-0.19,0.3,5.91,-34.7,-25.67,76
0.7,-0.2,0.3,5.98,-35.64,-26.59,76
0.74,-0.22,0.3,5.49,-37.29,-28.17,76
0.83,-0.25,0.3,7.65,-38.08,-31.98,76
0.97,-0.28,0.32,12.74,-38.41,-39.88,76
1.12,-0.33,0.36,18.29,-39.6,-52.65,76
1.23,-0.34,0.41,22.5,-40.82,-68.99,76
1.24,-0.33,0.45,21.01,-41.25,-86.59,76
1.12,-0.29,0.43,9.39,-35.4,-93.54,76
0.99,-0.21,0.38,-9.3,-29.79,-90.76,76
0.9,-0.18,0.34,-26.65,-25.55,-84.7,76
0.82,-0.16,0.31,-37.29,-22.04,-75.55,76
0.76,-0.15,0.32,-42.68,-20.67,-64.82,76
0.72,-0.16,0.33,-44.15,-20.21,-55.06,76
0.67,-0.17,0.33,-42.2,-16.19,-45.24,76
0.62,-0.21,0.31,-38.35,-9.36,-33.99,76
0.56,-0.22,0.29,-32.16,-1.65,-22.1,76
0.52,-0.22,0.26,-25.79,6.13,-10.34,76
0.51,-0.22,0.25,-20.79,13.2,-0.46,76
0.5,-0.22,0.24,-16.86,19.57,6.28,76
0.51,-0.21,0.25,-14.54,25.58,9.97,76
0.52,-0.2,0.26,-15.43,31.52,10.88,76
0.51,-0.2,0.27,-20.43,36.49,9.05,76
0.52,-0.22,0.27,-29.42,40.4,4.91,76
0.54,-0.23,0.27,-41.04,42.9,-0.18,76
0.59,-0.23,0.28,-53.11,44.09,-5.18,76
0.71,-0.25,0.29,-64.05,45.06,-11.43,76
0.97,-0.26,0.34,-72.16,45.15,-20.24,76
1.31,-0.27,0.41,-78.72,45.15,-31.77,76
1.7,-0.28,0.52,-89.27,41.83,-48.05,76
1.85,-0.33,0.6,-105.91,35.18,-63.38,76
1.81,-0.36,0.64,-119.54,19.79,-69.85,76
1.94,-0.38,0.66,-122.29,5.7,-71.31,76
2.06,-0.36,0.66,-105.64,-2.65,-64.91,76
1.97,-0.34,0.69,-67.84,-25.61,-57.9,76
1.75,-0.36,0.69,-16.1,-50.55,-55.4,76
1.52,-0.31,0.64,35.4,-55.85,-47.74,76
1.29,-0.23,0.59,73.05,-54.09,-32.74,76
1.09,-0.15,0.56,89.7,-54.12,-19.21,76
0.91,-0.14,0.53,85.3,-49.91,-13.32,76
0.74,-0.16,0.48,69.3,-40.52,-13.57,76
0.63,-0.17,0.45,50.34,-30.43,-14.21,76
0.55,-0.14,0.41,30.58,-21.43,-11.43,76
0.49,-0.11,0.38,11.71,-12.41,-6.1,76
0.47,-0.13,0.33,0.27,-3.38,-0.49,76
0.46,-0.16,0.29,2.35,5.55,5.46,76
0.49,-0.17,0.27,16.89,13.57,13.38,76
0.56,-0.14,0.28,34.54,20.85,23.02,76
0.64,-0.11,0.33,44.24,25.76,31.31,76
0.74,-0.11,0.36,41.28,27.07,36.4,76
0.87,-0.11,0.4,29.6,27.07,38.99,76
1.02,-0.15,0.43,15.64,27.65,39.57,76
1.16,-0.18,0.45,4.57,27.38,38.96,76
1.25,-0.23,0.49,-2.99,23.87,35.61,76
1.2,-0.22,0.48,-9.63,20.67,34.21,76
1.08,-0.21,0.45,-18.54,15.67,36.52,76
0.96,-0.21,0.39,-22.77,10.43,42.53,76
0.87,-0.21,0.33,-13.75,5.46,50.06,76
0.81,-0.22,0.28,8.23,1.62,57.59,76
0.78,-0.22,0.27,35.79,-0.58,62.9,76
0.77,-0.21,0.28,60.18,-0.85,66.34,76
0.77,-0.19,0.29,73.69,1.83,70.18,76
0.79,-0.16,0.28,74.39,7.41,73.63,76
0.85,-0.15,0.28,65.49,13.35,73.38,76
0.92,-0.14,0.28,53.29,18.93,69.24,76
0.94,-0.14,0.29,39.51,25.12,63.2,76
0.92,-0.13,0.3,21.8,30.12,56.19,76
0.89,-0.12,0.29,-1.83,34.18,49.88,76
0.87,-0.14,0.27,-26.92,35.64,44.91,76
0.88,-0.2,0.24,-43.23,32.56,39.91,76
0.91,-0.26,0.24,-44.88,26.52,33.66,76
0.95,-0.29,0.26,-36.68,19.7,25.37,76
0.98,-0.32,0.29,-26.83,13.32,15.43,76
0.96,-0.34,0.3,-20.03,6.8,5.61,76
0.93,-0.33,0.3,-16.46,0.37,-2.16,76
0.9,-0.29,0.29,-13.81,-4.97,-8.38,76
0.85,-0.27,0.28,-11.46,-10.7,-15.21,76
0.81,-0.27,0.28,-9.63,-17.8,-22.44,76
0.77,-0.27,0.29,-8.41,-24.3,-27.65,76
0.76,-0.25,0.3,-7.04,-29.24,-30.21,76
0.77,-0.25,0.32,-4.48,-32.01,-32.35,76
0.77,-0.26,0.33,-0.58,-32.1,-34.88,76
0.78,-0.26,0.34,2.38,-30.46,-37.53,76
0.78,-0.25,0.34,3.05,-28.02,-39.85,76
0.78,-0.25,0.34,1.95,-25.06,-41.89,76
0.78,-0.24,0.33,0.34,-21.43,-43.48,76
0.77,-0.24,0.33,-1.28,-17.44,-45.03,76
0.75,-0.23,0.33,-3.41,-13.93,-45.95,76
0.73,-0.22,0.33,-7.01,-10.21,-45.95,76
0.69,-0.21,0.34,-12.07,-5.82,-44.33,76
0.65,-0.2,0.33,-18.9,-0.37,-40.73,76
0.62,-0.18,0.31,-27.59,5.95,-34.85,76
0.6,-0.18,0.29,-36.77,11.55,-28.45,76
0.61,-0.19,0.27,-43.29,15.49,-23.81,76
0.64,-0.23,0.27,-43.51,17.62,-22.2,76
0.69,-0.27,0.29,-38.51,19.79,-22.44,76
0.74,-0.27,0.31,-34.39,22.96,-23.72,76
0.79,-0.27,0.32,-35.64,25.06,-26.52,76
0.81,-0.28,0.33,-41.1,25.76,-31.07,76
0.82,-0.28,0.33,-46.92,24.85,-35.91,76
0.8,-0.27,0.34,-50.46,23.2,-38.93,76
0.82,-0.24,0.36,-51.46,20.79,-39.39,76
0.86,-0.22,0.39,-50.12,19.09,-37.9,76
0.96,-0.23,0.38,-44.18,17.99,-36.1,76
1.1,-0.28,0.38,-31.13,16.22,-34.76,76
1.25,-0.32,0.39,-9.09,10.98,-33.2,76
1.38,-0.3,0.44,20.18,2.53,-31.07,76
1.5,-0.27,0.52,48.54,-5.24,-28.45,76
1.57,-0.19,0.59,67.16,-10.73,-22.35,76
1.73,-0.12,0.66,66.43,-15.58,-16.68,76
1.86,-0.19,0.67,50.76,-19.27,-19.36,76
1.73,-0.28,0.68,39.39,-36.83,-33.72,76
1.53,-0.3,0.73,39.57,-58.05,-52.56,76
1.34,-0.21,0.75,41.83,-57.38,-55.85,76
1.12,-0.1,0.72,33.66,-46.98,-46.83,76
0.92,-0.11,0.64,16.34,-37.35,-38.41,76
0.77,-0.11,0.54,1.28,-24.79,-29.6,76
0.65,-0.1,0.44,-4.6,-9.7,-16.31,76
0.58,-0.09,0.35,1.77,4.18,-1.89,76
0.55,-0.07,0.3,15.95,14.36,12.1,76
0.54,-0.07,0.28,28.84,20.37,24.91,76
0.54,-0.06,0.27,35.55,24.51,35.73,76
0.57,-0.07,0.27,36.59,28.57,44.82,76
0.64,-0.09,0.29,35.06,31.68,52.1,76
0.74,-0.12,0.31,33.17,31.07,55.82,76
0.87,-0.14,0.37,31.19,26.98,54.27,76
0.98,-0.19,0.46,28.11,23.48,49.42,76
1.01,-0.21,0.52,21.52,23.26,47.07,76
1.02,-0.2,0.54,6.13,22.47,46.37,76
0.99,-0.2,0.49,-16.13,20.64,45.82,76
0.94,-0.2,0.42,-32.13,15.76,44.33,76
0.87,-0.21,0.36,-30.4,8.02,43.78,76
0.83,-0.21,0.33,-13.2,2.07,45.46,76
0.82,-0.19,0.31,8.78,0.67,47.77,76
0.86,-0.17,0.32,26.65,1.77,50,76
0.91,-0.16,0.32,37.1,4.33,52.23,76
0.95,-0.14,0.33,40.34,7.59,53.66,76
0.97,-0.13,0.33,35.98,10.76,53.54,76
0.95,-0.11,0.34,23.75,13.57,51.92,76
0.93,-0.09,0.35,5.06,16.13,49.45,76
0.91,-0.09,0.35,-15.12,18.05,47.1,76
0.88,-0.13,0.33,-30.82,18.48,44.36,76
0.86,-0.17,0.33,-37.1,16.71,42.29,76
0.86,-0.19,0.32,-35.58,13.38,41.1,76
0.86,-0.2,0.32,-30.58,9.6,39.6,76
0.84,-0.21,0.33,-23.75,4.7,37.1,76
0.83,-0.22,0.33,-15.64,-1.25,34.76,76
0.82,-0.23,0.35,-7.13,-6.71,32.59,76
0.8,-0.23,0.35,0.21,-11.71,28.96,76
0.77,-0.23,0.36,6.04,-16.62,24.51,76
0.74,-0.22,0.34,10.43,-20.12,20.55,76
0.72,-0.21,0.33,13.63,-21.77,16.46,76
0.73,-0.22,0.32,16.59,-22.47,10.91,76
0.78,-0.24,0.33,19.6,-23.38,3.23,76
0.83,-0.26,0.35,21.34,-24.6,-7.38,76
0.89,-0.28,0.38,21.01,-26.04,-19.57,76
0.93,-0.27,0.4,16.89,-26.16,-31.71,76
0.93,-0.26,0.4,7.32,-25.91,-43.14,76
0.92,-0.25,0.38,-3.84,-26.16,-50.46,76
0.92,-0.25,0.36,-9.82,-26.62,-54.51,76
0.94,-0.27,0.36,-7.29,-27.71,-57.9,76
0.98,-0.28,0.37,1.22,-29.02,-60.91,76
1.02,-0.28,0.4,9.24,-30.3,-63.05,76
1.04,-0.28,0.42,12.65,-29.45,-63.54,76
1.02,-0.27,0.42,10.67,-26.16,-61.68,76
0.98,-0.25,0.41,4.36,-21.43,-58.48,76
0.95,-0.24,0.38,-3.45,-17.01,-54.45,76
0.91,-0.23,0.36,-10.12,-13.96,-49.45,76
0.88,-0.22,0.35,-14.24,-11.31,-43.66,76
0.86,-0.23,0.35,-15.79,-8.14,-38.23,76
0.85,-0.24,0.34,-15.18,-4.27,-33.66,76
0.83,-0.26,0.34,-13.57,0,-29.05,76
0.8,-0.26,0.34,-12.9,4.66,-23.72,76
0.76,-0.26,0.33,-14.05,9.21,-18.48,76
0.7,-0.25,0.31,-16.22,13.96,-14.05,76
0.63,-0.24,0.29,-18.11,18.72,-9.94,76
0.55,-0.23,0.25,-19.91,23.41,-5.76,76
0.46,-0.24,0.21,-22.62,26.95,-1.59,76
0.38,-0.27,0.15,-24.73,27.16,1.62,76
0.35,-0.31,0.11,-22.01,23.93,2.71,76
0.4,-0.34,0.15,-12.62,19.57,0.64,76
0.54,-0.34,0.21,0.88,17.99,-2.87,76
0.71,-0.31,0.3,10.76,21.49,-5.34,76
0.86,-0.27,0.34,8.78,26.83,-5.95,76
0.94,-0.2,0.35,-6.83,31.65,-4.42,76
0.97,-0.12,0.37,-30.37,31.74,-1.28,76
1.06,-0.07,0.42,-52.8,30.06,3.29,76
1.07,-0.07,0.44,-67.13,33.26,10.7,76
1.08,-0.08,0.43,-69.39,35.7,20.58,76
1.15,-0.1,0.43,-58.96,36.59,35.18,76
1.23,-0.17,0.42,-35.76,36.46,45.4,76
1.27,-0.24,0.41,0.3,34.82,46.52,76
1.28,-0.26,0.44,37.99,30.64,46.04,76
1.31,-0.24,0.49,62.44,21.13,41.95,76
1.35,-0.25,0.58,69.82,3.51,25.21,76
1.4,-0.26,0.67,63.08,-18.84,-1.43,76
1.43,-0.28,0.73,47.23,-38.2,-28.14,76
1.36,-0.31,0.73,30.79,-55,-52.13,76
1.25,-0.31,0.7,23.75,-70.03,-71.8,76
1.21,-0.27,0.66,27.93,-77.77,-83.26,76
1.16,-0.23,0.62,38.26,-76.98,-88.69,76
1.07,-0.19,0.56,52.01,-72.04,-88.6,76
0.97,-0.16,0.5,64.12,-63.17,-78.75,76
0.83,-0.12,0.41,70.95,-47.87,-57.5,76
0.68,-0.05,0.34,74.66,-31.1,-30.18,76
0.58,0.02,0.31,75.55,-19.02,-9.33,76
0.56,0.05,0.31,69.88,-9.76,4.05,76
0.57,0.07,0.33,54.82,-0.49,15.21,76
0.62,0.07,0.32,32.35,8.38,24.94,76
0.7,0.02,0.31,8.38,17.68,29.82,76
0.77,-0.05,0.31,-10.88,24.24,29.97,76
0.85,-0.11,0.32,-22.38,26.52,29.88,76
0.93,-0.16,0.37,-30.4,26.95,29.91,76
0.99,-0.22,0.42,-38.48,25.67,29.21,76
1.02,-0.26,0.46,-46.13,22.74,29.15,76
1.01,-0.28,0.48,-51.62,19.39,30.58,76
1,-0.28,0.47,-51.8,16.92,33.87,76
0.98,-0.26,0.44,-44.27,14.57,38.99,76
0.97,-0.22,0.4,-27.96,11.52,45.09,76
0.96,-0.18,0.36,-7.07,9.33,51.19,76
0.95,-0.15,0.34,11.68,8.17,56.62,76
0.94,-0.12,0.33,23.14,8.78,61.86,76
0.93,-0.1,0.32,24.85,11.86,68.23,76
0.91,-0.09,0.3,18.26,15.7,74.27,76
0.9,-0.1,0.27,7.68,18.48,77.93,76
0.89,-0.12,0.25,-1.07,19.51,78.66,76
0.89,-0.15,0.27,-4.45,19.63,77.13,76
0.91,-0.16,0.29,-4.45,20.18,73.87,76
0.93,-0.17,0.31,-5.88,20.91,68.02,76
0.93,-0.19,0.33,-11.34,19.48,59.97,76
0.89,-0.21,0.33,-19.27,16.55,51.89,76
0.83,-0.23,0.32,-25.76,13.32,45.27,76
0.78,-0.23,0.3,-26.83,9.18,40.27,76
0.76,-0.22,0.28,-22.87,5.58,35.43,76
0.75,-0.23,0.26,-15.76,2.35,28.72,76
0.78,-0.27,0.26,-6.1,-1.8,19.82,76
0.81,-0.29,0.27,4.45,-6.89,10.27,76
0.84,-0.28,0.29,11.68,-11.16,0.67,76
0.86,-0.27,0.31,13.02,-13.75,-9.88,76
0.89,-0.27,0.3,10.15,-15.37,-20.18,76
0.91,-0.26,0.3,5.27,-16.92,-28.41,76
0.91,-0.25,0.29,-0.12,-18.84,-36.01,76
0.92,-0.25,0.29,-4.7,-20.12,-42.47,76
0.93,-0.26,0.29,-6.62,-21.46,-47.41,76
0.95,-0.27,0.3,-5.85,-23.57,-51.07,76
0.96,-0.27,0.31,-4.15,-25.4,-53.2,76
0.96,-0.27,0.32,-3.35,-26.62,-53.81,76
0.94,-0.26,0.31,-4.05,-27.68,-53.29,76
0.93,-0.26,0.31,-5.43,-28.69,-51.77,76
0.93,-0.26,0.32,-6.43,-29.3,-50.06,76
0.93,-0.26,0.32,-6.8,-29.79,-48.57,76
0.94,-0.28,0.32,-5.98,-30.09,-47.26,76
0.94,-0.29,0.32,-3.69,-29.94,-45.98,76
0.94,-0.3,0.33,-0.4,-28.84,-44.24,76
0.94,-0.29,0.33,2.93,-26.92,-42.04,76
0.94,-0.29,0.33,4.94,-24.48,-39.73,76
0.95,-0.28,0.34,5.37,-21.68,-37.93,76
0.95,-0.28,0.34,3.57,-18.38,-36.55,76
0.94,-0.27,0.35,-0.79,-15.15,-35.15,76
0.93,-0.26,0.35,-7.47,-11.71,-33.51,76
0.93,-0.27,0.34,-14.7,-8.11,-31.89,76
0.92,-0.27,0.34,-20.37,-4.79,-30.55,76
0.89,-0.28,0.33,-24.27,-1.37,-29.18,76
0.86,-0.28,0.33,-27.47,1.95,-26.83,76
0.82,-0.27,0.31,-30.79,5,-23.45,76
0.78,-0.27,0.31,-32.93,7.65,-19.66,76
0.74,-0.26,0.29,-33.14,9.88,-15.67,76
0.7,-0.25,0.29,-32.32,11.83,-11.4,76
0.67,-0.25,0.29,-32.07,13.69,-6.86,76
0.66,-0.24,0.29,-32.56,16.46,-2.16,76
0.67,-0.24,0.28,-32.68,19.33,2.29,76
0.68,-0.26,0.28,-30.24,21.68,5.7,76
0.69,-0.27,0.28,-24.21,23.26,7.68,76
0.71,-0.26,0.28,-16.77,24.85,8.6,76
0.74,-0.26,0.29,-11.92,27.07,7.9,76
0.79,-0.26,0.3,-10.64,28.51,5.24,76
0.82,-0.27,0.32,-11.77,28.87,1.04,76
0.79,-0.26,0.33,-14.7,29.21,-3.35,76
0.72,-0.24,0.32,-20.49,30.37,-5.61,76
0.68,-0.2,0.3,-29.6,33.26,-5.21,76
0.7,-0.2,0.28,-37.74,35,-3.48,76
0.75,-0.22,0.27,-38.54,33.87,-2.01,76
0.78,-0.23,0.3,-31.16,32.44,-0.85,76
0.8,-0.21,0.34,-22.68,33.41,1.04,76
0.86,-0.19,0.35,-21.16,36.55,3.78,76
0.94,-0.16,0.36,-25.46,38.02,6.4,76
1.05,-0.15,0.39,-29.88,37.56,8.96,76
1.2,-0.17,0.43,-31.86,36.1,11.43,76
1.35,-0.2,0.48,-28.63,31.98,11.4,76
1.5,-0.25,0.53,-17.01,24.54,7.23,76
1.68,-0.27,0.59,1.1,19.24,3.41,76
1.83,-0.27,0.65,16.25,14.51,1.65,76
1.79,-0.24,0.69,23.99,0.37,-5.64,76
1.61,-0.25,0.72,25,-20.67,-21.34,76
1.42,-0.25,0.7,23.14,-32.96,-31.04,76
1.27,-0.2,0.66,24.21,-37.99,-30.09,76
1.14,-0.16,0.6,30.85,-40.15,-28.63,76
1.06,-0.15,0.56,39.66,-38.08,-31.25,76
0.98,-0.15,0.54,45.03,-31.71,-33.66,76
0.87,-0.11,0.49,42.1,-25,-30.21,76
0.72,-0.08,0.46,31.59,-20.46,-20.91,76
0.59,-0.06,0.41,20.82,-16.59,-11.16,76
0.51,-0.05,0.37,20.73,-10.46,-4.82,76
0.47,-0.06,0.35,34.79,-4.05,0.55,76
0.46,-0.08,0.35,54.91,0.06,7.44,76
0.47,-0.06,0.37,66.65,3.51,14.88,76
0.52,-0.05,0.39,61.65,7.35,20.64,76
0.64,-0.11,0.38,44.54,10.88,23.32,76
0.78,-0.15,0.36,26.8,13.9,23.35,76
0.93,-0.17,0.37,15.85,16.71,21.89,76
1.04,-0.21,0.39,12.8,19.7,20.34,76
1.08,-0.19,0.4,10,22.68,18.72,76
1.05,-0.15,0.41,-1.43,23.45,14.7,76
0.99,-0.15,0.39,-20.3,20.61,10.34,76
0.92,-0.16,0.36,-34.54,15.91,11.71,76
0.88,-0.18,0.34,-35.49,9.79,16.95,76
0.86,-0.19,0.33,-23.87,5.12,24.45,76
0.87,-0.17,0.33,-4.85,1.68,32.47,76
0.89,-0.16,0.33,14.85,0.15,39.18,76
0.9,-0.17,0.33,29.6,0.03,43.51,76
0.91,-0.16,0.35,35,-0.61,46.55,76
0.92,-0.12,0.35,29.94,-0.58,48.99,76
0.9,-0.12,0.35,18.29,0.37,49.18,76
0.88,-0.13,0.33,6.62,1.04,47.68,76
0.89,-0.14,0.32,-0.49,1.74,46.22,76
0.89,-0.14,0.34,-3.57,1.71,44.76,76
0.89,-0.15,0.35,-4.54,0.73,42.8,76
0.89,-0.16,0.36,-4.7,-0.55,40.76,76
0.88,-0.16,0.37,-4.21,-2.68,39.15,76
0.87,-0.16,0.38,-3.41,-6.01,37.59,76
0.86,-0.16,0.39,-2.04,-9.54,35.43,76
0.86,-0.17,0.39,0.34,-13.05,32.32,76
0.85,-0.18,0.39,3.93,-16.59,28.35,76
0.84,-0.19,0.39,8.6,-19.48,24.3,76
0.84,-0.2,0.39,12.93,-21.77,19.82,76
0.84,-0.2,0.39,16.37,-23.57,14.6,76
0.84,-0.2,0.38,19.24,-24.82,9.12,76
0.84,-0.2,0.38,20.85,-26.1,4.12,76
0.83,-0.2,0.38,20.7,-27.35,-0.21,76
0.83,-0.2,0.38,19.66,-27.9,-3.99,76
0.82,-0.2,0.36,18.96,-27.71,-7.13,76
0.79,-0.21,0.35,19.76,-27.2,-9.09,76
0.76,-0.21,0.34,21.62,-26.34,-9.85,76
0.72,-0.2,0.32,23.69,-24.66,-9.66,76
0.71,-0.21,0.3,25.06,-22.68,-8.96,76
0.75,-0.22,0.29,26.49,-21.49,-9.24,76
0.84,-0.26,0.3,30.34,-22.04,-13.11,76
0.96,-0.29,0.33,37.5,-22.99,-20.46,76
1.06,-0.31,0.38,43.78,-22.8,-29.82,76
1.13,-0.3,0.41,43.14,-20.3,-39.57,76
1.13,-0.26,0.41,30.37,-16.77,-48.41,76
1.13,-0.24,0.38,7.77,-14.3,-54.05,76
1.09,-0.22,0.35,-14.45,-11.22,-54.66,76
1.07,-0.22,0.33,-28.78,-11.07,-54.33,76
1.04,-0.24,0.33,-33.72,-11.34,-52.38,76
1,-0.24,0.34,-32.47,-12.07,-47.26,76
0.97,-0.24,0.35,-28.93,-12.07,-38.96,76
0.95,-0.24,0.35,-24.91,-10.67,-29.24,76
0.92,-0.24,0.33,-20.79,-8.32,-19.09,76
0.9,-0.24,0.32,-16.71,-6.43,-9.24,76
0.87,-0.22,0.32,-13.54,-4.66,-0.7,76
0.86,-0.23,0.32,-12.26,-2.2,5.18,76
0.85,-0.23,0.32,-12.47,0.58,8.69,76
0.84,-0.24,0.33,-13.63,3.75,10.73,76
0.83,-0.24,0.33,-15.09,6.74,11.31,76
0.81,-0.25,0.34,-16.19,8.87,10.18,76
0.79,-0.26,0.34,-17.62,10.91,8.14,76
0.76,-0.26,0.33,-19.54,13.29,6.1,76
0.74,-0.25,0.32,-21.92,15.24,3.99,76
0.71,-0.24,0.31,-24.15,17.26,1.77,76
0.68,-0.24,0.3,-25.34,19.42,-0.27,76
0.64,-0.23,0.29,-25.85,21.49,-1.62,76
0.62,-0.21,0.28,-27.44,24.42,-2.04,76
0.62,-0.21,0.27,-31.28,27.47,-1.8,76
0.66,-0.22,0.26,-35.12,28.41,-1.74,76
0.71,-0.25,0.27,-35.09,27.01,-2.74,76
0.73,-0.28,0.29,-29.88,25,-4.91,76
0.7,-0.27,0.31,-24.21,24.21,-6.04,76
0.69,-0.24,0.3,-24.05,24.45,-5.52,76
0.69,-0.24,0.28,-27.16,24.42,-4.42,76
0.68,-0.25,0.27,-25.82,21.77,-3.84,76
0.66,-0.25,0.28,-17.59,18.99,-3.35,76
0.63,-0.24,0.3,-8.35,19.02,-2.93,76
0.62,-0.2,0.31,-5.98,21.07,-2.04,76
0.63,-0.17,0.32,-11.77,24.21,-0.09,76
0.65,-0.16,0.31,-20.98,28.99,2.53,76
0.73,-0.17,0.31,-28.32,33.32,4.21,76
0.83,-0.18,0.33,-32.01,35.09,3.9,76
1.01,-0.19,0.38,-32.87,34.21,1.4,76
1.23,-0.24,0.45,-34.94,32.44,-3.41,76
1.48,-0.27,0.55,-37.44,22.99,-12.77,76
1.74,-0.37,0.65,-39.12,6.92,-27.07,76
2.01,-0.49,0.73,-34.15,-11.31,-40,76
1.89,-0.56,0.85,-12.96,-42.9,-59.66,76
1.58,-0.44,0.93,25.24,-71.77,-75.73,76
1.41,-0.31,0.87,58.48,-69.09,-67.53,76
1.29,-0.23,0.75,82.93,-53.29,-46.92,76
1.34,-0.13,0.61,107.87,-41.62,-34.02,76
1.26,-0.07,0.53,129.48,-28.99,-18.6,76
1.12,-0.1,0.47,135.64,-19.3,-3.02,76
0.99,-0.07,0.46,121.52,-10.64,5.37,76
0.88,0,0.46,84.36,0.43,10.58,76
0.77,0.03,0.44,35.21,10.43,21.19,76
0.67,-0.02,0.38,-3.26,16.62,35.37,76
0.61,-0.08,0.34,-17.9,22.44,46.13,76
0.58,-0.12,0.32,-12.41,29.05,52.13,76
0.58,-0.14,0.32,0.4,33.84,56.31,76
0.61,-0.16,0.33,9.76,35.24,59.33,76
0.66,-0.19,0.35,11.28,35.55,60.4,76
0.72,-0.21,0.35,5.67,36.4,59.7,76
0.8,-0.21,0.35,-2.87,36.04,58.17,76
0.88,-0.22,0.35,-9.48,33.45,54.97,76
0.95,-0.23,0.34,-11.43,30.18,48.69,76
0.96,-0.22,0.35,-10.67,27.32,40.61,76
0.95,-0.19,0.35,-12.26,23.75,32.8,76
0.91,-0.18,0.34,-19.09,18.72,26.77,76
0.9,-0.18,0.33,-26.46,12.44,23.54,76
0.92,-0.21,0.32,-27.59,5.46,20.24,76
0.94,-0.24,0.34,-19.94,-1.59,16.77,76
0.94,-0.22,0.36,-8.72,-7.35,14.79,76
0.9,-0.2,0.37,-1.22,-10.46,14.45,76
0.83,-0.18,0.36,0.12,-11.77,15.79,76
0.78,-0.15,0.35,-2.65,-11.83,18.78,76
0.75,-0.14,0.32,-5.85,-10.52,22.16,76
0.74,-0.13,0.31,-7.65,-9.88,23.32,76
0.76,-0.15,0.32,-8.26,-10.18,21.46,76
0.79,-0.19,0.32,-7.35,-10.98,18.02,76
0.81,-0.21,0.34,-5.52,-12.2,15.15,76
0.82,-0.21,0.36,-4.21,-13.48,12.87,76
0.82,-0.21,0.36,-4.79,-15.15,9.3,76
0.81,-0.23,0.37,-5.58,-17.8,4.94,76
0.79,-0.23,0.38,-5.73,-21.52,0.82,76
0.76,-0.23,0.37,-4.97,-25.37,-2.71,76
0.75,-0.24,0.36,-2.74,-27.71,-5.24,76
0.74,-0.25,0.34,0.85,-29.24,-7.8,76
0.78,-0.27,0.34,7.2,-30.7,-11.22,76
0.87,-0.28,0.35,15.98,-30.79,-16.68,76
0.95,-0.29,0.37,23.87,-29.82,-24.6,76
1,-0.3,0.4,27.96,-28.81,-34.18,76
1.02,-0.3,0.41,25.88,-27.93,-43.41,76
1.01,-0.28,0.43,16.77,-27.53,-49.91,76
0.98,-0.26,0.41,4.76,-27.16,-52.71,76
0.97,-0.26,0.39,-3.6,-26.31,-53.08,76
0.97,-0.27,0.37,-4.42,-25.85,-51.8,76
0.99,-0.28,0.38,0.49,-25.34,-48.45,76
1.01,-0.27,0.39,7.16,-23.96,-44.33,76
1.01,-0.27,0.39,11.86,-20.95,-40.06,76
0.99,-0.25,0.39,11.83,-16.1,-34.82,76
0.96,-0.23,0.38,5.52,-10.85,-28.17,76
0.93,-0.21,0.36,-5.18,-6.37,-21.16,76
0.9,-0.21,0.34,-16.19,-2.8,-15.06,76
0.89,-0.21,0.32,-23.14,0.49,-10.55,76
0.9,-0.23,0.32,-24.76,4.12,-7.93,76
0.91,-0.26,0.33,-23.41,7.62,-6.89,76
0.92,-0.28,0.34,-23.29,10.67,-6.01,76
0.91,-0.28,0.33,-26.1,12.93,-5.09,76
0.89,-0.29,0.32,-29.82,14.27,-5.37,76
0.88,-0.3,0.32,-31.28,15.12,-6.07,76
0.86,-0.29,0.31,-30.03,15.76,-6.4,76
0.84,-0.29,0.31,-27.84,15.98,-7.29,76
0.81,-0.29,0.3,-26.07,16.16,-8.6,76
0.78,-0.28,0.29,-24.82,16.16,-8.87,76
0.75,-0.27,0.28,-24.09,16.28,-7.93,76
0.7,-0.25,0.27,-23.32,16.92,-5.49,76
0.67,-0.24,0.26,-22.32,18.08,-1.83,76
0.65,-0.23,0.25,-21.31,20.09,2.9,76
0.64,-0.21,0.24,-21.04,22.29,7.04,76
0.62,-0.22,0.24,-20.7,23.32,10.06,76
0.61,-0.22,0.24,-19.91,23.6,13.51,76
0.6,-0.22,0.25,-18.9,24.12,17.26,76
0.6,-0.22,0.25,-17.13,24.45,20.64,76
0.62,-0.24,0.25,-14.42,24.48,22.68,76
0.64,-0.24,0.26,-11.19,24.05,22.93,76
0.64,-0.24,0.27,-7.74,23.69,21.68,76
0.65,-0.25,0.28,-4.39,23.99,19.3,76
0.67,-0.24,0.28,-2.2,25.58,16.89,76
0.74,-0.22,0.3,-2.96,26.68,14.33,76
0.83,-0.21,0.33,-5.98,27.68,11.16,76
0.93,-0.21,0.35,-9.18,29.63,7.5,76
1.07,-0.22,0.38,-13.17,31.46,3.35,76
1.2,-0.21,0.43,-17.44,31.28,-1.07,76
1.35,-0.23,0.49,-21.95,28.08,-7.53,76
1.45,-0.24,0.53,-27.44,26.46,-13.2,76
1.51,-0.24,0.59,-31.98,20.24,-20.03,76
1.55,-0.19,0.73,-36.37,7.38,-30.12,76
1.64,-0.21,0.8,-52.47,-0.34,-41.86,76
1.61,-0.34,0.76,-70.64,-3.57,-52.59,76
1.46,-0.43,0.68,-59.82,-18.2,-59.51,76
1.28,-0.42,0.64,-18.11,-32.23,-57.38,76
1.1,-0.33,0.63,35.7,-36.1,-48.51,76
0.98,-0.24,0.62,78.87,-35.49,-40.49,76
0.9,-0.18,0.62,100.58,-32.9,-35.34,76
0.85,-0.16,0.61,101.22,-28.69,-29.82,76
0.8,-0.18,0.56,89.15,-22.38,-22.44,76
0.73,-0.19,0.5,75.21,-15.03,-14.6,76
0.64,-0.19,0.43,66.04,-8.84,-5.91,76
0.58,-0.17,0.38,62.65,-4.48,3.78,76
0.58,-0.14,0.35,64.18,0.27,14.02,76
0.61,-0.12,0.33,68.38,6.68,23.02,76
0.67,-0.11,0.34,70.12,12.38,27.44,76
0.74,-0.12,0.34,65.15,16.07,27.1,76
0.82,-0.15,0.36,54.12,17.65,25.58,76
0.89,-0.17,0.37,40.79,17.47,24.94,76
0.94,-0.18,0.38,28.54,16.8,25.46,76
0.95,-0.16,0.39,16.92,15.06,26.98,76
0.95,-0.18,0.41,5.12,11.49,26.68,76
0.94,-0.2,0.41,-3.84,8.17,26.95,76
0.92,-0.2,0.4,-7.47,5.7,29.54,76
0.9,-0.19,0.38,-5.95,3.69,33.84,76
0.88,-0.19,0.35,-0.43,2.35,38.87,76
0.88,-0.18,0.33,6.37,1.74,43.78,76
0.89,-0.16,0.32,12.04,1.22,48.66,76
0.9,-0.15,0.33,14.73,1.43,53.11,76
0.91,-0.13,0.33,12.9,2.62,55.7,76
0.92,-0.14,0.34,7.5,3.23,56.89,76
0.91,-0.14,0.35,0.85,3.05,57.32,76
0.89,-0.14,0.35,-5.58,2.9,57.13,76
0.87,-0.15,0.36,-11.04,2.32,56.13,76
0.86,-0.16,0.35,-14.91,0.61,54.36,76
0.84,-0.18,0.35,-16.65,-2.13,51.52,76
0.83,-0.19,0.36,-15.73,-5.85,47.56,76
0.83,-0.2,0.36,-12.77,-9.82,42.8,76
0.83,-0.21,0.37,-8.78,-13.6,37.01,76
0.82,-0.22,0.37,-4.54,-16.98,30.85,76
0.79,-0.22,0.37,-0.85,-19.88,25.15,76
0.77,-0.21,0.36,1.68,-22.13,20.06,76
0.76,-0.21,0.36,3.57,-23.99,15.61,76
0.75,-0.21,0.35,6.71,-24.76,11.46,76
0.75,-0.22,0.35,11.37,-24.24,7.26,76
0.75,-0.22,0.36,14.88,-23.02,3.2,76
0.78,-0.22,0.37,14.3,-22.01,-1.28,76
0.84,-0.23,0.37,10,-20.91,-8.02,76
0.91,-0.27,0.38,5.52,-20.85,-16.8,76
0.97,-0.29,0.4,2.9,-21.74,-26.34,76
0.99,-0.3,0.41,1.19,-22.29,-36.43,76
0.99,-0.3,0.4,-1.86,-22.26,-46.07,76
0.97,-0.3,0.38,-6.34,-22.84,-53.23,76
0.95,-0.29,0.37,-8.96,-24.48,-56.74,76
0.95,-0.29,0.36,-7.01,-26.16,-57.9,76
0.97,-0.3,0.37,-1.13,-27.35,-58.75,76
0.98,-0.29,0.39,5.7,-28.29,-59.24,76
0.99,-0.29,0.4,9.82,-27.59,-58.17,76
0.98,-0.28,0.4,10.37,-24.82,-55.03,76
0.96,-0.26,0.39,8.08,-20.34,-50.52,76
0.94,-0.24,0.37,4.18,-15.61,-45.27,76
0.92,-0.23,0.36,-0.85,-11.59,-39.73,76
0.91,-0.22,0.36,-6.25,-8.26,-34.39,76
0.9,-0.23,0.35,-11.04,-4.97,-29.76,76
0.89,-0.25,0.34,-14.09,-1.01,-25.49,76
0.89,-0.27,0.33,-14.02,2.68,-21.22,76
0.9,-0.29,0.33,-11.19,5.61,-17.2,76
0.9,-0.29,0.34,-8.11,8.08,-14.09,76
0.9,-0.29,0.34,-6.89,10.3,-12.5,76
0.89,-0.29,0.34,-7.9,11.77,-12.32,76
0.87,-0.28,0.34,-10.64,13.38,-12.07,76
0.85,-0.27,0.33,-14.88,15.55,-12.04,76
0.81,-0.27,0.32,-19.54,17.41,-12.29,76
0.76,-0.25,0.3,-23.93,19.12,-11.86,76
0.69,-0.24,0.28,-27.77,21.52,-9.88,76
0.62,-0.22,0.26,-31.4,24.12,-5.64,76
0.56,-0.21,0.23,-34.7,26.89,0.61,76
0.51,-0.2,0.22,-36.46,29.05,7.99,76
0.49,-0.2,0.21,-35.46,30.55,14.7,76
0.49,-0.21,0.21,-31.71,32.13,20.43,76
0.53,-0.22,0.21,-27.29,34.33,24.97,76
0.58,-0.23,0.21,-23.35,35.73,27.65,76
0.64,-0.23,0.22,-19.27,35.43,28.63,76
0.68,-0.24,0.24,-14.36,34.79,28.75,76
0.7,-0.24,0.26,-9.45,34.57,27.56,76
0.7,-0.22,0.29,-6.83,35.06,25.61,76
0.68,-0.19,0.32,-9.39,36.1,24.88,76
0.71,-0.16,0.33,-16.25,37.16,25.85,76
0.82,-0.16,0.34,-21.92,37.26,25.88,76
1.04,-0.22,0.37,-21.1,34.6,21.28,76
1.33,-0.29,0.46,-9.39,29.21,10.3,76
1.65,-0.34,0.6,10.73,23.14,-7.01,76
1.74,-0.29,0.72,25.49,23.2,-22.71,76
1.62,-0.18,0.77,13.2,20.21,-35.06,76
1.55,-0.12,0.76,-29.09,11.31,-42.04,76
1.59,-0.15,0.72,-73.2,0.24,-43.17,76
1.58,-0.25,0.67,-81.98,-15.88,-46.28,76
1.48,-0.3,0.69,-41.04,-36.43,-56.74,76
1.37,-0.28,0.73,21.59,-42.9,-63.75,76
1.2,-0.21,0.74,60.91,-35.24,-56.43,76
1.05,-0.14,0.71,60.67,-30.95,-44.42,76
0.94,-0.13,0.65,37.35,-27.5,-36.28,76
0.84,-0.13,0.56,14.6,-20.52,-29.88,76
0.73,-0.13,0.48,2.77,-13.6,-24.33,76
0.63,-0.12,0.42,-0.24,-8.93,-19.63,76
0.56,-0.11,0.38,1.37,-4.85,-13.48,76
0.52,-0.11,0.36,6.65,1.04,-4.54,76
0.52,-0.12,0.33,15.46,8.32,5.34,76
0.55,-0.13,0.31,24.76,14.18,12.04,76
0.6,-0.16,0.33,30,17.16,14.7,76
0.65,-0.17,0.34,29.36,18.2,16.37,76
0.71,-0.18,0.35,24.33,18.05,17.71,76
0.81,-0.21,0.37,18.57,15.55,16.37,76
0.93,-0.24,0.4,15.43,12.2,12.68,76
1.01,-0.25,0.44,13.96,9.63,9.94,76
1.02,-0.23,0.48,8.32,6.77,7.96,76
0.95,-0.21,0.47,-5.06,4.02,7.53,76
0.88,-0.19,0.43,-19.63,0.58,11.1,76
0.82,-0.18,0.38,-25.52,-3.35,18.11,76
0.81,-0.2,0.34,-18.81,-7.68,24.91,76
0.83,-0.21,0.34,-1.52,-12.56,29.54,76
0.88,-0.22,0.37,19.76,-15.49,32.84,76
0.92,-0.21,0.39,35.67,-14.66,37.23,76
0.93,-0.18,0.4,40.85,-12.74,42.41,76
0.93,-0.15,0.4,36.4,-11.07,45.64,76
0.91,-0.15,0.39,27.68,-10,46.8,76
0.88,-0.14,0.38,19.54,-9.76,47.5,76
0.86,-0.14,0.39,13.41,-9.76,48.11,76
0.86,-0.15,0.4,8.99,-8.9,48.05,76
0.87,-0.17,0.4,6.77,-7.74,47.26,76
0.89,-0.18,0.4,7.01,-7.2,47.04,76
0.9,-0.17,0.39,7.87,-6.74,47.23,76
0.9,-0.17,0.39,8.51,-7.23,46.4,76
0.88,-0.18,0.38,8.99,-8.14,45.18,76
0.87,-0.18,0.38,9.63,-9.79,43.78,76
0.85,-0.19,0.38,11.16,-12.2,41.4,76
0.84,-0.2,0.38,14.21,-15.12,37.9,76
0.84,-0.21,0.39,18.41,-17.53,34.05,76
0.85,-0.2,0.39,21.86,-18.54,29.73,76
0.84,-0.21,0.39,22.53,-18.87,24.27,76
0.83,-0.2,0.38,20.27,-19.73,18.63,76
0.82,-0.2,0.37,16.71,-20.24,13.51,76
0.81,-0.2,0.36,14.15,-20.09,8.38,76
0.8,-0.21,0.35,13.54,-19.45,3.38,76
0.81,-0.22,0.35,14.12,-18.78,-1.25,76
0.84,-0.23,0.35,14.82,-18.9,-6.37,76
0.88,-0.24,0.36,15.34,-19.51,-12.13,76
0.9,-0.24,0.37,14.15,-19.85,-18.57,76
0.91,-0.23,0.38,9.51,-20.37,-24.7,76
0.9,-0.23,0.37,1.95,-20.67,-29.7,76
0.89,-0.23,0.35,-4.97,-20.7,-33.32,76
0.88,-0.24,0.33,-7.87,-20.55,-35.85,76
0.89,-0.26,0.33,-5.55,-20.49,-37.84,76
0.92,-0.26,0.34,-0.82,-20.34,-39.79,76
0.95,-0.27,0.35,2.71,-20,-41.8,76
0.97,-0.28,0.36,4.02,-19.39,-43.63,76
0.99,-0.27,0.36,3.66,-18.17,-44.7,76
1,-0.26,0.36,2.16,-16.4,-44.91,76
0.99,-0.26,0.36,-0.52,-14.85,-44.54,76
0.97,-0.25,0.36,-4.82,-13.38,-43.2,76
0.95,-0.24,0.35,-10.55,-11.65,-40.95,76
0.93,-0.25,0.35,-15.85,-10.27,-38.72,76
0.91,-0.26,0.34,-18.45,-9.02,-36.13,76
0.89,-0.26,0.34,-18.6,-7.16,-32.9,76
0.88,-0.27,0.34,-18.23,-4.63,-29.09,76
0.88,-0.26,0.33,-18.99,-1.68,-25.12,76
0.87,-0.26,0.32,-20.12,0.98,-21.98,76
0.86,-0.27,0.31,-20.55,3.48,-19.85,76
0.85,-0.27,0.31,-20.46,6.07,-17.84,76
0.84,-0.26,0.31,-21.13,8.48,-15.79,76
0.81,-0.25,0.31,-23.29,10.7,-13.78,76
0.76,-0.24,0.29,-26.46,13.02,-11.28,76
0.71,-0.23,0.28,-29.73,15.49,-7.99,76
0.68,-0.23,0.26,-31.8,17.41,-3.99,76
0.64,-0.23,0.26,-31.8,19.15,0.55,76
0.61,-0.23,0.25,-30.09,20.82,4.51,76
0.59,-0.23,0.25,-27.87,22.93,8.23,76
0.59,-0.23,0.26,-26.07,25.21,11.98,76
0.61,-0.23,0.26,-24.36,27.99,14.94,76
0.64,-0.24,0.27,-22.29,30.88,15.09,76
0.66,-0.25,0.28,-20.21,33.63,12.56,76
0.66,-0.24,0.29,-20.21,36.77,9.42,76
0.66,-0.22,0.28,-24.18,40.91,7.04,76
0.68,-0.19,0.28,-32.29,45.12,5.85,76
0.72,-0.17,0.28,-42.35,47.35,5.18,76
0.76,-0.18,0.3,-50.09,47.07,3.81,76
0.84,-0.2,0.33,-53.32,46.1,2.56,76
1,-0.2,0.36,-55.12,46.34,1.89,76
1.21,-0.24,0.42,-56.25,45.46,-1.62,76
1.4,-0.26,0.49,-52.16,41.68,-9.76,76
1.5,-0.3,0.54,-44.27,37.77,-18.23,76
1.44,-0.26,0.57,-37.99,30.46,-19.27,76
1.35,-0.23,0.61,-35.49,15.27,-18.17,76
1.35,-0.24,0.63,-27.9,1.07,-17.29,76
1.44,-0.24,0.7,-8.08,-8.96,-17.5,76
1.54,-0.27,0.75,23.51,-19.76,-23.02,76
1.57,-0.28,0.8,59.12,-31.01,-33.17,76
1.45,-0.24,0.81,84.91,-37.84,-41.68,76
1.29,-0.16,0.79,91.49,-39.7,-43.87,76
1.13,-0.08,0.75,77.32,-36.52,-41.71,76
1.02,-0.06,0.71,49.51,-30.85,-40.06,76
0.93,-0.05,0.64,21.59,-24.27,-36.19,76
0.82,-0.07,0.55,4.66,-16.55,-27.23,76
0.69,-0.1,0.46,3.63,-8.05,-15.52,76
0.59,-0.1,0.4,13.75,0.34,-3.54,76
0.54,-0.08,0.36,26.01,9.36,7.53,76
0.5,-0.08,0.33,33.72,17.8,18.63,76
0.51,-0.1,0.32,35.06,22.26,28.38,76
0.56,-0.12,0.32,32.56,25.21,34.94,76
0.63,-0.13,0.33,29.21,29.36,39.05,76
0.72,-0.14,0.33,25.27,32.96,41.46,76
0.81,-0.14,0.34,19.39,33.48,41.8,76
0.9,-0.16,0.36,11.07,31.55,40.21,76
0.95,-0.18,0.38,1.86,28.29,38.75,76
0.95,-0.19,0.41,-8.02,23.84,38.93,76
0.93,-0.19,0.42,-19.18,18.38,38.96,76
0.91,-0.21,0.42,-29.97,11.59,37.68,76
0.87,-0.22,0.4,-34.82,4.33,37.68,76
0.82,-0.23,0.38,-29.39,-3.84,38.41,76
0.79,-0.23,0.35,-14.15,-10.34,40.03,76
0.77,-0.22,0.34,5.18,-14.57,42.62,76
0.79,-0.21,0.35,21.92,-18.17,45.09,76
0.83,-0.19,0.36,32.1,-20.3,46.37,76
0.87,-0.18,0.37,35.46,-20.55,44.91,76
0.89,-0.18,0.38,34.33,-20.91,41.89,76
0.9,-0.18,0.39,29.82,-21.1,38.54,76
0.89,-0.17,0.38,21.86,-20.98,35.46,76
0.85,-0.16,0.37,12.01,-20.76,32.77,76
0.82,-0.16,0.35,3.32,-20.95,30.82,76
0.8,-0.19,0.34,-0.67,-21.31,29.24,76
0.8,-0.22,0.33,2.35,-22.99,27.1,76
0.8,-0.24,0.34,9.85,-25.27,25.67,76
0.81,-0.23,0.35,16.83,-27.47,24.79,76
0.82,-0.21,0.36,20.03,-28.38,23.93,76
0.8,-0.21,0.35,19.21,-28.26,22.2,76
0.8,-0.22,0.33,16.71,-28.32,19.82,76
0.82,-0.25,0.32,15.73,-28.6,16.01,76
0.85,-0.28,0.33,18.38,-28.66,9.91,76
0.87,-0.29,0.36,21.74,-28.08,3.45,76
0.89,-0.27,0.38,18.57,-26.1,-2.96,76
0.9,-0.26,0.39,7.47,-23.02,-8.87,76
0.92,-0.25,0.38,-7.29,-19.39,-13.11,76
0.97,-0.26,0.36,-20.95,-15.09,-15.73,76
1.04,-0.28,0.36,-30.73,-11.19,-18.32,76
1.09,-0.29,0.36,-35.67,-8.05,-21.86,76
1.12,-0.31,0.37,-38.26,-5.52,-25.73,76
1.09,-0.29,0.38,-42.68,-2.8,-28.23,76
1.02,-0.27,0.38,-52.44,-0.82,-28.29,76
0.94,-0.25,0.37,-66.92,0.4,-24.6,76
0.87,-0.23,0.35,-81.95,0.82,-18.93,76
0.83,-0.25,0.33,-91.65,0.3,-14.94,76
0.81,-0.29,0.31,-88.99,-0.4,-14.12,76
0.79,-0.34,0.31,-73.51,-0.24,-14.39,76
0.78,-0.35,0.32,-53.54,0.79,-13.87,76
0.77,-0.32,0.32,-38.84,2.01,-13.69,76
0.78,-0.32,0.32,-31.89,3.6,-16.07,76
0.79,-0.33,0.33,-27.62,5.06,-20.55,76
0.79,-0.31,0.34,-23.6,6.22,-25.3,76
0.77,-0.29,0.35,-22.23,7.38,-30.98,76
0.76,-0.29,0.36,-24.94,9.27,-37.1,76
0.75,-0.29,0.35,-30.98,11.74,-41.77,76
0.73,-0.29,0.32,-36.71,14.24,-44.57,76
0.71,-0.29,0.31,-39.42,16.55,-46.01,76
0.7,-0.29,0.29,-38.96,18.9,-46.01,76
0.69,-0.29,0.28,-37.1,21.28,-44.7,76
0.71,-0.3,0.27,-34.05,22.26,-42.62,76
0.74,-0.33,0.28,-28.26,22.04,-40.4,76
0.78,-0.36,0.29,-19.3,21.46,-39.51,76
0.8,-0.36,0.31,-10.37,20.12,-39.48,76
0.79,-0.33,0.3,-5.21,19.02,-40,76
0.75,-0.32,0.29,-2.53,18.81,-40.18,76
0.72,-0.31,0.28,0.24,18.17,-39.18,76
0.68,-0.28,0.28,0.4,18.11,-36.49,76
0.67,-0.28,0.27,-2.13,18.57,-33.2,76
0.67,-0.29,0.26,-3.9,18.69,-29.42,76
0.72,-0.3,0.26,-1.92,19.09,-24.54,76
0.75,-0.3,0.27,4.79,19.45,-19.36,76
0.79,-0.28,0.29,12.5,20.46,-14.42,76
0.88,-0.24,0.31,15.37,24.05,-9.3,76
0.97,-0.21,0.33,11.28,28.2,-4.48,76
1.09,-0.16,0.36,2.62,29.36,0.49,76
1.22,-0.16,0.38,-10.49,30.43,4.63,76
1.36,-0.21,0.43,-23.23,26.86,4.7,76
1.46,-0.26,0.51,-28.14,17.01,1.31,76
1.57,-0.3,0.61,-25.52,7.1,-4.63,76
1.66,-0.32,0.68,-23.69,3.66,-10.49,76
1.64,-0.35,0.7,-25.09,-4.36,-15.67,76
1.55,-0.35,0.7,-20.7,-17.38,-18.63,76
1.47,-0.32,0.66,-3.14,-24.42,-17.13,76
1.38,-0.26,0.64,23.81,-26.43,-12.35,76
1.29,-0.22,0.6,48.54,-25.91,-8.11,76
1.21,-0.19,0.57,63.51,-21.34,-4.02,76
1.11,-0.13,0.56,65.46,-15.09,6.1,76
0.99,-0.08,0.54,54.18,-9.51,18.87,76
0.86,-0.04,0.51,32.1,-2.62,29.88,76
0.73,-0.05,0.45,6.83,4.12,38.6,76
0.64,-0.08,0.41,-9.54,8.96,46.1,76
0.59,-0.12,0.37,-9.88,12.84,52.2,76
0.56,-0.15,0.34,2.47,16.59,58.23,76
0.55,-0.18,0.34,18.69,19.97,65.24,76
0.57,-0.19,0.35,31.46,22.96,71.74,76
0.61,-0.17,0.35,38.6,26.01,76.16,76
0.67,-0.16,0.35,41.01,28.35,76.55,76
0.73,-0.2,0.33,41.83,28.23,73.75,76
0.8,-0.2,0.34,43.23,26.13,69.79,76
0.84,-0.18,0.36,43.2,22.59,65.3,76
0.87,-0.19,0.38,39.09,17.59,57.8,76
0.88,-0.18,0.4,30.24,12.9,47.99,76
0.85,-0.19,0.4,17.87,8.11,37.38,76
0.81,-0.21,0.38,6.43,2.13,30.06,76
0.8,-0.21,0.36,0.79,-5.03,25.43,76
0.79,-0.21,0.33,4.24,-10.61,21.31,76
0.79,-0.22,0.3,15.43,-14.66,18.26,76
0.79,-0.22,0.29,28.51,-18.35,16.98,76
0.81,-0.21,0.3,37.41,-21.89,14.91,76
0.85,-0.21,0.33,40.7,-25.79,9.45,76
0.86,-0.22,0.35,39.48,-29.21,3.17,76
0.85,-0.2,0.36,34.09,-30.4,-0.91,76
0.84,-0.17,0.35,24.09,-29.73,-3.75,76
0.84,-0.17,0.33,13.32,-28.66,-6.68,76
0.84,-0.18,0.31,6.74,-28.45,-8.81,76
0.82,-0.19,0.31,4.3,-28.99,-9.42,76
0.8,-0.18,0.32,2.59,-30,-9.27,76
0.81,-0.19,0.32,0.12,-30.3,-9.09,76
0.84,-0.21,0.32,-1.07,-30.79,-8.96,76
0.89,-0.24,0.32,1.52,-32.41,-9.57,76
0.94,-0.26,0.33,6.8,-34.05,-11.86,76
0.98,-0.26,0.35,11.28,-35.3,-16.59,76
1,-0.27,0.36,13.35,-36.01,-23.14,76
1.01,-0.27,0.36,13.48,-35.98,-28.69,76
1,-0.25,0.36,11.16,-35.46,-33.29,76
0.96,-0.23,0.35,6.43,-34.63,-35.64,76
0.92,-0.22,0.34,1.25,-33.87,-36.19,76
0.91,-0.23,0.34,-1.49,-33.75,-35.61,76
0.94,-0.24,0.35,-0.88,-33.51,-34.79,76
0.98,-0.26,0.37,2.5,-32.47,-35,76
1,-0.28,0.38,6.92,-29.54,-35.55,76
1.01,-0.26,0.38,8.87,-24.27,-34.15,76
0.98,-0.24,0.36,6.19,-17.87,-31.34,76
0.96,-0.22,0.35,0.27,-12.16,-27.71,76
0.93,-0.21,0.33,-6.83,-7.65,-23.69,76
0.91,-0.2,0.33,-13.9,-4.24,-19.57,76
0.89,-0.21,0.33,-19.36,-1.31,-16.83,76
0.86,-0.24,0.32,-20.98,2.26,-14.76,76
0.84,-0.25,0.32,-19.45,6.31,-11.92,76
0.82,-0.25,0.31,-18.32,10.49,-8.26,76
0.8,-0.25,0.31,-18.81,14.15,-5.4,76
0.78,-0.25,0.3,-19.48,17.2,-4.21,76
0.74,-0.25,0.28,-19.24,20.76,-3.48,76
0.7,-0.23,0.28,-19.51,24.73,-1.83,76
0.67,-0.21,0.27,-21.92,28.69,0.46,76
0.66,-0.21,0.27,-25.58,32.47,2.59,76
0.65,-0.21,0.26,-28.96,35.82,4.39,76
0.65,-0.22,0.25,-31.04,38.87,6.07,76
0.64,-0.22,0.25,-32.2,42.77,7.77,76
0.64,-0.22,0.23,-33.38,46.95,9.45,76
0.65,-0.23,0.22,-33.6,50.03,10.55,76
0.65,-0.23,0.24,-31.89,50.64,10.98,76
0.6,-0.22,0.27,-29.94,51.25,10.85,76
0.53,-0.18,0.29,-33.23,54.57,10.64,76
0.49,-0.14,0.28,-46.59,60.73,10.46,76
0.47,-0.12,0.27,-66.28,65.09,10.52,76
0.53,-0.14,0.27,-81.95,67.01,11.68,76
0.68,-0.23,0.25,-85.95,70.18,10,76
0.97,-0.36,0.29,-75.43,67.68,-0.88,76
1.4,-0.49,0.45,-49.15,56.25,-18.57,76
1.82,-0.51,0.66,-15.34,43.99,-38.96,76
2.16,-0.48,0.86,5.52,34.91,-58.35,76
2.11,-0.35,0.94,-1.16,23.66,-58.57,76
1.97,-0.21,0.96,-33.2,-3.11,-43.26,76
1.65,-0.13,0.93,-59.24,-32.74,-24.63,76
1.43,-0.18,0.78,-43.72,-53.54,-19.24,76
1.26,-0.17,0.62,23.99,-53.17,-9.15,76
1.14,-0.18,0.56,111.16,-42.23,7.2,76
1.03,-0.18,0.56,176.68,-36.62,13.51,76
0.91,-0.22,0.63,193.96,-38.72,7.16,76
0.81,-0.29,0.68,161.25,-43.72,-0.43,76
0.71,-0.1,0.71,105,-43.08,0,76
0.6,-0.04,0.67,52.35,-36.89,6.55,76
0.49,-0.03,0.58,23.11,-27.32,10.55,76
0.4,-0.1,0.48,19.7,-16.49,8.38,76
0.35,-0.18,0.44,33.87,-9.7,0.82,76
0.37,-0.19,0.42,50.76,-7.41,-4.91,76
0.42,-0.17,0.42,59.6,-3.78,0.24,76
0.49,-0.18,0.4,61.86,0.52,11.65,76
0.59,-0.2,0.39,64.27,4.82,18.81,76
0.71,-0.2,0.38,70.4,10.52,20.09,76
0.86,-0.18,0.39,76.86,16.8,20.46,76
1.01,-0.15,0.42,77.32,22.07,21.77,76
1.12,-0.09,0.46,66.65,25.49,23.02,76
1.15,-0.07,0.49,42.62,23.99,20.67,76
1.1,-0.08,0.51,9.85,19.27,18.93,76
1.01,-0.12,0.49,-21.07,14.7,22.8,76
0.96,-0.16,0.45,-38.81,9.57,31.37,76
0.94,-0.19,0.42,-37.68,3.84,40.37,76
0.93,-0.21,0.4,-19.09,-2.35,47.62,76
0.91,-0.23,0.4,10.43,-6.07,53.41,76
0.83,-0.23,0.39,38.23,-7.1,59.27,76
0.75,-0.17,0.38,50.73,-4.94,66.59,76
0.69,-0.11,0.36,44.88,-0.43,74.63,76
0.68,-0.09,0.33,30.09,3.66,80.82,76
0.69,-0.09,0.3,16.74,7.04,83.9,76
0.73,-0.1,0.29,8.9,9.27,81.52,76
0.79,-0.13,0.31,5.27,10.43,75.03,76
0.86,-0.16,0.34,2.74,12.59,68.35,76
0.92,-0.19,0.36,-1.34,16.04,62.07,76
0.96,-0.21,0.37,-7.56,17.77,54.91,76
0.95,-0.21,0.38,-16.13,16.95,46.37,76
0.92,-0.21,0.39,-27.44,16.13,35.98,76
0.9,-0.22,0.38,-40.91,15.3,26.34,76
0.89,-0.24,0.37,-52.2,12.26,17.5,76
0.91,-0.26,0.36,-56.43,8.02,8.48,76
0.92,-0.28,0.37,-53.2,5.27,-0.06,76
0.93,-0.29,0.38,-47.77,1.31,-7.9,76
0.93,-0.28,0.41,-44.91,-4.36,-14.51,76
0.91,-0.29,0.43,-44.02,-9.48,-19.15,76
0.87,-0.28,0.44,-42.9,-12.56,-20.88,76
0.82,-0.27,0.46,-41.95,-14.02,-20.91,76
0.78,-0.24,0.46,-42.23,-13.87,-20.61,76
0.74,-0.25,0.43,-42.59,-11.22,-21.55,76
0.74,-0.27,0.42,-39.79,-9.3,-25.4,76
0.74,-0.31,0.41,-31.86,-6.95,-30.15,76
0.76,-0.33,0.42,-22.44,-4.18,-34.45,76
0.78,-0.35,0.45,-17.59,-1.4,-38.6,76
0.8,-0.34,0.48,-19.73,1.83,-43.23,76
0.8,-0.33,0.48,-27.29,5.67,-48.63,76
0.79,-0.32,0.47,-37.35,10.46,-53.32,76
0.77,-0.3,0.45,-49.21,15.24,-56.59,76
0.76,-0.31,0.43,-62.29,19.85,-59.05,76
0.76,-0.33,0.4,-73.75,23.72,-60.91,76
0.77,-0.36,0.39,-77.65,25.67,-62.35,76
0.78,-0.39,0.39,-73.81,28.08,-62.87,76
0.79,-0.39,0.39,-68.11,31.46,-61.86,76
0.79,-0.38,0.38,-64.27,33.2,-59.91,76
0.78,-0.36,0.37,-60.27,34.18,-57.59,76
0.75,-0.34,0.36,-56.19,36.25,-54.94,76
0.71,-0.31,0.36,-55.49,38.2,-52.44,76
0.68,-0.29,0.35,-59.79,38.87,-49.88,76
0.66,-0.29,0.33,-65.43,39.45,-47.29,76
0.63,-0.3,0.32,-68.08,39.94,-44.91,76
0.63,-0.32,0.31,-65.64,40.27,-42.44,76
0.61,-0.33,0.31,-59.94,40.58,-39.54,76
0.61,-0.33,0.31,-53.29,40.12,-36.68,76
0.61,-0.33,0.31,-45.76,39.94,-34.85,76
0.63,-0.33,0.32,-37.71,40.98,-33.45,76
0.68,-0.32,0.34,-31.83,42.32,-32.74,76
0.76,-0.31,0.37,-30.43,43.38,-33.6,76
0.85,-0.31,0.4,-33.35,44.33,-35.82,76
0.96,-0.32,0.43,-39.82,44.6,-38.11,76
1.08,-0.35,0.47,-46.31,41.22,-40.43,76
1.17,-0.32,0.54,-51.22,35.21,-41.68,76
1.16,-0.31,0.59,-61.43,31.37,-41.19,76
1.13,-0.27,0.61,-78.99,26.86,-36.68,76
1.15,-0.31,0.61,-96.59,17.96,-30.52,76
1.21,-0.43,0.62,-99.54,7.41,-24.36,76
1.31,-0.56,0.67,-79.21,-2.01,-20.88,76
1.35,-0.63,0.74,-43.02,-10.95,-21.01,76
1.32,-0.6,0.83,-7.71,-22.68,-22.35,76
1.24,-0.51,0.85,11.74,-31.01,-19.33,76
1.09,-0.42,0.83,13.9,-36.1,-12.74,76
0.99,-0.39,0.78,14.05,-40.27,-7.68,76
0.89,-0.36,0.73,20.73,-36.83,-2.01,76
0.81,-0.34,0.68,26.59,-29.12,5.7,76
0.74,-0.3,0.65,23.54,-23.08,14.7,76
0.66,-0.27,0.6,14.91,-18.9,24.42,76
0.61,-0.27,0.55,11.25,-14.57,34.3,76
0.58,-0.26,0.51,16.31,-10.09,43.2,76
0.56,-0.23,0.49,22.9,-5.34,50.55,76
0.53,-0.21,0.46,24.18,-1.98,54.73,76
0.52,-0.22,0.44,21.16,-1.71,56.46,76
0.52,-0.25,0.42,19.3,-4.18,56.98,76
0.54,-0.26,0.41,23.2,-6.95,56.71,76
0.58,-0.25,0.43,32.07,-8.41,54.73,76
0.63,-0.24,0.47,38.02,-7.5,49.12,76
0.67,-0.23,0.49,35.58,-5.03,39.73,76
0.7,-0.23,0.48,25.12,-3.96,28.45,76
0.72,-0.25,0.47,10.4,-5.37,17.8,76
0.73,-0.24,0.48,-2.8,-8.63,10.4,76
0.76,-0.24,0.5,-11.4,-12.23,5.15,76
0.79,-0.24,0.52,-13.99,-13.41,2.41,76
0.83,-0.24,0.54,-13.45,-12.65,-0.58,76
0.85,-0.25,0.54,-14.54,-11.04,-3.57,76
0.83,-0.25,0.54,-21.28,-7.71,-4.3,76
0.8,-0.24,0.51,-32.8,-5.76,-2.87,76
0.79,-0.24,0.49,-43.23,-4.94,-0.98,76
0.81,-0.26,0.48,-47.87,-3.02,-0.3,76
0.87,-0.3,0.48,-47.5,0.85,-2.13,76
0.94,-0.35,0.5,-46.59,3.63,-7.13,76
1,-0.37,0.5,-47.53,4.97,-12.07,76
1.08,-0.38,0.49,-50.06,4.88,-16.46,76
1.13,-0.41,0.49,-50.21,3.11,-22.62,76
1.14,-0.41,0.5,-45.09,0.61,-30.03,76
1.07,-0.36,0.5,-39.66,1.59,-32.2,76
1.01,-0.3,0.46,-39.6,4.33,-26.04,76
0.98,-0.28,0.41,-39.79,6.55,-15.06,76
0.93,-0.25,0.37,-30.82,7.99,-3.48,76
0.85,-0.23,0.34,-15.37,11.34,5.46,76
0.78,-0.21,0.34,-6.1,16.74,11.31,76
0.75,-0.21,0.35,-12.71,23.45,14.3,76
0.78,-0.26,0.34,-32.5,29.39,13.38,76
0.87,-0.33,0.35,-51.07,33.08,8.08,76
0.97,-0.41,0.34,-58.54,37.1,0.37,76
1.03,-0.44,0.35,-57.9,41.83,-8.11,76
1.08,-0.42,0.35,-58.41,44.97,-15.24,76
1.09,-0.39,0.35,-63.38,45.21,-19.24,76
1.04,-0.38,0.34,-69.02,43.05,-20.61,76
0.96,-0.35,0.36,-73.96,40.61,-17.74,76
0.9,-0.33,0.37,-79.09,38.11,-11.04,76
0.85,-0.32,0.36,-80.09,37.01,-3.45,76
0.81,-0.37,0.35,-72.59,37.23,0.82,76
0.78,-0.42,0.37,-56.95,35.88,0.88,76
0.75,-0.4,0.44,-42.8,34.6,-0.55,76
0.72,-0.37,0.46,-41.83,37.87,-3.38,76
0.7,-0.39,0.44,-51.52,42.84,-8.81,76
0.71,-0.43,0.42,-60.27,43.54,-14.51,76
0.72,-0.45,0.44,-61.25,42.8,-18.93,76
0.72,-0.44,0.48,-57.26,43.57,-23.41,76
0.74,-0.44,0.49,-56.31,47.56,-26.59,76
0.78,-0.45,0.51,-61.55,53.17,-25,76
0.79,-0.45,0.51,-71.13,57.32,-18.66,76
0.75,-0.46,0.49,-83.54,59.66,-13.66,76
0.72,-0.51,0.46,-93.05,60.12,-14.3,76
0.7,-0.57,0.44,-94.3,59.24,-18.72,76
0.67,-0.61,0.43,-87.23,57.04,-21.8,76
0.62,-0.62,0.41,-74.76,54.27,-21.34,76
0.59,-0.61,0.4,-60.37,50.73,-18.14,76
0.57,-0.61,0.4,-44.7,46.59,-15.18,76
0.57,-0.61,0.41,-27.38,42.1,-15.67,76
0.58,-0.61,0.41,-12.8,38.72,-18.26,76
0.59,-0.59,0.42,-5.61,35.18,-20.91,76
0.6,-0.56,0.42,-5.03,31.07,-22.77,76
0.62,-0.54,0.43,-5.09,28.9,-23.81,76
0.64,-0.5,0.44,-3.78,27.47,-22.5,76
0.67,-0.46,0.46,-2.47,25.09,-20.55,76
0.7,-0.44,0.49,-2.32,23.96,-21.49,76
0.74,-0.44,0.51,-3.2,23.32,-24.3,76
0.81,-0.42,0.52,-4.79,22.41,-26.89,76
0.85,-0.41,0.51,-3.63,20.34,-29.57,76
0.86,-0.39,0.51,2.59,15.61,-31.1,76
0.89,-0.33,0.51,7.2,13.2,-30.82,76
0.91,-0.3,0.52,1.59,12.96,-33.72,76
0.94,-0.31,0.52,-10.21,11.13,-40.12,76
0.9,-0.28,0.5,-19.82,11.98,-46.04,76
0.92,-0.25,0.48,-27.01,17.74,-50.37,76
0.87,-0.22,0.46,-36.25,18.78,-47.44,76
0.86,-0.19,0.43,-45.91,19.48,-43.48,76
0.84,-0.19,0.39,-52.44,24.82,-40.58,76
0.85,-0.23,0.36,-52.5,26.74,-38.57,76
0.87,-0.24,0.37,-46.52,26.52,-38.81,76
0.89,-0.23,0.4,-41.83,27.53,-40.76,76
0.9,-0.24,0.41,-43.84,28.23,-43.17,76
0.88,-0.27,0.41,-48.81,26.65,-45.18,76
0.84,-0.28,0.41,-49.79,22.8,-47.35,76
0.79,-0.28,0.42,-46.07,19.33,-50.91,76
0.74,-0.28,0.43,-44.42,16.31,-57.2,76
0.71,-0.29,0.42,-49.27,15.24,-64.6,76
0.68,-0.29,0.39,-57.9,13.93,-70.4,76
0.67,-0.3,0.36,-63.26,10.73,-73.6,76
0.68,-0.3,0.35,-60.73,7.96,-75.21,76
0.7,-0.29,0.36,-51.95,6.25,-75.49,76
0.73,-0.27,0.37,-42.99,5.21,-74.27,76
0.75,-0.25,0.39,-40.12,4.45,-71.31,76
0.77,-0.23,0.39,-45,3.75,-67.87,76
0.8,-0.24,0.38,-53.87,2.56,-64.91,76
0.82,-0.28,0.37,-61.46,1.22,-62.38,76
0.85,-0.31,0.37,-64.15,-0.37,-59.27,76
0.87,-0.33,0.37,-64.42,-1.83,-54.57,76
0.88,-0.35,0.36,-65.34,-3.6,-47.2,76
0.88,-0.35,0.35,-63.2,-5.4,-36.46,76
0.88,-0.35,0.34,-54.21,-6.89,-23.32,76
0.89,-0.34,0.35,-41.16,-5.55,-11.04,76
0.91,-0.32,0.39,-32.47,-1.31,-2.5,76
0.95,-0.29,0.42,-36.68,3.9,1.92,76
0.91,-0.27,0.42,-54.15,9.94,2.13,76
0.82,-0.28,0.36,-77.07,16.52,-0.7,76
0.82,-0.31,0.29,-97.68,23.75,-2.13,76
0.9,-0.36,0.24,-108.23,26.37,-4.3,76
0.97,-0.44,0.25,-100.91,22.07,-11.52,76
1.01,-0.5,0.28,-76.74,17.44,-22.41,76
1.01,-0.49,0.34,-51.95,16.25,-34.05,76
0.98,-0.44,0.36,-44.36,15.43,-43.78,76
0.98,-0.41,0.35,-54.66,10.79,-49.63,76
0.97,-0.4,0.34,-66.71,2.68,-53.23,76
0.94,-0.4,0.34,-66.59,-5.12,-56.46,76
0.91,-0.39,0.34,-54.63,-9.7,-57.96,76
0.89,-0.36,0.34,-38.48,-11.8,-55.95,76
0.89,-0.35,0.34,-23.84,-12.44,-51.74,76
0.89,-0.33,0.33,-11.52,-11.71,-46.59,76
0.89,-0.31,0.33,-2.68,-9.94,-40.82,76
0.9,-0.29,0.34,0.91,-7.16,-35.58,76
0.91,-0.27,0.34,-0.58,-3.48,-31.49,76
0.92,-0.25,0.34,-5.58,0.88,-28.96,76
0.92,-0.25,0.33,-12.84,5.43,-28.57,76
0.93,-0.26,0.33,-21.19,9.94,-29.7,76
0.94,-0.27,0.34,-28.96,14.3,-31.31,76
0.96,-0.28,0.36,-35.3,19.82,-32.41,76
0.98,-0.26,0.37,-41.19,25.82,-33.08,76
0.99,-0.25,0.37,-48.84,32.5,-33.78,76
1,-0.24,0.34,-60.27,39.27,-34.33,76
1.02,-0.23,0.31,-73.45,44.3,-33.81,76
1.08,-0.23,0.29,-84.12,47.9,-32.16,76
1.08,-0.25,0.28,-89.88,50.58,-29.63,76
1.05,-0.23,0.29,-92.77,50.85,-25.82,76
1,-0.19,0.29,-99.91,53.45,-21.1,76
0.97,-0.19,0.29,-112.26,56.52,-17.9,76
0.96,-0.22,0.28,-124.51,56.37,-17.07,76
0.94,-0.26,0.28,-130.76,53.66,-17.44,76
0.85,-0.28,0.28,-128.54,49.33,-17.16,76
0.76,-0.28,0.29,-120.49,44.57,-15.24,76
0.7,-0.28,0.32,-110.7,40.37,-11.4,76
0.66,-0.3,0.36,-98.87,35.43,-8.35,76
0.65,-0.34,0.4,-84.12,28.38,-8.63,76
0.64,-0.36,0.44,-67.96,20.4,-11.83,76
0.64,-0.36,0.47,-52.01,12.9,-16.28,76
0.65,-0.38,0.47,-36.19,7.65,-22.1,76
0.65,-0.38,0.47,-20.24,5.27,-27.8,76
0.63,-0.35,0.45,-7.96,3.81,-31.86,76
0.61,-0.33,0.45,-2.38,1.68,-34.76,76
0.59,-0.31,0.44,-3.45,-1.01,-37.26,76
0.58,-0.31,0.43,-6.37,-4.24,-38.32,76
0.59,-0.31,0.43,-5.76,-7.74,-37.56,76
0.6,-0.31,0.43,0.52,-9.82,-36.07,76
0.62,-0.31,0.43,10.06,-10.24,-34.7,76
0.63,-0.3,0.43,18.11,-10.18,-32.44,76
0.64,-0.27,0.44,20.88,-9.85,-27.71,71
0.64,-0.24,0.44,18.38,-8.08,-21.28,71
0.65,-0.22,0.42,13.57,-5.06,-14.79,71
0.68,-0.22,0.4,9.63,-2.26,-9.48,71
0.7,-0.22,0.4,8.9,-1.59,-5.55,71
0.71,-0.22,0.41,10.43,-1.07,-1.86,71
0.69,-0.21,0.42,10,1.16,3.14,71
0.65,-0.19,0.39,4.73,3.99,9.57,71
0.64,-0.19,0.37,-2.04,4.88,16.16,71
0.66,-0.22,0.35,-2.9,3.81,21.68,71
0.68,-0.24,0.37,4.63,1.34,25.37,71
0.7,-0.23,0.39,14.05,-0.43,27.77,71
0.7,-0.21,0.39,16.65,0.12,30.95,71
0.72,-0.2,0.36,11.37,0.58,36.04,71
0.8,-0.22,0.33,7.1,-1.46,41.59,71
0.97,-0.26,0.32,12.32,-6.28,45.03,71
1.23,-0.3,0.35,24.6,-9.39,44.85,71
1.5,-0.32,0.41,35.7,-11.59,38.41,71
1.7,-0.36,0.48,38.02,-13.75,24.76,71
1.58,-0.34,0.5,28.48,-9.27,12.59,71
1.46,-0.28,0.44,5.82,-4.02,3.35,71
1.38,-0.2,0.36,-22.8,3.63,4.02,71
1.35,-0.18,0.29,-47.13,5,7.68,71
1.32,-0.25,0.3,-58.93,-0.7,5.3,71
1.31,-0.31,0.35,-54.45,-6.25,-2.23,71
1.27,-0.33,0.39,-42.62,-5.3,-8.11,71
1.17,-0.3,0.38,-40.27,-2.59,-11.25,71
1.05,-0.27,0.34,-54.54,-2.8,-14.91,71
0.9,-0.28,0.3,-72.5,-6.25,-19.88,71
0.77,-0.29,0.28,-79.42,-11.01,-24.09,71
0.69,-0.3,0.27,-73.11,-13.05,-26.1,71
0.65,-0.29,0.28,-61.43,-10.24,-27.62,71
0.64,-0.31,0.26,-53.05,-6.34,-31.43,71
0.65,-0.33,0.24,-48.02,-5.79,-37.35,71
0.69,-0.36,0.24,-40.55,-7.44,-41.95,71
0.72,-0.37,0.26,-28.41,-8.35,-44.12,71
0.77,-0.35,0.29,-15.24,-8.02,-46.46,71
0.92,-0.32,0.34,-6.34,-6.1,-49.94,71
0.92,-0.32,0.34,-4.12,-3.32,-53.11,71
0.84,-0.34,0.32,1.49,0.37,104.73,71
0.99,-0.3,0.34,-7.13,-0.82,-54.94,71
1.04,-0.29,0.34,-12.29,1.55,-55.82,71
1.1,-0.3,0.33,-16.19,5.24,-56.65,71
1.16,-0.31,0.32,-16.8,9.51,-55.43,71
1.15,-0.28,0.33,-16.98,12.41,-50.18,71
1.14,-0.27,0.33,-20.91,13.38,-44.21,71
1.09,-0.28,0.33,-26.62,14.82,-37.74,71
1.04,-0.28,0.32,-28.66,15.67,-29.02,71
1,-0.28,0.32,-25.79,16.77,-18.99,71
0.97,-0.28,0.31,-19.45,18.75,-10.15,71
0.97,-0.3,0.3,-11.68,20.67,-3.32,71
0.99,-0.31,0.31,-3.9,21.8,2.04,71
0.98,-0.29,0.32,2.13,22.29,6.31,71
0.92,-0.27,0.33,4.15,23.02,9.15,71
0.85,-0.24,0.32,1.31,23.63,11.83,71
0.79,-0.21,0.32,-5.21,23.63,15.58,71
0.77,-0.2,0.32,-12.59,22.93,20.09,71
0.79,-0.23,0.31,-15.85,21.16,23.63,71
0.83,-0.27,0.32,-11.49,18.11,25.12,71
0.87,-0.27,0.33,-1.4,15.09,25.27,71
0.9,-0.28,0.34,9.33,12.1,24.91,71
0.91,-0.27,0.35,17.59,9.05,24.91,71
0.91,-0.25,0.37,22.62,4.6,25.76,71
0.89,-0.22,0.38,24.63,-0.88,26.89,70
0.84,-0.22,0.4,25.55,-6.89,26.65,70
0.81,-0.24,0.38,27.99,-12.1,26.25,70
0.77,-0.2,0.39,34.76,-17.2,25.52,70
0.76,-0.16,0.43,42.62,-21.4,21.71,70
0.72,-0.2,0.42,48.26,-19.48,15.12,70
0.71,-0.19,0.46,56.13,-18.9,9.57,70
0.7,-0.13,0.54,56.95,-20.4,3.9,70
0.69,-0.09,0.58,43.38,-18.54,-4.42,70
0.67,-0.14,0.55,22.68,-13.75,-13.08,70
0.67,-0.18,0.5,10.52,-11.62,-18.32,70
0.67,-0.21,0.46,9.66,-11.77,-20.03,70
0.67,-0.22,0.43,14.73,-12.32,-18.9,70
0.66,-0.24,0.41,23.38,-13.14,-16.28,70
0.66,-0.23,0.39,35.3,-13.75,-12.35,70
0.66,-0.21,0.37,46.62,-13.63,-6.59,70
0.65,-0.19,0.36,54.21,-13.6,0.21,70
0.64,-0.18,0.36,57.1,-13.11,5.79,70
0.61,-0.16,0.35,56.28,-11.71,10.52,70
0.6,-0.17,0.34,51.8,-10.34,15.18,70
0.63,-0.18,0.33,44.91,-8.87,19.12,70
0.68,-0.2,0.33,39.79,-8.32,19.88,70
0.75,-0.22,0.35,40.18,-8.2,17.77,70
0.81,-0.22,0.38,44.42,-5.24,15.7,70
0.8,-0.19,0.39,42.74,0.64,15.4,70
0.78,-0.14,0.37,27.07,5.4,17.01,70
0.77,-0.12,0.34,3.05,7.01,19.51,70
0.76,-0.14,0.3,-14.79,5.64,22.13,70
0.72,-0.17,0.29,-19.02,1.49,25.09,70
0.67,-0.17,0.3,-15.37,-2.13,31.28,70
0.64,-0.16,0.3,-12.1,-3.72,39.57,70
0.65,-0.18,0.27,-8.84,-5.46,47.68,70
0.73,-0.23,0.22,0.09,-7.32,54.39,70
0.87,-0.31,0.16,17.56,-10.79,55.43,70
1.16,-0.36,0.15,41.65,-17.32,47.77,70
1.55,-0.38,0.24,62.84,-20.37,31.46,70
1.84,-0.36,0.36,63.93,-15.15,4.33,70
1.86,-0.36,0.39,28.99,-3.17,-26.4,70
1.83,-0.31,0.32,-33.99,6.01,-47.01,70
1.92,-0.27,0.23,-94.48,10.4,-57.38,70
1.83,-0.28,0.19,-128.23,10.27,-60.91,70
1.63,-0.29,0.24,-136.89,1.49,-59.6,70
1.4,-0.25,0.28,-135.12,-8.14,-50.15,70
1.22,-0.22,0.29,-127.8,-17.04,-35.18,70
1.07,-0.22,0.3,-108.14,-25.82,-19.39,70
0.94,-0.29,0.28,-70.46,-30.95,-8.54,70
0.84,-0.32,0.27,-23.48,-31.22,-2.04,70
0.75,-0.3,0.28,14.79,-28.87,5.09,70
0.67,-0.26,0.27,33.48,-25.27,13.35,70
0.62,-0.25,0.27,35.79,-20.52,19.7,70
0.62,-0.23,0.27,31.16,-17.44,22.74,70
0.65,-0.23,0.28,26.01,-13.81,21.34,70
0.68,-0.25,0.29,23.96,-7.77,15.85,70
0.74,-0.27,0.3,24.73,-2.38,7.87,70
0.82,-0.26,0.35,26.59,3.02,-0.12,70
0.9,-0.23,0.39,24.42,10.79,-7.68,70
0.96,-0.26,0.36,13.14,21.01,-14.85,70
1.02,-0.29,0.33,-0.18,26.95,-20.55,70
1.06,-0.27,0.31,-11.77,27.99,-25.24,70
1.06,-0.25,0.3,-23.02,27.8,-30.85,70
1.04,-0.27,0.3,-34.27,26.07,-35.34,70
1.01,-0.29,0.29,-42.32,23.75,-36.34,70
0.99,-0.3,0.3,-43.84,20.27,-34.45,70
0.96,-0.31,0.3,-38.23,17.38,-31.25,69
0.93,-0.32,0.3,-26.98,16.19,-27.32,69
0.92,-0.32,0.29,-12.32,15.21,-21.65,69
0.92,-0.31,0.29,3.38,13.9,-15.52,69
0.92,-0.29,0.3,16.52,13.11,-10.4,69
0.89,-0.26,0.31,22.38,13.57,-6.37,69
0.85,-0.23,0.31,19.97,14.82,-2.9,69
0.83,-0.22,0.3,12.99,16.4,0.4,69
0.85,-0.23,0.29,6.16,18.14,3.02,69
0.88,-0.25,0.29,2.9,18.69,4.42,69
0.92,-0.28,0.31,3.84,18.26,4.33,69
0.95,-0.28,0.32,7.1,18.66,3.9,69
0.97,-0.27,0.33,9.54,19.12,3.26,69
0.97,-0.26,0.33,9.02,18.72,2.99,69
0.95,-0.23,0.32,4.76,17.96,4.36,69
0.93,-0.21,0.32,-2.38,16.31,6.68,69
0.91,-0.22,0.31,-7.96,12.87,8.66,69
0.91,-0.25,0.31,-6.77,8.29,10.67,69
0.91,-0.26,0.32,0.55,3.45,13.14,69
0.89,-0.27,0.33,10.24,-2.07,15.37,69
0.87,-0.27,0.33,20.34,-7.38,17.35,69
0.84,-0.27,0.33,30.82,-12.07,19.05,69
0.8,-0.27,0.33,42.68,-17.07,20.55,69
0.78,-0.22,0.35,54.42,-21.07,22.26,69
0.77,-0.12,0.43,60.37,-23.23,21.92,69
0.78,-0.12,0.46,50.49,-20.18,16.92,69
0.75,-0.13,0.5,33.81,-13.81,11.86,69
0.76,-0.11,0.57,21.98,-10.52,7.26,69
0.77,-0.09,0.6,11.1,-3.35,-1.04,69
0.78,-0.1,0.57,4.51,4.12,-9.82,69
0.8,-0.2,0.52,5.7,4.54,-17.26,69
0.81,-0.24,0.48,12.26,2.26,-20.3,69
0.81,-0.2,0.44,14.97,0.52,-17.93,69
0.8,-0.21,0.39,13.9,-1.34,-14.24,69
0.79,-0.26,0.34,19.79,-2.41,-11.68,69
0.78,-0.25,0.33,35.24,-3.02,-7.59,69
0.77,-0.2,0.34,51.55,-4.21,-2.53,69
0.75,-0.18,0.35,59.73,-5.91,0.24,69
0.72,-0.18,0.36,60.03,-7.5,1.19,69
0.67,-0.17,0.36,55.85,-8.87,3.51,69
0.64,-0.17,0.35,48.05,-8.87,8.41,69
0.65,-0.18,0.35,37.96,-7.8,13.78,69
0.71,-0.21,0.34,30.98,-7.71,16.98,69
0.76,-0.25,0.35,32.56,-9.02,17.62,69
0.75,-0.25,0.36,39.88,-9.36,18.11,69
0.68,-0.21,0.36,43.29,-7.84,20.34,69
0.65,-0.17,0.35,34.39,-4.76,24.88,69
0.66,-0.16,0.31,19.45,-1.77,30.4,69
0.7,-0.19,0.29,12.41,-2.2,33.96,69
0.76,-0.22,0.31,19.88,-5.18,34.82,69
0.78,-0.22,0.35,33.14,-5.46,34.7,69
0.79,-0.19,0.36,37.32,-2.2,35.67,69
0.79,-0.17,0.34,27.68,0.52,38.17,69
0.81,-0.16,0.31,13.81,-0.64,41.25,69
0.82,-0.17,0.3,6.55,-4.76,43.78,69
0.86,-0.18,0.31,7.5,-9.02,44.76,69
0.93,-0.19,0.33,11.37,-12.29,44.21,69
1,-0.22,0.33,13.32,-15.06,42.41,69
1.09,-0.25,0.34,14.97,-17.07,40.98,69
1.18,-0.25,0.33,17.84,-16.49,40.85,69
1.24,-0.24,0.33,19.97,-14.02,39.97,69
1.25,-0.21,0.32,17.8,-10.76,35.73,69
1.27,-0.19,0.31,6.89,-5.18,29.05,70
1.33,-0.2,0.28,-11.8,0.91,21.04,70
1.42,-0.24,0.28,-31.71,4.05,10.4,70
1.51,-0.29,0.3,-45.79,4.51,-3.6,70
1.48,-0.32,0.34,-53.69,4.66,-19.76,70
1.35,-0.31,0.35,-60.58,5.85,-33.93,70
1.25,-0.27,0.32,-71.92,10.85,-40.7,70
1.18,-0.23,0.27,-86.95,15.27,-41.31,70
1.1,-0.23,0.24,-97.96,13.23,-40.24,70
1.02,-0.23,0.24,-99.97,8.35,-39.27,70
0.92,-0.24,0.25,-95.21,3.78,-37.71,70
0.85,-0.25,0.26,-87.29,-0.09,-35.88,70
0.8,-0.28,0.25,-75.88,-3.45,-34.18,70
0.78,-0.33,0.23,-58.84,-5.64,-32.68,70
0.78,-0.36,0.23,-36.04,-8.93,-32.04,70
0.8,-0.36,0.25,-10.91,-13.66,-32.99,70
0.81,-0.35,0.28,11.37,-16.55,-35.3,70
0.84,-0.33,0.31,27.5,-16.71,-38.38,70
0.86,-0.3,0.32,35.3,-15.06,-41.59,70
0.9,-0.29,0.33,36.95,-12.1,-44.88,70
0.95,-0.28,0.34,34.91,-8.99,-48.66,70
0.97,-0.25,0.36,28.29,-5.52,-52.35,70
0.98,-0.23,0.38,14.51,-0.91,-55.52,70
0.98,-0.22,0.38,-6.71,4.7,-57.41,70
0.98,-0.22,0.37,-30.79,11.16,-57.1,70
0.99,-0.25,0.35,-52.5,16.74,-55.46,70
1.03,-0.3,0.32,-66.77,21.28,-53.57,70
1.08,-0.36,0.32,-69.97,23.08,-51.86,70
1.08,-0.41,0.33,-60.73,22.59,-49.3,70
1.07,-0.37,0.34,-45.06,22.07,-44.45,70
1.05,-0.33,0.36,-33.51,21.89,-38.26,70
1,-0.31,0.37,-27.87,18.26,-32.56,70
0.91,-0.29,0.38,-24.18,13.17,-24.97,70
0.82,-0.25,0.36,-22.2,11.43,-13.9,70
0.75,-0.25,0.33,-17.84,10.55,-1.01,70
0.74,-0.26,0.31,-4.45,8.87,11.71,70
0.78,-0.27,0.32,18.48,9.21,23.38,70
0.84,-0.26,0.35,41.13,11.04,33.35,70
0.89,-0.25,0.38,54.97,13.81,39.91,70
0.95,-0.22,0.39,58.96,18.29,43.35,70
0.97,-0.21,0.39,55.52,23.81,44.94,70
0.98,-0.18,0.39,45.03,28.66,45.55,70
0.97,-0.14,0.39,26.8,31.59,46.43,70
0.95,-0.13,0.39,5.82,32.13,46.22,70
0.95,-0.15,0.38,-10.03,30.06,44.91,70
0.94,-0.19,0.39,-14.94,25,44.88,70
0.91,-0.21,0.41,-10.37,20.3,46.77,70
0.87,-0.21,0.4,-0.76,16.92,49.7,70
0.84,-0.21,0.37,11.46,13.45,53.26,70
0.81,-0.21,0.33,29.45,9.57,57.38,70
0.79,-0.15,0.33,53.72,5.79,59.73,70
0.79,-0.15,0.34,74.39,3.6,57.62,70
0.79,-0.11,0.36,92.96,1.86,54.12,70
0.8,0.01,0.43,105.46,-1.22,48.08,70
0.78,0.06,0.46,98.78,-0.82,36.49,70
0.76,0.05,0.48,75.49,-0.09,21.55,70
0.78,-0.01,0.47,42.62,-2.59,8.63,70
0.78,-0.06,0.45,9.48,-5.7,-0.79,70
0.79,-0.1,0.41,-15.79,-8.78,-8.99,70
0.78,-0.12,0.39,-28.72,-9.57,-16.86,70
0.76,-0.15,0.36,-30.37,-7.8,-23.63,70
0.75,-0.17,0.35,-26.25,-5.7,-27.56,70
0.73,-0.18,0.34,-23.11,-5.43,-28.02,70
0.74,-0.2,0.35,-23.29,-7.23,-26.8,70
0.76,-0.23,0.35,-24.24,-10.18,-25.46,70
0.78,-0.26,0.35,-22.07,-12.9,-24.79,70
0.77,-0.27,0.36,-15.61,-15.37,-23.81,70
0.74,-0.25,0.36,-9.76,-15.49,-20.67,70
0.69,-0.22,0.35,-8.14,-14.27,-15.03,70
0.66,-0.22,0.34,-9.66,-14.27,-8.26,70
0.64,-0.22,0.33,-9.27,-15.3,-1.65,70
0.62,-0.24,0.34,-2.96,-16.31,3.63,70
0.61,-0.24,0.35,8.2,-16.46,8.41,70
0.6,-0.23,0.35,20.06,-15.49,12.62,70
0.63,-0.21,0.35,28.69,-15.52,15.55,70
0.68,-0.21,0.36,33.08,-16.89,16.4,70
0.75,-0.22,0.38,35.34,-19.42,15.43,70
0.81,-0.2,0.42,35.88,-21.95,15.15,70
0.83,-0.16,0.44,32.26,-21.86,16.16,70
0.83,-0.13,0.43,24.39,-19.27,16.68,70
0.85,-0.13,0.42,15.95,-17.65,15.82,70
0.87,-0.14,0.42,10.06,-17.93,14.42,70
0.85,-0.14,0.4,4.85,-18.69,13.45,70
0.8,-0.16,0.37,-1.74,-20.49,13.78,70
0.77,-0.17,0.34,-8.26,-23.29,17.07,70
0.77,-0.2,0.29,-8.9,-25.24,22.74,70
0.81,-0.22,0.27,0.79,-26.74,27.41,70
0.9,-0.22,0.3,18.93,-27.35,29.54,70
1,-0.19,0.38,35.79,-25.43,28.23,70
1.09,-0.17,0.42,38.35,-19.21,22.44,70
1.16,-0.23,0.38,24.36,-9.63,14.76,70
1.26,-0.27,0.39,7.47,-4.24,8.05,70
1.38,-0.31,0.38,-6.71,1.62,0.21,70
1.5,-0.35,0.33,-18.35,10.21,-11.43,70
1.62,-0.36,0.31,-28.35,15.09,-24.15,70
1.7,-0.34,0.32,-42.1,15.12,-37.53,70
1.64,-0.35,0.3,-57.29,14.48,-50.76,70
1.55,-0.33,0.31,-66.95,13.35,-59.54,70
1.45,-0.29,0.31,-74.12,13.9,-60.64,70
1.29,-0.27,0.3,-81.43,12.71,-56.71,70
1.12,-0.25,0.3,-87.1,7.35,-50.64,70
0.98,-0.25,0.27,-88.11,2.87,-40.55,70
0.87,-0.26,0.27,-80.88,-0.18,-27.1,70
0.79,-0.28,0.24,-63.08,-2.07,-15.3,70
0.74,-0.31,0.22,-36.04,-1.13,-7.41,70
0.7,-0.32,0.22,-7.41,0.06,-0.85,70
0.69,-0.3,0.24,14.82,-0.03,6.8,70
0.71,-0.27,0.25,26.8,1.19,12.62,70
0.75,-0.27,0.25,30.98,3.9,13.75,70
0.79,-0.28,0.26,31.74,5.12,11.16,70
0.83,-0.29,0.27,31.22,5.43,6.86,70
0.89,-0.29,0.3,28.84,7.23,0.67,70
0.95,-0.29,0.33,23.05,9.6,-7.41,70
0.98,-0.28,0.35,12.56,12.35,-15.79,70
0.94,-0.27,0.35,-1.8,15.09,-22.41,70
0.9,-0.25,0.33,-16.98,18.02,-25.76,70
0.89,-0.25,0.3,-28.63,21.65,-25.91,70
0.91,-0.26,0.28,-33.66,23.45,-23.02,70
0.94,-0.27,0.29,-31.95,22.99,-19.48,70
0.94,-0.28,0.31,-25.37,21.92,-17.23,70
0.95,-0.29,0.33,-18.26,22.2,-14.6,70
1.01,-0.29,0.34,-16.16,24.45,-10.15,70
1.07,-0.29,0.34,-18.69,24.63,-6.19,70
1.1,-0.29,0.35,-20.12,21.22,-3.96,70
1.04,-0.27,0.36,-18.69,17.26,-1.68,70
0.94,-0.22,0.37,-19.36,13.69,3.29,70
0.86,-0.2,0.36,-24.42,11.16,11.46,70
0.82,-0.21,0.34,-26.92,7.62,21.59,70
0.82,-0.23,0.34,-19.24,2.74,30.91,70
0.86,-0.27,0.35,-0.24,-0.49,37.47,70
0.89,-0.29,0.36,24.73,-1.13,41.43,70
0.91,-0.26,0.38,46.71,0.21,43.66,70
0.9,-0.22,0.38,58.63,3.96,43.9,70
0.87,-0.19,0.37,57.62,7.68,42.01,70
0.85,-0.17,0.37,44.66,8.9,39.02,70
0.84,-0.16,0.37,26.04,7.04,34.79,70
0.84,-0.18,0.38,9.82,2.59,28.14,70
0.82,-0.21,0.39,2.5,-1.13,20.76,70
0.82,-0.24,0.4,3.87,-3.99,15.12,70
0.81,-0.23,0.39,10.34,-6.65,11.13,70
0.79,-0.21,0.39,20.12,-8.17,8.29,70
0.79,-0.16,0.44,32.56,-9.27,6.04,70
0.79,-0.09,0.5,42.04,-7.93,3.08,70
0.79,-0.04,0.55,42.38,-6.77,-2.8,70
0.78,-0.04,0.55,30.55,-4.97,-10.98,70
0.78,-0.09,0.53,11.52,-3.72,-18.17,70
0.78,-0.16,0.48,-7.47,-4.82,-21.49,70
0.78,-0.19,0.45,-20.21,-6.46,-22.47,70
0.8,-0.22,0.42,-23.23,-6.89,-24.21,70
0.8,-0.26,0.39,-16.37,-5.85,-26.98,70
0.81,-0.27,0.38,-4.24,-4.97,-28.57,70
0.79,-0.26,0.38,5.34,-5.06,-27.84,70
0.76,-0.25,0.36,7.23,-6.04,-25.06,70
0.72,-0.25,0.34,3.81,-7.47,-20.67,70
0.7,-0.25,0.31,2.56,-8.96,-14.73,70
0.68,-0.25,0.29,7.56,-11.62,-9.39,70
0.66,-0.24,0.29,16.46,-15.15,-5.21,70
0.64,-0.21,0.31,24.33,-17.5,-1.25,70
0.62,-0.2,0.32,26.71,-17.35,2.96,70
0.59,-0.2,0.31,24.33,-15.88,7.62,70
0.58,-0.19,0.3,20.49,-15,12.5,70
0.58,-0.19,0.3,18.23,-14.09,17.44,70
0.57,-0.18,0.3,17.84,-13.05,21.68,70
0.56,-0.18,0.3,18.17,-11.77,24.97,70
0.58,-0.18,0.3,18.26,-10.58,27.23,70
0.62,-0.2,0.3,19.24,-10.85,28.17,70
0.68,-0.21,0.32,22.29,-12.35,27.84,70
0.73,-0.21,0.34,25.46,-13.57,26.71,70
0.74,-0.2,0.35,26.52,-14.36,25.64,70
0.73,-0.17,0.35,25.27,-15.03,26.04,70
0.73,-0.13,0.34,22.26,-15.27,27.8,70
0.79,-0.16,0.34,19.48,-16.8,28.6,70
0.92,-0.25,0.38,23.41,-21.92,28.17,70
1.11,-0.32,0.46,36.86,-27.56,28.54,70
1.27,-0.27,0.57,51.1,-28.72,31.31,70
1.37,-0.22,0.63,47.13,-22.16,32.56,70
1.43,-0.29,0.57,24.24,-8.78,29.6,70
1.42,-0.37,0.52,14.97,0.15,25.61,70
1.47,-0.36,0.49,27.1,5.03,23.17,70
1.5,-0.28,0.42,36.62,15.95,21.19,70
1.59,-0.32,0.43,27.87,20.85,10.73,70
1.66,-0.41,0.37,5.12,21.71,-5.37,70
1.64,-0.52,0.34,-12.26,18.2,-17.5,70
1.48,-0.46,0.33,-20.27,14.42,-22.87,70
1.3,-0.37,0.3,-28.9,16.98,-21.25,70
1.13,-0.29,0.27,-42.84,20.43,-15.09,70
1.01,-0.26,0.25,-57.35,17.47,-8.32,70
0.9,-0.28,0.25,-63.48,13.23,-4.27,70
0.8,-0.3,0.25,-56.31,11.37,-2.38,70
0.71,-0.3,0.25,-43.32,10.52,0.12,70
0.66,-0.28,0.24,-34.21,9.51,4.76,70
0.63,-0.28,0.23,-30.3,7.38,9.85,70
0.62,-0.29,0.22,-25.4,5.3,12.47,70
0.63,-0.3,0.22,-15.7,5,12.01,70
0.65,-0.3,0.22,-3.81,6.68,9.36,70
0.68,-0.3,0.23,5.76,8.05,4.27,70
0.73,-0.3,0.24,10,8.81,-2.62,70
0.79,-0.3,0.25,9.45,9.94,-10.27,70
0.84,-0.29,0.27,4.6,10.98,-18.6,70
0.9,-0.29,0.28,-3.93,11.49,-27.77,70
0.96,-0.29,0.29,-13.99,11.62,-37.26,70
0.99,-0.29,0.29,-23.32,11.04,-45.49,70
0.97,-0.28,0.3,-32.01,9.15,-51.01,70
0.97,-0.27,0.3,-41.22,6.31,-52.68,70
0.96,-0.27,0.3,-49.73,4.73,-50.18,70
0.96,-0.28,0.3,-53.14,0.73,-46.46,70
0.96,-0.3,0.31,-48.66,-3.45,-42.71,70
0.98,-0.32,0.31,-37.01,-5.49,-38.54,70
1,-0.33,0.31,-21.49,-7.1,-33.81,70
1.03,-0.33,0.33,-6.07,-9.12,-28.75,70
1.06,-0.31,0.35,5.09,-9.76,-23.41,70
1.06,-0.29,0.36,9.39,-9.51,-18.9,70
1.02,-0.28,0.37,8.35,-10.4,-16.04,70
0.95,-0.26,0.37,5.15,-10.85,-12.9,70
0.86,-0.23,0.36,1.01,-9.76,-8.72,70
0.79,-0.21,0.35,-3.87,-7.56,-3.93,70
0.76,-0.23,0.34,-6.86,-5.3,0.55,70
0.77,-0.26,0.34,-4.97,-3.02,3.69,70
0.78,-0.29,0.34,2.99,-0.55,4.6,70
0.8,-0.3,0.35,13.96,2.62,3.9,70
0.83,-0.29,0.35,22.47,7.38,2.01,70
0.87,-0.28,0.36,24.6,12.1,-1.68,70
0.93,-0.27,0.37,19.48,14.97,-6.1,70
0.96,-0.25,0.39,8.6,16.34,-10.3,70
0.95,-0.23,0.4,-6.01,17.59,-13.45,70
0.91,-0.21,0.37,-21.95,19.42,-14.57,70
0.88,-0.21,0.34,-34.48,20.64,-12.2,70
0.88,-0.21,0.31,-39.57,19.39,-5.61,70
0.91,-0.22,0.31,-36.71,14.05,2.41,70
0.92,-0.23,0.35,-25.34,7.16,8.48,70
0.93,-0.2,0.43,-10.76,2.41,12.04,70
0.92,-0.19,0.46,-3.75,0.21,15.91,70
0.87,-0.19,0.46,-3.9,-0.76,19.82,70
0.83,-0.19,0.45,-2.8,-1.83,21.43,70
0.79,-0.17,0.46,-0.76,-1.83,21.37,70
0.76,-0.18,0.48,-1.77,-0.15,18.69,70
0.75,-0.16,0.52,-0.79,0.3,11.19,70
0.76,-0.17,0.51,2.35,0.82,-1.07,70
0.73,-0.24,0.47,10.73,2.1,-12.99,70
0.72,-0.29,0.46,20.88,-1.37,-19.73,70
0.71,-0.25,0.46,20.21,-4.36,-19.94,70
0.71,-0.22,0.42,8.48,-4.54,-17.62,70
0.73,-0.25,0.36,1.01,-4.63,-16.49,70
0.77,-0.3,0.33,10.79,-5.61,-15.7,70
0.76,-0.28,0.33,31.89,-7.2,-13.02,70
0.73,-0.23,0.34,48.99,-8.69,-8.84,70
0.71,-0.19,0.34,55.43,-8.63,-4.82,70
0.7,-0.17,0.34,53.48,-7.9,-0.55,70
0.72,-0.16,0.34,48.32,-9.21,3.6,70
0.74,-0.17,0.35,44.3,-12.26,5.82,70
0.73,-0.19,0.37,41.8,-15.12,6.46,70
0.71,-0.19,0.39,37.23,-16.49,8.08,71
0.69,-0.18,0.37,27.62,-16.22,11.74,71
0.7,-0.2,0.34,17.9,-16.16,15.67,71
0.73,-0.24,0.32,17.65,-17.65,18.84,71
0.74,-0.25,0.33,29.02,-19.51,21.43,71
0.73,-0.22,0.35,42.47,-19.66,24.33,71
0.7,-0.18,0.35,46.13,-17.68,28.05,71
0.69,-0.16,0.34,38.57,-15.52,32.84,71
0.68,-0.15,0.31,28.38,-14.12,38.35,71
0.7,-0.17,0.3,23.63,-13.6,43.05,71
0.74,-0.19,0.29,26.16,-13.6,45.79,71
0.79,-0.19,0.32,32.74,-13.26,47.1,71
0.84,-0.19,0.32,37.2,-11.1,48.05,71
0.91,-0.19,0.32,35.12,-7.96,48.26,71
0.98,-0.21,0.32,29.18,-6.86,47.13,71
1.08,-0.23,0.32,23.63,-7.5,44.09,71
1.22,-0.25,0.34,20.73,-7.13,38.78,71
1.35,-0.27,0.38,19.79,-4.79,31.43,71
1.38,-0.27,0.39,16.55,-0.61,22.26,71
1.31,-0.24,0.36,5.46,6.68,17.04,71
1.32,-0.18,0.31,-12.71,12.71,15.73,71
1.36,-0.22,0.27,-29.33,14.7,12.07,71
1.45,-0.32,0.28,-34.18,11.74,4.15,71
1.52,-0.39,0.34,-30.4,6.13,-6.59,71
1.49,-0.4,0.4,-27.9,-1.25,-20.15,71
1.36,-0.4,0.42,-30.4,-5.49,-33.08,71
1.23,-0.36,0.36,-36.65,-3.02,-36.25,71
1.1,-0.29,0.3,-42.87,-1.71,-31.19,71
1.01,-0.27,0.26,-44.6,-6.01,-26.4,71
0.95,-0.28,0.26,-38.38,-10.85,-25,71
0.9,-0.28,0.28,-27.84,-13.32,-24.63,71
0.85,-0.28,0.28,-19.48,-12.9,-23.51,71
0.82,-0.3,0.26,-15,-10.4,-21.59,71
0.8,-0.3,0.25,-11.62,-7.93,-18.81,71
0.78,-0.28,0.25,-8.72,-6.46,-16.52,71
0.75,-0.26,0.26,-9.27,-5.15,-16.25,71
0.75,-0.26,0.26,-14.21,-3.02,-17.04,71
0.76,-0.26,0.26,-19.88,-0.79,-17.56,71
0.79,-0.29,0.26,-21.89,1.28,-17.71,71
0.84,-0.31,0.26,-18.02,3.2,-18.45,71
0.87,-0.32,0.27,-10.4,4.76,-19.82,71
0.91,-0.31,0.29,-4.05,6.8,-21.07,71
0.93,-0.3,0.3,-3.2,9.18,-22.44,71
0.95,-0.29,0.3,-7.01,11.59,-23.35,71
0.97,-0.28,0.29,-12.29,13.9,-23.9,71
0.98,-0.28,0.29,-16.31,16.1,-24.42,71
0.98,-0.29,0.31,-18.6,18.45,-24.42,71
0.98,-0.28,0.31,-21.62,21.31,-23.57,71
1.01,-0.29,0.31,-26.65,24.54,-22.5,71
1.03,-0.3,0.31,-30.58,26.37,-22.07,71
1.03,-0.31,0.31,-31.68,27.44,-21.34,71
1.03,-0.3,0.31,-33.05,28.69,-19.85,71
1.06,-0.3,0.3,-37.01,28.54,-18.05,71
1.05,-0.32,0.32,-39.6,25.3,-16.52,71
0.97,-0.3,0.34,-38.23,19.79,-14.27,71
0.87,-0.25,0.33,-38.6,17.56,-9.21,71
0.8,-0.24,0.3,-42.44,17.56,-1.74,71
0.77,-0.26,0.26,-41.68,15.52,6.65,71
0.77,-0.28,0.24,-28.38,11.52,14.51,71
0.8,-0.3,0.26,-3.99,9.05,20.34,71
0.83,-0.29,0.29,19.88,8.63,24.7,71
0.87,-0.26,0.31,33.29,7.99,28.02,71
0.9,-0.24,0.34,36.68,6.71,29.27,71
0.94,-0.23,0.35,34.36,5.55,27.93,71
0.94,-0.22,0.38,28.41,4.05,25.21,71
0.94,-0.21,0.39,18.84,2.04,22.23,71
0.93,-0.22,0.39,7.16,-0.06,19.15,71
0.92,-0.17,0.38,1.25,-1.77,16.55,71
0.89,-0.17,0.43,4.48,0.37,13.2,71
0.82,-0.09,0.57,15.24,5.49,12.23,71
0.8,0.06,0.64,17.93,11.04,9.15,71
0.73,0.09,0.59,2.87,19.94,1.13,71
0.69,0.01,0.52,-13.9,21.22,-8.14,71
0.71,-0.09,0.47,-25.43,14.33,-12.01,71
0.73,-0.16,0.44,-31.52,8.11,-13.87,71
0.77,-0.21,0.4,-28.87,3.26,-18.69,71
0.79,-0.25,0.37,-14.42,-0.43,-24.48,71
0.8,-0.28,0.37,5.95,-3.51,-29.45,71
0.8,-0.26,0.38,20.37,-5.12,-32.47,71
0.8,-0.24,0.37,23.08,-6.71,-33.14,71
0.79,-0.26,0.37,19.18,-10,-31.95,71
0.75,-0.26,0.35,17.04,-12.01,-28.2,71
0.71,-0.23,0.35,17.2,-12.68,-21.74,71
0.67,-0.2,0.34,15.76,-13.26,-14.21,71
0.65,-0.2,0.32,13.08,-12.8,-7.53,71
0.64,-0.21,0.3,11.98,-12.01,-1.68,71
0.64,-0.23,0.29,15.58,-12.41,2.84,71
0.65,-0.25,0.29,23.17,-13.14,6.07,71
0.65,-0.25,0.29,29.36,-13.6,9.79,71
0.65,-0.23,0.28,30.34,-14.94,14.18,71
0.65,-0.22,0.27,28.2,-17.26,18.9,71
0.65,-0.22,0.26,28.81,-19.3,23.81,71
0.64,-0.22,0.26,35.52,-22.1,28.05,71
0.65,-0.22,0.28,43.63,-24.66,31.65,71
0.66,-0.2,0.29,46.22,-25.37,34.45,71
0.68,-0.18,0.3,41.52,-26.28,35.95,71
0.69,-0.13,0.34,32.07,-26.86,35.55,71
0.68,-0.14,0.34,18.96,-23.66,32.77,71
0.67,-0.14,0.33,6.31,-17.9,29.85,71
0.71,-0.1,0.34,-3.54,-13.29,27.9,71
0.78,-0.09,0.35,-13.02,-9.12,23.69,71
0.87,-0.09,0.37,-21.65,-6.46,16.77,71
0.95,-0.1,0.38,-28.6,-7.13,9.15,71
0.98,-0.14,0.37,-32.9,-8.41,2.53,71
1.03,-0.19,0.37,-34.21,-7.35,0.55,71
1.13,-0.18,0.33,-32.35,-4.27,0.37,71
1.26,-0.19,0.37,-29.3,-1.89,-5.3,71
1.48,-0.27,0.35,-31.28,-1.22,-17.26,71
1.66,-0.32,0.37,-31.43,5,-27.56,71
1.81,-0.4,0.3,-32.32,7.16,-33.96,71
1.86,-0.42,0.34,-34.76,3.69,-39.91,71
1.74,-0.38,0.31,-41.68,1.86,-45.4,71
1.57,-0.35,0.26,-47.23,1.55,-44.42,71
1.45,-0.29,0.25,-45.61,-0.03,-37.65,71
1.38,-0.26,0.27,-38.05,-3.78,-29.3,71
1.31,-0.26,0.3,-26.34,-8.9,-24.3,71
1.22,-0.28,0.33,-12.74,-13.2,-23.84,71
1.14,-0.31,0.34,-0.55,-14.79,-24.09,71
1.03,-0.31,0.34,6.4,-14.05,-20.76,71
0.93,-0.27,0.32,5.73,-12.47,-14.54,71
0.84,-0.25,0.3,-0.15,-10.49,-9.7,71
0.76,-0.26,0.28,-5.43,-9.6,-8.41,71
0.71,-0.27,0.27,-6.62,-8.75,-8.38,71
0.69,-0.27,0.26,-4.66,-5.88,-7.53,71
0.69,-0.27,0.25,-1.31,-2.29,-6.46,71
0.71,-0.28,0.25,3.05,1.07,-5.85,72
0.73,-0.28,0.25,6.98,4.36,-5.09,72
0.76,-0.27,0.26,9.12,7.68,-3.45,72
0.78,-0.26,0.27,8.63,11.34,-1.52,72
0.8,-0.26,0.27,6.83,15.61,0.67,72
0.84,-0.27,0.26,5.37,19.88,2.9,72
0.9,-0.27,0.27,5.24,23.51,4.97,72
0.96,-0.27,0.28,4.39,27.23,6.89,72
1,-0.26,0.3,-0.58,30.52,8.51,72
1,-0.24,0.3,-10.67,33.78,10.12,72
0.98,-0.22,0.3,-24.21,36.86,12.93,72
0.98,-0.23,0.27,-36.92,39.88,16.77,72
0.99,-0.26,0.26,-43.99,41.74,19.88,72
1.01,-0.29,0.27,-43.54,41.16,21.46,72
1.02,-0.29,0.28,-38.96,40.27,22.44,72
1.01,-0.27,0.3,-37.07,40.09,22.77,72
1,-0.25,0.31,-41.49,39.51,21.71,72
0.98,-0.26,0.3,-50.12,38.35,19.73,72
0.96,-0.28,0.29,-57.74,35.49,17.9,72
0.94,-0.3,0.28,-58.66,29.88,16.16,72
0.91,-0.31,0.28,-49.66,23.72,14.91,72
0.87,-0.3,0.3,-33.48,18.38,15.3,72
0.81,-0.28,0.31,-17.84,15.55,17.07,72
0.77,-0.27,0.29,-7.38,13.75,19.33,72
0.77,-0.27,0.29,0.58,10.52,21.98,72
0.81,-0.29,0.29,13.08,7.13,23.32,72
0.85,-0.32,0.3,34.21,4.21,21.55,72
0.86,-0.3,0.33,57.2,2.13,19.24,72
0.87,-0.24,0.35,69.39,3.05,18.11,72
0.87,-0.21,0.34,66.98,3.54,16.77,72
0.88,-0.18,0.37,57.38,-0.34,16.37,72
0.88,-0.13,0.41,45.98,-3.87,17.04,72
0.87,-0.11,0.44,31.62,-4.27,15.37,72
0.84,-0.12,0.47,12.29,-6.68,10.82,72
0.8,-0.15,0.46,-8.45,-10.73,6.34,72
0.76,-0.21,0.42,-20.03,-13.35,2.68,72
0.71,-0.23,0.41,-14.82,-14.09,-1.37,72
0.7,-0.21,0.52,2.59,-14.57,-5.52,72
0.68,-0.24,0.54,13.2,-8.11,-11.19,72
0.68,-0.24,0.54,14.6,-4.94,-17.71,72
0.69,-0.28,0.54,11.13,-8.35,-23.29,72
0.69,-0.33,0.51,9.39,-11.43,-26.4,72
0.66,-0.27,0.49,8.57,-12.84,-27.62,72
0.64,-0.22,0.45,3.2,-14.97,-28.72,72
0.64,-0.24,0.4,0.79,-15.18,-31.28,72
0.65,-0.27,0.37,7.77,-14.76,-34.27,72
0.65,-0.26,0.37,17.87,-14.36,-35.18,72
0.65,-0.24,0.36,23.63,-14.66,-33.72,72
0.66,-0.24,0.34,25.09,-13.93,-31.74,72
0.66,-0.23,0.33,25.95,-13.14,-29.51,72
0.66,-0.23,0.33,28.48,-13.87,-26.43,72
0.66,-0.22,0.34,31.01,-14.91,-22.8,72
0.66,-0.21,0.35,30.49,-15,-19.91,72
0.66,-0.2,0.36,26.8,-15.06,-17.62,72
0.65,-0.19,0.37,21.13,-14.48,-14.6,72
0.64,-0.19,0.36,13.48,-12.04,-10.76,72
0.64,-0.21,0.33,5.09,-10.06,-7.07,72
0.67,-0.24,0.32,0.58,-10.52,-3.57,72
0.72,-0.27,0.34,4.48,-11.71,-0.15,72
0.77,-0.27,0.36,13.6,-11.68,3.17,72
0.8,-0.24,0.39,19.66,-10.91,7.13,72
0.79,-0.21,0.39,17.56,-10.12,12.47,72
0.76,-0.17,0.37,9.76,-9.18,19.42,72
0.77,-0.17,0.34,3.51,-8.81,26.01,72
0.82,-0.21,0.34,4.3,-9.12,31.25,72
0.91,-0.25,0.35,11.71,-9.79,33.75,72
1.06,-0.3,0.39,22.5,-9.39,33.69,72
1.26,-0.34,0.43,34.6,-6.4,30.49,72
1.48,-0.38,0.45,46.71,-0.91,23.26,72
1.79,-0.41,0.47,55.61,6.74,13.38,72
1.87,-0.36,0.51,58.41,12.56,3.72,72
1.74,-0.27,0.52,47.84,9.15,-7.56,72
1.65,-0.2,0.49,15.09,11.4,-9.88,72
1.6,-0.14,0.43,-31.98,18.99,-2.13,72
1.56,-0.16,0.38,-69.94,14.54,2.47,72
1.47,-0.23,0.37,-80.3,4.36,2.07,72
1.3,-0.25,0.4,-68.11,-2.96,3.54,72
1.09,-0.23,0.39,-53.99,-6.89,8.66,72
0.9,-0.24,0.35,-49.79,-7.53,16.92,72
0.76,-0.26,0.28,-47.13,-8.84,28.81,72
0.66,-0.28,0.25,-34.33,-13.35,40.52,72
0.59,-0.29,0.25,-10.12,-18.41,46.16,72
0.57,-0.31,0.25,18.66,-18.48,45.52,72
0.57,-0.31,0.24,44.79,-15.79,40.67,72
0.59,-0.3,0.26,65.52,-15.95,34.33,72
0.62,-0.27,0.29,77.16,-14.33,27.65,72
0.67,-0.24,0.32,74.88,-9.02,18.26,72
0.74,-0.23,0.33,59.6,-4.51,4.82,72
0.81,-0.24,0.33,38.32,-1.77,-10.15,72
0.86,-0.25,0.32,17.56,1.62,-23.9,72
0.91,-0.26,0.31,0.61,6.4,-36.22,72
0.93,-0.25,0.31,-11.46,10.88,-47.74,72
0.94,-0.26,0.31,-19.39,14.79,-56.86,72
0.94,-0.26,0.31,-25.79,18.48,-59.24,72
0.94,-0.24,0.32,-34.21,20.67,-55.7,72
0.94,-0.23,0.31,-42.65,21.83,-49.45,72
0.98,-0.25,0.31,-45.64,21.43,-43.57,72
1.03,-0.27,0.32,-39.76,21.01,-38.38,72
1.06,-0.27,0.34,-28.11,20.61,-34.15,72
1.05,-0.27,0.36,-19.91,20.43,-30.15,72
1.04,-0.27,0.37,-22.1,19.57,-25.37,72
1.05,-0.26,0.36,-31.55,17.41,-20.03,72
1.02,-0.27,0.35,-38.05,13.23,-16.71,72
0.96,-0.29,0.36,-35.67,8.48,-15.21,72
0.87,-0.26,0.37,-29.79,5.95,-11.83,72
0.79,-0.24,0.36,-27.87,5,-6.59,72
0.74,-0.24,0.34,-26.62,3.51,-1.59,72
0.73,-0.27,0.33,-18.17,0.88,2.74,72
0.76,-0.28,0.34,-1.37,-0.82,6.77,72
0.81,-0.27,0.37,16.55,-1.49,9.88,72
0.87,-0.25,0.39,28.54,-1.59,10.85,72
0.92,-0.24,0.41,33.57,-0.91,9.88,72
0.94,-0.23,0.42,33.6,0.37,9.02,72
0.93,-0.19,0.42,27.56,1.49,9.09,72
0.91,-0.16,0.41,15.06,1.46,9.66,72
0.89,-0.15,0.41,1.77,0.95,11.07,72
0.88,-0.17,0.4,-4.91,0.3,13.17,72
0.88,-0.2,0.4,-2.35,-1.28,15.79,72
0.86,-0.21,0.41,5.58,-3.45,19.02,72
0.86,-0.21,0.41,13.57,-4.88,22.65,72
0.85,-0.13,0.44,20.4,-4.82,25.09,72
0.86,-0.14,0.45,22.74,-2.77,23.26,72
0.84,-0.12,0.52,26.07,0.27,21.22,72
0.83,0.02,0.63,32.13,1.43,18.54,72
0.8,0.07,0.64,21.89,7.59,6.71,72
0.77,-0.01,0.58,3.48,11.25,-7.53,72
0.79,-0.11,0.51,-7.59,6.25,-16.04,72
0.78,-0.16,0.45,-9.3,1.89,-18.48,72
0.78,-0.17,0.42,-8.75,-2.74,-19.3,72
0.78,-0.19,0.39,-8.78,-5.98,-20.52,72
0.8,-0.21,0.38,-6.46,-5.64,-21.37,72
0.8,-0.24,0.35,0.76,-4.79,-21.28,72
0.8,-0.26,0.35,10.64,-5.79,-19.66,72
0.78,-0.26,0.35,18.72,-7.16,-16.28,72
0.74,-0.23,0.33,23.29,-8.54,-11.01,72
0.69,-0.19,0.34,23.6,-10.34,-5.27,72
0.65,-0.17,0.33,20.09,-10.79,0.49,72
0.62,-0.16,0.32,15.76,-10.76,6.68,72
0.61,-0.17,0.31,14.36,-12.01,12.16,72
0.57,-0.17,0.31,16.8,-13.66,17.01,72
0.52,-0.17,0.32,19.36,-14.05,22.8,72
0.46,-0.14,0.31,17.04,-12.26,30.7,72
0.41,-0.14,0.28,9.79,-9.42,39.33,72
0.41,-0.17,0.23,4.09,-8.38,45.55,72
0.46,-0.22,0.22,8.9,-12.1,45.55,72
0.56,-0.27,0.26,25.82,-17.59,40.24,72
0.68,-0.29,0.32,45.88,-20,32.65,72
0.77,-0.29,0.39,57.84,-19.39,24.27,72
0.83,-0.26,0.43,54.45,-17.56,16.4,72
0.84,-0.22,0.41,35.95,-15.55,12.16,72
0.89,-0.19,0.37,11.8,-15.98,10.34,72
0.94,-0.18,0.34,-4.39,-20.03,8.93,72
0.99,-0.22,0.33,-4.63,-25.03,7.41,72
1.02,-0.24,0.33,7.32,-28.08,8.51,72
1.09,-0.28,0.32,22.59,-30.46,11.71,72
1.16,-0.38,0.26,41.46,-33.11,12.53,72
1.24,-0.4,0.32,71.37,-37.71,8.51,72
1.4,-0.33,0.5,100.49,-38.08,1.65,72
1.56,-0.23,0.65,110.46,-22.38,-8.11,72
1.66,-0.16,0.62,92.74,-1.74,-20.76,72
1.69,-0.2,0.55,42.84,11.86,-29.36,72
1.72,-0.25,0.39,-14.39,15.46,-24.15,72
1.74,-0.36,0.32,-43.14,10.55,-7.47,72
1.63,-0.29,0.33,-33.72,4.97,4.54,72
1.44,-0.19,0.29,-12.65,8.96,11.74,72
1.25,-0.16,0.3,-11.52,15.24,17.47,72
1.1,-0.15,0.3,-34.54,15.7,21.62,72
0.96,-0.15,0.29,-64.73,15,26.04,72
0.85,-0.2,0.29,-85.82,12.68,30.67,72
0.76,-0.24,0.27,-94.91,9.27,33.17,72
0.69,-0.25,0.26,-96.19,6.92,33.08,72
0.65,-0.29,0.25,-92.62,5.34,31.83,72
0.62,-0.34,0.22,-80.4,4.12,30.4,72
0.59,-0.38,0.19,-56.86,3.02,29.18,72
0.58,-0.37,0.19,-26.92,1.28,27.1,72
0.58,-0.36,0.21,2.07,-0.09,22.59,72
0.61,-0.33,0.24,23.75,-0.98,14.94,72
0.65,-0.31,0.27,35.27,-1.49,5.12,72
0.71,-0.3,0.29,37.41,-1.83,-5.46,72
0.77,-0.29,0.31,33.78,-1.34,-15.43,72
0.83,-0.28,0.31,27.56,-0.58,-25.24,72
0.9,-0.28,0.31,20.73,0.91,-35.06,72
0.97,-0.29,0.32,15.79,3.72,-43.84,72
1.01,-0.28,0.32,11.83,6.74,-50.73,72
1.01,-0.25,0.33,4.66,9.79,-54.45,72
1.05,-0.25,0.32,-8.9,14.15,-53.99,72
1.07,-0.23,0.31,-24.39,16.71,-50.76,72
1.11,-0.24,0.31,-35.37,15.79,-48.14,72
1.12,-0.26,0.32,-39.76,15.64,-45.06,72
1.1,-0.27,0.33,-41.25,15.49,-40.73,72
1.08,-0.27,0.33,-43.96,15.37,-35.27,72
1.08,-0.29,0.31,-46.83,14.82,-28.87,72
1.07,-0.3,0.31,-45.61,11.89,-22.62,72
1.02,-0.32,0.31,-37.71,6.43,-17.8,72
0.93,-0.31,0.32,-25.49,2.56,-12.71,72
0.83,-0.27,0.3,-15.12,2.1,-5.91,72
0.74,-0.24,0.28,-7.96,2.04,1.8,72
0.68,-0.23,0.26,-1.13,2.53,9.42,72
0.67,-0.24,0.24,7.47,4.09,16.07,72
0.71,-0.25,0.24,18.66,4.27,19.76,72
0.77,-0.27,0.26,31.31,2.9,19.54,72
0.85,-0.29,0.28,42.29,2.59,16.16,72
0.93,-0.3,0.32,49.6,1.19,10.15,72
1,-0.28,0.39,50.73,-2.53,2.38,72
1.01,-0.2,0.47,41.16,-4.88,-4.97,72
1.01,-0.13,0.52,12.44,-3.72,-10.27,72
0.95,-0.1,0.54,-29.94,2.93,-12.77,72
0.92,-0.07,0.57,-63.05,4.82,-12.96,72
0.86,-0.07,0.55,-83.29,11.28,-11.8,72
0.78,-0.15,0.45,-84.45,18.81,-9.3,72
0.74,-0.25,0.37,-61.89,17.84,-6.4,72
0.74,-0.25,0.36,-24.48,9.79,-1.98,72
0.75,-0.2,0.4,10.24,1.52,1.65,72
0.76,-0.19,0.43,30.52,-1.52,0.46,72
0.74,-0.22,0.43,36.83,-2.01,-1.95,72
0.74,-0.23,0.42,34.45,-3.57,-1.1,72
0.75,-0.21,0.4,29.94,-5.27,0.24,72
0.75,-0.22,0.36,29.36,-7.23,-1.52,72
0.73,-0.25,0.34,36.19,-9.18,-2.96,72
0.69,-0.23,0.34,45.49,-11.37,-0.52,72
0.65,-0.18,0.34,49.18,-12.74,3.38,72
0.63,-0.16,0.34,44.3,-12.77,6.62,72
0.63,-0.16,0.32,35.91,-12.53,8.78,72
0.65,-0.18,0.33,32.04,-13.6,10.09,72
0.66,-0.21,0.33,33.2,-14.39,10.7,72
0.67,-0.21,0.35,34.82,-13.63,11.01,72
0.68,-0.21,0.35,33.2,-12.71,11.4,72
0.7,-0.21,0.36,28.99,-12.07,11.98,72
0.72,-0.23,0.36,24.6,-12.56,12.87,72
0.73,-0.23,0.37,21.4,-13.9,14.76,72
0.72,-0.22,0.37,18.75,-15.21,17.47,72
0.68,-0.19,0.36,15.3,-15.58,21.04,72
0.62,-0.17,0.34,11.13,-14.76,25.58,72
0.58,-0.16,0.31,8.14,-14.21,31.43,72
0.58,-0.16,0.29,7.23,-13.17,38.6,72
0.6,-0.16,0.29,8.02,-12.53,45.27,72
0.67,-0.19,0.28,10.15,-12.13,48.78,72
0.77,-0.24,0.28,15.09,-12.62,49.02,72
0.91,-0.28,0.29,24.09,-12.44,47.65,72
1.08,-0.35,0.31,35.55,-9.85,44.15,72
1.23,-0.4,0.36,45.64,-4.45,39.57,72
1.32,-0.38,0.38,44.94,0.98,34.76,72
1.38,-0.34,0.37,24.91,7.13,32.62,72
1.44,-0.36,0.31,-7.59,11.4,28.78,72
1.52,-0.42,0.3,-30.43,10.82,20.61,72
1.59,-0.45,0.33,-36.59,9.82,12.26,72
1.63,-0.5,0.37,-35.18,8.57,2.71,72
1.64,-0.52,0.41,-33.14,6.13,-7.68,72
1.59,-0.5,0.42,-36.01,4.02,-14.33,72
1.49,-0.46,0.4,-44.48,2.16,-15.21,72
1.36,-0.41,0.36,-53.11,-0.95,-12.8,73
1.22,-0.39,0.32,-56.83,-3.84,-10,73
1.08,-0.36,0.3,-52.8,-6.68,-7.07,73
0.96,-0.33,0.29,-42.87,-8.78,-3.93,73
0.85,-0.32,0.28,-32.26,-7.71,-1.46,73
0.77,-0.32,0.27,-24.33,-4.97,0.49,73
0.69,-0.31,0.25,-19.88,-3.2,2.74,73
0.64,-0.29,0.23,-18.32,-2.65,5.06,73
0.62,-0.3,0.22,-16.49,-2.56,6.19,73
0.62,-0.31,0.23,-10.76,-2.9,4.51,73
0.62,-0.32,0.25,-0.88,-3.41,-0.18,73
0.63,-0.32,0.27,8.54,-2.41,-6.74,73
0.66,-0.32,0.29,13.2,-0.91,-14.36,73
0.72,-0.34,0.28,14.27,0.03,-22.53,73
0.79,-0.35,0.28,16.25,0.21,-30.34,73
0.85,-0.35,0.28,22.01,0.43,-37.71,73
0.92,-0.34,0.3,30.24,1.95,-44.21,73
0.95,-0.32,0.31,36.86,4.85,-48.78,73
0.98,-0.28,0.33,37.84,8.81,-49.57,73
0.99,-0.24,0.33,31.13,13.75,-47.96,73
1.02,-0.23,0.32,18.02,19.27,-46.04,73
1.05,-0.22,0.31,2.56,24.27,-43.45,73
1.06,-0.22,0.31,-11.19,26.74,-40.58,73
1.08,-0.23,0.31,-23.08,29.27,-38.05,73
1.11,-0.25,0.31,-34.21,32.16,-35,73
1.15,-0.28,0.32,-43.05,31.68,-30.76,73
1.13,-0.3,0.34,-49.05,29.18,-26.68,73
1.01,-0.28,0.34,-53.2,25.76,-23.35,73
0.87,-0.24,0.32,-58.96,23.81,-18.41,73
0.76,-0.22,0.28,-66.65,25.52,-9.48,73
0.69,-0.23,0.23,-70.09,25.18,0.85,73
0.7,-0.28,0.2,-60.49,20.95,8.51,73
0.75,-0.33,0.21,-35.46,15.79,11.55,73
0.81,-0.36,0.24,-2.04,11.46,11.52,73
0.86,-0.35,0.27,27.62,8.11,10.21,73
0.9,-0.34,0.3,45.4,4.27,7.65,73
0.92,-0.3,0.34,50.3,-0.15,4.54,73
0.92,-0.25,0.37,43.54,-4.42,1.83,73
0.9,-0.2,0.38,29.39,-8.81,-0.76,73
0.89,-0.16,0.4,12.65,-13.11,-4.05,73
0.84,-0.09,0.48,-5.21,-16.1,-7.59,73
0.81,-0.11,0.48,-30.18,-15.03,-11.52,73
0.76,-0.14,0.43,-56.95,-6.62,-12.16,73
0.73,-0.21,0.45,-68.38,-3.51,-10.43,73
0.75,-0.23,0.51,-61.92,-2.74,-9.57,73
0.72,-0.2,0.53,-47.07,5.06,-9.79,73
0.7,-0.22,0.51,-30.15,10.09,-13.2,73
0.7,-0.26,0.5,-13.96,7.29,-16.19,73
0.69,-0.26,0.48,-5.82,3.41,-15.4,73
0.68,-0.25,0.43,-5.34,-0.61,-13.45,73
0.7,-0.27,0.39,-1.22,-5.37,-12.56,73
0.72,-0.29,0.35,15,-7.74,-12.71,73
0.74,-0.28,0.33,38.02,-8.96,-12.93,73
0.75,-0.26,0.34,58.48,-10.4,-10.91,73
0.74,-0.24,0.34,72.04,-11.52,-6.98,73
0.72,-0.2,0.35,77.9,-12.93,-1.98,73
0.7,-0.15,0.37,74.02,-13.08,3.63,73
0.71,-0.12,0.38,60.76,-11.86,8.51,73
0.72,-0.13,0.37,44.15,-10.82,11.31,73
0.72,-0.16,0.35,32.26,-10.15,12.38,73
0.72,-0.19,0.34,27.87,-9.36,13.48,73
0.7,-0.2,0.34,26.16,-8.23,16.13,73
0.69,-0.19,0.34,22.16,-6.86,19.91,73
0.68,-0.19,0.32,15.15,-5.21,23.6,73
0.69,-0.22,0.3,10.18,-4.57,26.62,73
0.71,-0.22,0.29,11.28,-4.97,29.15,73
0.71,-0.21,0.3,15.67,-4.82,31.31,73
0.7,-0.2,0.31,18.14,-4.02,33.41,73
0.69,-0.18,0.31,15.64,-3.84,35.91,73
0.68,-0.17,0.31,10,-4.15,39.27,73
0.7,-0.17,0.3,4.57,-4.73,42.16,73
0.76,-0.2,0.3,2.87,-6.4,43.48,73
0.86,-0.23,0.3,6.34,-8.54,42.93,73
0.98,-0.27,0.31,13.63,-9.54,39.94,73
1.13,-0.32,0.32,24.12,-9.15,33.87,73
1.28,-0.34,0.35,37.23,-8.57,24.39,73
1.42,-0.31,0.39,46.07,-6.1,12.96,73
1.53,-0.3,0.39,39.57,1.46,2.44,73
1.61,-0.29,0.4,17.87,3.9,-9.79,73
1.71,-0.31,0.42,-9.76,-0.58,-26.8,73
1.75,-0.33,0.44,-34.18,-2.71,-42.87,73
1.74,-0.33,0.45,-53.84,-3.66,-55.88,73
1.66,-0.33,0.44,-71.8,-5.7,-64.33,73
1.53,-0.32,0.4,-87.56,-6.95,-65.27,73
1.35,-0.3,0.35,-95.3,-9.05,-58.41,73
1.15,-0.26,0.31,-92.01,-13.87,-44.85,73
0.94,-0.21,0.28,-81.71,-17.5,-27.26,73
0.76,-0.17,0.26,-71.04,-17.99,-9.6,73
0.66,-0.18,0.24,-62.38,-13.26,6.25,73
0.59,-0.2,0.2,-52.87,-7.29,18.57,73
0.56,-0.25,0.19,-39.63,-6.19,23.11,73
0.56,-0.3,0.17,-22.74,-6.4,24.3,73
0.57,-0.33,0.17,-4.66,-4.66,26.34,73
0.62,-0.34,0.17,10.91,-3.02,26.65,73
0.69,-0.36,0.19,22.77,-2.84,22.99,73
0.76,-0.37,0.21,31.8,-4.05,16.71,73
0.85,-0.36,0.25,38.54,-5.09,9.09,73
0.92,-0.36,0.28,43.72,-5,-0.37,73
0.98,-0.35,0.31,46.65,-3.81,-11.68,73
1.03,-0.32,0.33,44.39,-1.65,-21.77,73
1.06,-0.28,0.33,35.37,2.1,-29.48,73
1.09,-0.28,0.32,21.1,5.76,-36.43,73
1.06,-0.26,0.31,4.7,10.24,-38.72,73
1.01,-0.22,0.29,-12.47,14.02,-35.73,73
0.96,-0.2,0.27,-29.15,17.59,-29.21,73
0.95,-0.19,0.26,-42.68,19.73,-21.4,73
0.97,-0.21,0.26,-48.41,21.77,-13.69,73
1,-0.26,0.26,-43.26,23.57,-8.14,73
1.01,-0.3,0.28,-30.3,24.6,-3.57,73
1.01,-0.3,0.3,-18.81,25.98,2.23,73
1.02,-0.28,0.32,-17.07,27.01,7.77,73
1.03,-0.29,0.31,-22.26,26.92,10.52,73
1.04,-0.3,0.3,-24.97,25.4,10.79,73
1.02,-0.31,0.31,-21.46,22.32,9.48,73
0.97,-0.3,0.32,-15.7,18.23,7.56,73
0.88,-0.27,0.34,-12.96,14.42,6.1,73
0.78,-0.25,0.33,-14.66,11.71,6.13,73
0.69,-0.23,0.3,-17.71,10.49,8.32,73
0.65,-0.24,0.26,-17.01,9.24,12.01,73
0.67,-0.27,0.24,-7.59,7.32,15.24,73
0.71,-0.29,0.23,11.04,5.4,15.64,73
0.75,-0.31,0.25,33.84,4.18,13.17,73
0.79,-0.3,0.28,53.6,3.51,10.27,73
0.79,-0.27,0.3,63.48,3.41,7.41,73
0.81,-0.23,0.31,60.91,3.05,3.84,73
0.85,-0.21,0.32,49.24,1.37,1.04,73
0.93,-0.19,0.36,35.09,-2.71,-1.59,73
1,-0.16,0.34,21.52,-5.12,-5.15,73
1.01,-0.17,0.5,4.05,-6.46,-10.64,73
1.05,-0.08,0.69,-23.69,-9.02,-10.82,73
0.96,-0.1,0.63,-53.84,2.53,-9.15,73
0.86,-0.17,0.55,-62.1,9.48,-9.12,73
0.78,-0.22,0.46,-49.33,6.28,-3.51,73
0.7,-0.21,0.42,-29.48,2.59,4.85,73
0.67,-0.21,0.4,-13.38,-1.19,9.54,73
0.67,-0.24,0.37,0.58,-5.15,9.42,73
0.66,-0.27,0.36,18.63,-7.2,5.95,73
0.67,-0.26,0.38,36.89,-7.74,1.95,73
0.66,-0.25,0.39,46.16,-7.87,-2.04,73
0.65,-0.23,0.38,44.88,-8.72,-6.07,73
0.67,-0.23,0.36,38.32,-10.55,-8.63,73
0.68,-0.25,0.34,33.45,-12.68,-9.45,73
0.69,-0.25,0.34,33.38,-14.79,-8.6,73
0.67,-0.23,0.33,36.49,-16.07,-5.34,73
0.64,-0.21,0.33,38.99,-16.4,-0.58,73
0.6,-0.18,0.33,38.38,-15.18,4.76,73
0.59,-0.17,0.31,34.66,-13.14,10.58,73
0.62,-0.2,0.28,30.27,-11.34,15.18,73
0.69,-0.24,0.27,31.37,-10.76,16.25,73
0.74,-0.27,0.28,39.79,-11.22,16.34,73
0.75,-0.26,0.32,48.45,-11.62,17.07,73
0.73,-0.23,0.34,47.1,-10.58,18.26,73
0.73,-0.2,0.33,34.12,-7.93,19.39,73
0.74,-0.2,0.32,19.45,-6.98,20.95,73
0.79,-0.21,0.33,14.97,-8.57,21.95,73
0.8,-0.19,0.36,17.53,-8.35,23.35,73
0.79,-0.15,0.36,15.7,-6.46,25.12,73
0.8,-0.15,0.32,5.15,-3.93,27.9,73
0.84,-0.2,0.27,-4.39,-4.21,30.64,73
0.94,-0.26,0.27,-1.16,-7.93,32.65,73
1.11,-0.34,0.32,15.4,-11.68,31.86,73
1.34,-0.39,0.38,40.37,-13.14,25.18,73
1.54,-0.4,0.45,63.29,-11.37,13.08,73
1.73,-0.43,0.47,70.58,-7.74,-0.49,73
1.73,-0.37,0.46,60,-5.52,-7.2,73
1.72,-0.3,0.45,35.67,-10.3,-12.56,73
1.66,-0.25,0.45,4.97,-12.2,-15.82,73
1.56,-0.25,0.48,-26.55,-15.4,-17.29,73
1.47,-0.29,0.43,-55.7,-17.07,-18.14,73
1.35,-0.35,0.37,-68.41,-15.15,-18.78,73
1.24,-0.4,0.32,-53.2,-17.2,-18.32,73
1.09,-0.36,0.3,-23.51,-19.05,-13.75,73
0.92,-0.27,0.34,-4.05,-18.69,-5.88,73
0.77,-0.19,0.35,-7.74,-16.8,1.49,73
0.66,-0.16,0.33,-27.77,-11.95,7.62,73
0.59,-0.19,0.27,-47.01,-7.29,12.2,73
0.57,-0.24,0.22,-52.71,-5.52,14.21,73
0.57,-0.29,0.19,-43.75,-4.88,14.3,73
0.58,-0.32,0.19,-25.85,-3.78,13.75,73
0.61,-0.33,0.19,-5.12,-2.44,12.99,73
0.65,-0.33,0.22,13.02,-0.76,11.4,73
0.7,-0.3,0.25,24.18,1.31,8.75,73
0.76,-0.29,0.28,26.83,4.24,5.09,73
0.84,-0.29,0.29,23.23,7.65,0.12,73
0.93,-0.3,0.28,18.11,10.49,-6.16,73
1.03,-0.32,0.29,15.4,12.93,-13.48,73
1.1,-0.33,0.29,14.7,16.49,-21.19,73
1.12,-0.29,0.28,12.1,20.27,-26.55,73
1.11,-0.26,0.29,1.68,22.9,-28.26,73
1.03,-0.21,0.28,-16.28,24.79,-24.05,73
0.97,-0.18,0.28,-38.66,25.3,-17.74,73
0.94,-0.19,0.28,-59.39,25.34,-10.37,73
0.95,-0.22,0.27,-70.7,24.76,-3.84,73
0.97,-0.28,0.26,-66.37,25.18,-0.21,73
0.99,-0.34,0.25,-49.21,25.61,1.46,73
1,-0.33,0.27,-30.46,24.85,3.78,73
0.99,-0.32,0.28,-19.54,23.54,5.61,73
1,-0.31,0.28,-15.67,22.56,5,73
0.99,-0.3,0.29,-13.66,20.21,2.84,73
0.95,-0.28,0.31,-12.62,16.19,-0.67,73
0.87,-0.26,0.33,-15.09,12.74,-4.76,73
0.79,-0.23,0.33,-20.98,10.82,-7.2,73
0.72,-0.22,0.31,-27.04,9.97,-7.56,73
0.69,-0.21,0.28,-31.01,10.76,-6.86,73
0.69,-0.23,0.26,-31.4,12.32,-5.55,73
0.74,-0.25,0.25,-25.73,12.74,-5.49,73
0.83,-0.26,0.26,-14.79,13.05,-6.16,73
0.93,-0.26,0.29,-4.54,13.41,-7.68,73
1.02,-0.23,0.34,-1.65,13.14,-11.1,73
1.05,-0.21,0.39,-11.37,12.16,-17.44,73
1.04,-0.2,0.4,-33.14,9.73,-24.15,73
0.94,-0.2,0.38,-61.04,6.28,-27.2,73
0.85,-0.2,0.34,-84.18,1.4,-23.84,73
0.79,-0.21,0.32,-91.55,-2.2,-18.32,73
0.78,-0.26,0.4,-82.71,-6.13,-16.74,73
0.77,-0.32,0.43,-73.51,-6.52,-18.48,73
0.77,-0.38,0.43,-67.59,-6.95,-18.35,73
0.79,-0.45,0.46,-55.73,-8.72,-17.8,73
0.79,-0.48,0.5,-41.55,-4.27,-19.63,73
0.78,-0.51,0.55,-34.63,2.07,-20.12,73
0.77,-0.5,0.5,-26.68,6.46,-15.98,73
0.71,-0.43,0.45,-7.16,10.76,-11.92,73
0.69,-0.37,0.43,11.68,11.37,-10.67,73
0.68,-0.34,0.41,18.32,10.09,-8.14,73
0.67,-0.34,0.37,19.18,7.74,-4.6,73
0.67,-0.35,0.3,27.87,4.76,-1.77,73
0.65,-0.31,0.27,47.35,2.62,0.34,73
0.62,-0.27,0.26,66.19,1.52,1.68,73
0.6,-0.23,0.27,76.68,0.58,3.02,73
0.61,-0.21,0.29,75.61,-0.03,4.02,73
0.63,-0.19,0.32,66.71,-2.16,4.45,73
0.64,-0.2,0.34,54.57,-4.66,3.93,73
0.64,-0.22,0.35,41.4,-4.66,2.65,73
0.66,-0.24,0.33,26.95,-4.27,2.77,73
0.69,-0.27,0.31,14.12,-5.21,4.27,73
0.74,-0.29,0.3,9.18,-6.46,5.34,73
0.79,-0.31,0.3,13.51,-6.74,5.7,73
0.82,-0.3,0.32,20.98,-5.85,7.38,73
0.83,-0.27,0.32,23.02,-5.37,11.89,73
0.82,-0.24,0.32,18.32,-7.38,17.84,73
0.78,-0.22,0.33,13.63,-10.46,24.27,73
0.73,-0.2,0.34,11.83,-12.26,30.49,73
0.7,-0.18,0.34,9.6,-12.41,35.82,73
0.7,-0.2,0.34,4.51,-11.22,40.49,73
0.74,-0.24,0.32,0.95,-10.43,45.37,73
0.81,-0.28,0.31,4.94,-9.79,48.75,73
0.96,-0.33,0.33,17.01,-8.51,47.99,73
1.16,-0.39,0.37,33.72,-6.19,43.45,73
1.32,-0.39,0.42,50,-2.84,34.45,73
1.39,-0.35,0.44,55.03,2.5,20.82,73
1.45,-0.32,0.4,38.45,10.61,11.98,73
1.57,-0.29,0.37,6.07,12.65,8.41,74
1.79,-0.34,0.39,-24.48,6.4,-0.09,74
1.85,-0.45,0.41,-37.44,-2.07,-15.64,74
1.73,-0.52,0.44,-30.46,-11.62,-35.27,74
1.58,-0.5,0.45,-17.65,-15.3,-47.99,74
1.42,-0.41,0.42,-12.44,-12.29,-46.13,74
1.23,-0.32,0.36,-14.09,-12.07,-36.34,74
1.05,-0.25,0.34,-19.57,-16.83,-26.22,74
0.9,-0.21,0.35,-27.68,-21.31,-16.92,74
0.75,-0.18,0.33,-35.85,-19.76,-7.87,74
0.63,-0.19,0.27,-41.04,-12.96,-1.28,74
0.55,-0.22,0.21,-39.66,-6.07,4.15,74
0.5,-0.24,0.18,-32.35,-2.29,10.49,74
0.48,-0.26,0.19,-24.91,-1.4,16.28,74
0.51,-0.28,0.18,-20.43,-0.27,18.57,74
0.57,-0.32,0.17,-14.94,1.19,17.29,74
0.64,-0.34,0.18,-3.96,1.74,14.39,74
0.72,-0.35,0.2,10.52,2.29,9.88,74
0.83,-0.35,0.24,21.1,4.73,2.04,74
0.97,-0.35,0.28,23.57,6.83,-8.93,74
1.1,-0.37,0.31,18.99,7.07,-20.03,74
1.17,-0.33,0.33,11.77,5.09,-29.39,74
1.16,-0.34,0.33,5.76,4.09,-36.34,74
1.07,-0.29,0.31,4.09,5.73,-35.15,74
0.99,-0.23,0.29,1.86,7.1,-29.21,74
0.91,-0.2,0.27,-3.26,8.51,-20.43,74
0.86,-0.18,0.27,-7.8,7.84,-11.46,74
0.86,-0.19,0.29,-8.51,7.84,-4.66,74
0.89,-0.23,0.29,-4.39,10.4,-2.26,74
0.91,-0.29,0.3,4.7,12.9,-2.84,74
0.91,-0.3,0.32,14.7,14.63,-1.95,74
0.92,-0.29,0.31,20.73,17.13,-0.03,74
0.96,-0.29,0.3,20.91,19.27,0.12,74
0.97,-0.28,0.32,19.02,17.87,-1.89,74
0.94,-0.26,0.35,17.5,14.85,-5.21,74
0.91,-0.22,0.37,10.52,15.76,-9.12,74
0.88,-0.19,0.37,-6.31,18.41,-13.17,74
0.86,-0.2,0.34,-27.8,17.84,-16.49,74
0.85,-0.23,0.31,-42.99,15.52,-18.38,74
0.85,-0.27,0.3,-44.7,12.71,-19.24,74
0.86,-0.3,0.31,-35.79,9.94,-20.55,74
0.86,-0.31,0.33,-24.57,8.26,-20.88,74
0.86,-0.3,0.33,-15.76,7.04,-20.18,74
0.86,-0.29,0.32,-8.6,6.28,-18.72,74
0.87,-0.27,0.33,-2.29,5.88,-16.86,74
0.89,-0.25,0.34,2.04,6.74,-15.49,74
0.93,-0.24,0.35,2.87,8.81,-14.85,74
0.95,-0.23,0.37,-1.83,11.19,-14.12,74
0.96,-0.21,0.37,-12.35,13.54,-12.74,74
0.96,-0.2,0.36,-26.4,15.82,-10.98,74
0.95,-0.21,0.35,-39.48,17.41,-8.75,74
0.93,-0.21,0.34,-48.08,17.68,-6.16,74
0.91,-0.23,0.33,-51.01,16.95,-3.78,74
0.88,-0.26,0.33,-48.78,15.09,-1.22,74
0.86,-0.26,0.33,-43.78,12.2,1.77,74
0.84,-0.27,0.32,-36.95,9.42,4.05,74
0.84,-0.28,0.32,-27.01,7.07,5.06,74
0.85,-0.29,0.33,-14.88,4.3,5.27,74
0.86,-0.28,0.34,-4.15,1.25,4.6,74
0.88,-0.26,0.36,1.59,-1.07,2.44,74
0.88,-0.24,0.38,1.22,-2.56,-0.58,74
0.87,-0.23,0.38,-2.96,-3.48,-3.57,74
0.87,-0.23,0.37,-8.08,-3.45,-5.82,74
0.87,-0.23,0.36,-12.16,-3.2,-7.38,74
0.88,-0.24,0.36,-14.05,-3.54,-8.35,74
0.89,-0.24,0.36,-13.29,-3.72,-8.99,74
0.9,-0.24,0.37,-11.01,-4.05,-9.21,74
0.9,-0.24,0.38,-9.36,-4.48,-9.15,74
0.89,-0.24,0.38,-9.27,-4.73,-8.9,74
0.89,-0.24,0.37,-10.09,-4.79,-8.63,74
0.89,-0.24,0.37,-10.27,-5.15,-8.45,74
0.89,-0.24,0.37,-8.93,-6.01,-8.6,74
0.89,-0.24,0.38,-6.74,-6.31,-8.51,74
0.89,-0.24,0.38,-4.97,-5.82,-8.48,74
0.89,-0.24,0.38,-4.27,-5.52,-8.84,74
0.89,-0.24,0.38,-4.33,-5.27,-8.96,74
0.89,-0.24,0.38,-4.79,-5,-9.05,74
0.89,-0.24,0.39,-5.21,-4.39,-9.15,74
0.89,-0.24,0.38,-5.34,-3.72,-8.96,74
0.89,-0.24,0.38,-5.3,-2.96,-8.69,74
0.89,-0.24,0.38,-5.55,-2.5,-8.78,74
0.9,-0.24,0.38,-5.91,-1.77,-8.48,74
0.89,-0.24,0.38,-6.19,-0.95,-8.08,74
0.89,-0.24,0.38,-6.28,-0.21,-7.74,74
0.89,-0.25,0.37,-6.19,0.64,-7.53,74
0.9,-0.25,0.37,-6.22,1.16,-7.41,74
0.89,-0.25,0.37,-5.91,1.34,-7.29,74
0.89,-0.25,0.37,-5.52,1.77,-7.13,74
0.89,-0.25,0.37,-5.24,1.98,-6.95,74
0.89,-0.25,0.36,-5,2.29,-6.89,74
0.89,-0.25,0.36,-4.91,2.65,-6.43,74
0.89,-0.25,0.36,-4.73,2.74,-6.01,74
0.89,-0.25,0.36,-4.63,2.96,-5.37,74
0.89,-0.25,0.36,-4.63,3.2,-4.76,74
0.89,-0.25,0.35,-4.85,3.11,-4.05,74
0.9,-0.26,0.35,-4.85,2.87,-3.45,74
0.9,-0.26,0.35,-4.39,2.56,-2.84,74
0.91,-0.26,0.35,-3.32,1.95,-2.2,74
0.9,-0.25,0.35,-2.44,1.31,-1.37,74
0.9,-0.25,0.35,-1.74,0.7,-0.46,74
0.89,-0.25,0.35,-0.98,0.15,0.52,74
0.89,-0.25,0.35,0.43,-0.43,1.31,74
0.89,-0.25,0.35,2.01,-0.79,1.86,74
0.9,-0.25,0.35,3.14,-1.07,2.13,74
0.9,-0.24,0.36,3.69,-1.22,2.13,74
0.9,-0.24,0.36,3.6,-1.22,2.07,74
0.9,-0.23,0.36,2.96,-1.04,2.01,74
0.9,-0.23,0.36,2.2,-0.79,2.23,74
0.89,-0.23,0.36,2.04,-0.49,2.56,74
0.9,-0.23,0.36,2.68,-0.43,2.99,74
0.9,-0.23,0.36,3.29,0.03,3.32,74
0.9,-0.23,0.36,3.23,0.79,3.38,74
0.91,-0.23,0.36,2.5,1.25,3.29,74
0.9,-0.23,0.36,1.89,1.4,3.14,74
0.9,-0.23,0.36,1.46,1.89,2.56,74
0.89,-0.23,0.36,1.16,2.26,1.98,74
0.89,-0.23,0.36,0.67,2.07,1.52,74
0.89,-0.23,0.35,0.37,2.13,1.31,74
0.89,-0.23,0.35,0.43,2.47,1.04,74
0.89,-0.23,0.35,0.88,2.62,0.82,74
0.9,-0.23,0.35,1.55,2.56,0.55,74
0.9,-0.23,0.35,1.86,2.44,0.37,74
0.9,-0.23,0.35,1.62,2.41,0.34,74
0.9,-0.23,0.35,0.49,2.44,0.46,74
0.9,-0.23,0.35,-0.67,2.23,0.64,74
0.9,-0.23,0.35,-0.79,2.01,1.01,74
0.89,-0.23,0.35,-0.18,2.01,1.34,74
0.89,-0.23,0.35,0.15,1.86,1.77,74
0.89,-0.24,0.35,0,1.52,1.95,74
0.9,-0.24,0.35,-0.09,1.28,1.71,74
0.9,-0.24,0.35,0.21,0.98,1.31,74
0.9,-0.24,0.35,0.58,0.52,0.82,74
0.89,-0.24,0.35,0.34,0.03,0.46,74
0.89,-0.24,0.35,0.09,-0.24,0.27,74
0.89,-0.24,0.35,0.18,-0.58,0.24,74
0.89,-0.24,0.35,1.16,-0.79,0.24,74
0.9,-0.24,0.35,2.41,-0.91,0.18,74
0.9,-0.24,0.36,2.87,-1.1,0.03,74
0.9,-0.24,0.36,1.83,-1.04,-0.03,74
0.9,-0.24,0.36,-0.09,-0.91,0.09,74
0.9,-0.24,0.36,-1.04,-0.95,0.43,74
0.9,-0.24,0.36,-0.43,-0.7,0.85,74
0.9,-0.24,0.36,0.79,-0.61,1.1,74
0.9,-0.24,0.36,1.4,-0.34,1.01,74
0.9,-0.24,0.36,1.04,-0.15,0.7,74
0.9,-0.24,0.36,0.24,-0.15,0.15,74