0.9,-0.21,0.38,3.29,2.26,0.27,82
0.9,-0.19,0.39,0.91,1.83,0.79,82
0.89,-0.18,0.42,1.4,1.59,0.49,82
0.89,-0.17,0.28,2.65,1.89,0.27,82
0.9,-0.23,0.46,1.8,1.89,0.06,82
0.89,-0.21,0.44,1.34,1.71,0.12,82
0.88,-0.21,0.46,1.13,1.37,0.27,82
0.9,-0.23,0.42,1.95,1.83,0.12,82
0.91,-0.21,0.3,2.56,1.86,0.21,82
0.87,-0.2,0.42,1.43,1.22,-0.21,82
0.91,-0.23,0.38,1.46,2.38,-0.58,82
0.9,-0.19,0.37,0.58,0.79,-0.95,82
0.92,-0.23,0.35,1.31,1.92,-0.7,82
0.84,-0.22,0.42,0.58,1.31,-1.01,82
0.92,-0.21,0.31,1.52,1.19,-0.76,82
0.88,-0.21,0.34,1.74,0.37,-0.98,82
0.9,-0.2,0.32,2.47,0.79,-1.16,82
0.9,-0.23,0.35,1.04,0.37,-1.49,82
0.9,-0.23,0.38,-0.7,-0.09,-0.91,82
0.89,-0.21,0.4,-0.15,-0.12,-0.49,82
0.89,-0.21,0.38,0.55,0.12,-0.58,81
0.89,-0.21,0.38,1.22,-0.03,-0.21,81
0.89,-0.21,0.39,1.34,0.03,-0.03,81
0.89,-0.21,0.39,1.1,0,-0.4,81
0.89,-0.21,0.39,0.55,0,-0.76,81
0.9,-0.21,0.39,0.37,-0.27,-1.4,81
0.9,-0.21,0.39,0.7,0.15,-1.95,81
0.9,-0.21,0.39,0.15,0.12,-2.07,81
0.9,-0.2,0.39,-1.01,-0.52,-2.01,81
0.92,-0.2,0.39,-2.01,-0.79,-2.29,81
0.94,-0.22,0.39,-1.77,-1.71,-3.99,81
0.95,-0.22,0.4,-0.03,-4.88,-5.18,81
0.91,-0.21,0.41,0.76,-8.75,-4.57,81
0.86,-0.2,0.4,-1.1,-13.45,-3.99,81
0.85,-0.22,0.4,-0.73,-18.2,-4.18,81
0.86,-0.25,0.4,7.59,-21.65,-5.34,81
0.87,-0.25,0.41,21.89,-24.24,-7.47,81
0.86,-0.23,0.43,32.32,-25.67,-9.39,81
0.83,-0.21,0.44,33.23,-25.76,-11.01,81
0.82,-0.2,0.44,27.62,-25.58,-12.65,81
0.82,-0.2,0.43,22.93,-24.79,-13.41,81
0.84,-0.22,0.44,22.56,-22.23,-13.75,81
0.85,-0.22,0.44,22.35,-18.99,-13.87,81
0.87,-0.22,0.44,19.3,-15.55,-13.6,81
0.88,-0.22,0.44,13.63,-12.35,-13.51,81
0.88,-0.21,0.43,7.35,-9.7,-13.2,81
0.88,-0.2,0.42,1.52,-6.52,-12.53,81
0.88,-0.2,0.41,-4.05,-4.12,-11.62,81
0.87,-0.21,0.39,-8.81,-2.68,-9.48,81
0.87,-0.22,0.38,-10.7,-1.92,-6.37,81
0.86,-0.23,0.37,-8.9,-1.46,-4.05,81
0.87,-0.23,0.36,-4.51,-1.07,-2.38,81
0.87,-0.22,0.36,-0.91,-1.22,-0.43,81
0.88,-0.2,0.36,-0.18,-1.16,0.76,81
0.89,-0.19,0.36,-2.65,-1.16,0.21,81
0.89,-0.18,0.35,-6.98,-1.55,-1.16,81
0.88,-0.18,0.35,-12.16,-1.89,-1.95,81
0.86,-0.18,0.34,-17.56,-2.29,-3.11,81
0.85,-0.18,0.32,-21.77,-3.35,-4.57,81
0.84,-0.19,0.32,-23.66,-5.03,-5.95,81
0.85,-0.2,0.32,-23.08,-6.98,-8.05,81
0.86,-0.21,0.31,-20.91,-9.33,-10.4,81
0.88,-0.22,0.31,-17.23,-11.83,-12.96,81
0.9,-0.22,0.32,-12.04,-14.42,-16.13,81
0.94,-0.2,0.33,-7.87,-16.8,-19.15,81
1.03,-0.2,0.34,-6.46,-18.05,-23.6,81
1.14,-0.2,0.36,-7.01,-19.18,-30.21,81
1.24,-0.19,0.4,-9.63,-20.7,-36.46,81
1.29,-0.14,0.42,-16.92,-21.07,-41.19,81
1.32,-0.11,0.4,-33.02,-17.96,-43.41,81
1.32,-0.08,0.37,-54.42,-15.21,-43.48,81
1.41,-0.12,0.37,-70.15,-15.67,-45.46,81
1.53,-0.21,0.39,-69.36,-15.12,-49.05,81
1.64,-0.26,0.44,-53.17,-15.73,-50.46,81
1.61,-0.22,0.45,-35,-14.54,-43.93,81
1.42,-0.16,0.4,-24.27,-12.2,-30.18,81
1.26,-0.11,0.34,-16.89,-10.09,-14.12,81
1.12,-0.06,0.29,-5.09,-4.91,0.79,81
0.99,-0.03,0.26,8.41,3.14,13.87,81
0.92,-0.02,0.26,16.55,11.65,23.66,81
0.92,-0.01,0.29,14.48,20.52,29.66,81
0.95,-0.01,0.32,0.3,29.6,32.26,81
0.99,-0.05,0.31,-19.12,35.91,32.59,81
1.03,-0.1,0.29,-31.98,39.57,32.35,81
1.03,-0.14,0.29,-34.27,42.68,33.08,81
0.98,-0.12,0.28,-31.55,46.1,36.28,81
0.91,-0.09,0.26,-30.12,48.84,41.01,81
0.87,-0.08,0.23,-29.33,50.49,45.4,81
0.84,-0.09,0.21,-25.34,50.46,48.6,81
0.82,-0.09,0.21,-18.29,49.24,51.71,81
0.8,-0.09,0.23,-12.41,48.17,54.27,81
0.79,-0.09,0.25,-9.94,47.04,55.49,81
0.76,-0.1,0.25,-10.7,46.31,55.95,81
0.72,-0.1,0.24,-12.68,44.97,56.83,81
0.67,-0.1,0.23,-13.35,42.23,57.8,81
0.63,-0.11,0.23,-11.1,39.24,57.53,81
0.58,-0.12,0.23,-6.01,35.91,55.76,81
0.54,-0.13,0.23,0.12,32.62,53.2,81
0.5,-0.13,0.23,5.61,29.33,50.3,81
0.47,-0.14,0.23,10.03,25.4,46.62,81
0.46,-0.15,0.23,13.29,20.55,40.79,81
0.47,-0.16,0.24,15.95,14.76,31.62,81
0.49,-0.17,0.26,17.8,9.21,21.43,81
0.51,-0.18,0.28,17.41,3.48,11.34,81
0.55,-0.19,0.29,14.24,-2.77,1.28,81
0.58,-0.19,0.3,10.12,-9.73,-8.05,81
0.62,-0.19,0.3,7.47,-16.55,-15.15,81
0.68,-0.19,0.31,6.83,-23.93,-21.49,81
0.8,-0.22,0.34,8.48,-33.35,-29.97,81
0.94,-0.24,0.38,13.54,-43.87,-41.46,81
1.02,-0.25,0.42,21.25,-51.86,-51.71,81
0.93,-0.23,0.41,27.53,-54.21,-52.53,81
0.8,-0.18,0.37,28.87,-52.04,-41.19,81
0.74,-0.15,0.28,30.3,-48.11,-27.32,81
0.79,-0.12,0.22,40.43,-45,-20.46,81
0.93,-0.16,0.23,59.42,-45.88,-26.22,81
1.1,-0.24,0.32,79.51,-48.29,-36.77,81
1.21,-0.25,0.43,90.03,-45.09,-44.45,81
1.23,-0.2,0.48,80.7,-35.55,-47.23,81
1.18,-0.13,0.43,49.6,-27.32,-44.97,81
1.14,-0.11,0.36,10.95,-23.84,-45.61,81
1.1,-0.11,0.31,-14.51,-21.74,-46.95,81
1.06,-0.12,0.31,-22.04,-22.23,-44.88,81
1.02,-0.15,0.33,-20.49,-22.35,-39.79,81
0.98,-0.18,0.34,-17.77,-21.65,-33.17,81
0.97,-0.21,0.34,-15.61,-20.46,-23.14,81
0.95,-0.22,0.3,-10.27,-18.38,-9.91,81
0.94,-0.22,0.29,2.59,-17.01,2.04,81
0.93,-0.2,0.29,19.36,-15.37,9.24,81
0.93,-0.18,0.32,30.95,-12.96,12.8,81
0.91,-0.16,0.34,31.49,-10.82,14.51,81
0.89,-0.16,0.35,23.41,-8.99,14.36,81
0.89,-0.17,0.35,12.65,-7.07,12.29,81
0.9,-0.18,0.33,3.81,-5.27,8.29,81
0.91,-0.19,0.33,-2.16,-3.84,3.26,81
0.92,-0.19,0.32,-5.91,-2.44,-2.16,81
0.92,-0.2,0.32,-9.09,-0.91,-7.07,81
0.93,-0.19,0.31,-12.62,0.37,-11.07,81
0.94,-0.19,0.3,-15.76,0.88,-14.05,81
0.95,-0.19,0.3,-17.04,0.55,-16.43,81
0.98,-0.2,0.3,-15.7,-0.12,-17.96,81
1.02,-0.2,0.3,-12.71,-0.4,-18.57,81
1.07,-0.19,0.3,-9.73,-0.03,-18.32,81
1.14,-0.18,0.3,-7.38,0.18,-17.9,81
1.21,-0.17,0.31,-5.73,0.12,-17.59,81
1.26,-0.16,0.32,-5.79,0.34,-15.98,81
1.31,-0.14,0.33,-8.54,0.91,-13.57,81
1.42,-0.14,0.34,-12.2,1.77,-13.63,81
1.55,-0.16,0.37,-13.84,2.65,-17.32,81
1.64,-0.17,0.38,-12.8,3.51,-20.43,81
1.65,-0.15,0.37,-11.95,4.94,-17.59,81
1.51,-0.12,0.37,-12.77,4.91,-10.61,81
1.3,-0.09,0.35,-13.84,3.29,-0.64,81
1.1,-0.04,0.31,-14.3,6.19,16.59,81
0.92,0,0.26,-15.7,11.13,37.1,81
0.84,0.03,0.25,-17.2,14.09,53.14,81
0.85,0.02,0.27,-17.07,16.86,59.57,81
0.91,-0.05,0.31,-13.93,19.57,56.59,81
0.94,-0.12,0.36,-8.17,21.46,54.85,81
0.94,-0.16,0.4,-3.2,25.91,58.69,81
0.88,-0.15,0.39,-4.3,35.4,61.95,81
0.81,-0.09,0.33,-13.54,44.18,60.58,81
0.74,-0.05,0.29,-23.87,48.17,57.41,81
0.69,-0.07,0.27,-26.86,48.99,53.78,81
0.67,-0.09,0.28,-22.84,48.38,48.99,81
0.67,-0.1,0.3,-19.97,47.5,42.13,81
0.67,-0.13,0.32,-21.98,44.88,34.42,81
0.67,-0.14,0.32,-25.7,40.85,29.36,81
0.64,-0.14,0.31,-27.87,37.8,26.77,81
0.61,-0.15,0.29,-26.07,34.7,23.38,81
0.58,-0.14,0.27,-20.03,31.16,19.88,81
0.54,-0.13,0.25,-12.13,28.2,18.41,81
0.52,-0.12,0.25,-5.43,24.6,17.65,81
0.52,-0.13,0.25,-0.73,20.58,15.12,81
0.53,-0.13,0.26,3.2,17.04,10.91,81
0.56,-0.15,0.28,6.55,13.48,5.67,81
0.6,-0.16,0.29,8.38,10.43,0.88,81
0.62,-0.15,0.29,8.63,7.47,-2.77,81
0.7,-0.14,0.3,7.2,3.81,-8.08,81
0.82,-0.16,0.32,5.21,-0.7,-19.3,81
0.96,-0.19,0.36,5.34,-5.24,-34.36,81
1.05,-0.2,0.4,5.85,-8.51,-48.45,81
1.08,-0.18,0.42,2.26,-10.73,-60.03,81
1.04,-0.15,0.41,-6.68,-10.12,-65.79,81
0.99,-0.11,0.38,-16.04,-6.92,-67.32,81
0.95,-0.11,0.35,-21.37,-1.19,-67.9,81
0.92,-0.07,0.32,-24.63,4.7,-66.68,81
0.92,-0.06,0.32,-29.54,7.2,-65.12,81
0.94,-0.07,0.35,-36.8,6.34,-66.52,81
0.95,-0.09,0.38,-45.76,7.53,-68.54,81
0.95,-0.12,0.39,-57.1,8.9,-67.1,81
0.95,-0.15,0.38,-68.26,7.04,-63.05,81
0.98,-0.17,0.37,-72.99,2.29,-60.61,81
1.01,-0.22,0.38,-65.64,-4.73,-61.43,81
1.03,-0.24,0.43,-47.13,-11.46,-62.65,81
0.97,-0.23,0.46,-27.71,-14.57,-58.99,81
0.9,-0.21,0.45,-19.05,-15.73,-52.16,81
0.86,-0.17,0.42,-19.3,-16.89,-48.05,81
0.83,-0.17,0.38,-18.11,-18.32,-48.2,81
0.83,-0.2,0.37,-9.24,-20.46,-50.7,81
0.83,-0.21,0.4,3.9,-23.72,-53.2,81
0.83,-0.22,0.45,14.18,-26.59,-54.91,81
0.83,-0.22,0.47,18.08,-27.1,-55.12,81
0.83,-0.2,0.46,17.56,-26.55,-54.12,81
0.84,-0.19,0.43,17.84,-26.25,-52.26,81
0.85,-0.17,0.43,21.46,-27.1,-49.09,81
0.86,-0.16,0.43,27.38,-28.02,-44.42,81
0.89,-0.14,0.45,33.35,-28.35,-38.69,81
0.92,-0.12,0.46,37.32,-27.71,-32.23,81
0.93,-0.11,0.47,37.74,-25.73,-23.96,81
0.93,-0.09,0.47,33.72,-22.47,-15.24,81
0.93,-0.07,0.46,26.71,-18.69,-8.38,81
0.93,-0.06,0.44,19.27,-15.06,-2.84,81
0.94,-0.06,0.44,12.1,-11.22,2.29,81
0.96,-0.07,0.45,5,-7.47,6.71,81
0.99,-0.07,0.45,-2.8,-3.29,10.03,81
1.01,-0.07,0.45,-11.04,0.79,12.77,81
1,-0.06,0.43,-19.21,3.9,17.56,81
1,-0.05,0.41,-27.65,6.52,23.9,81
1.06,-0.07,0.41,-34.66,8.05,26.31,81
1.15,-0.1,0.41,-37.07,8.11,23.41,81
1.23,-0.13,0.42,-34.54,7.96,20.52,81
1.31,-0.14,0.42,-31.52,8.14,21.28,81
1.38,-0.15,0.42,-31.25,6.74,22.96,81
1.43,-0.14,0.42,-31.25,2.13,22.47,81
1.42,-0.16,0.43,-26.52,-4.66,23.05,81
1.31,-0.18,0.42,-14.21,-12.26,29.54,81
1.17,-0.17,0.4,4.02,-17.47,41.13,81
1.05,-0.15,0.34,24.88,-16.46,54.66,81
1.01,-0.15,0.29,48.63,-13.81,64.36,81
1.06,-0.14,0.27,72.8,-10.85,66.89,81
1.14,-0.11,0.3,90.7,-4.6,66.34,81
1.15,-0.09,0.32,94.24,2.38,68.75,81
1.1,-0.06,0.32,81.59,7.87,73.63,81
1.03,-0.04,0.31,58.6,14.27,75.55,81
0.97,-0.03,0.29,34.97,20.43,73.23,81
0.9,-0.07,0.26,19.02,23.99,71.1,81
0.83,-0.11,0.24,12.8,26.34,71.71,81
0.76,-0.13,0.22,11.68,28.11,74.05,81
0.71,-0.14,0.22,11.77,28.29,75.15,81
0.68,-0.15,0.22,12.96,27.77,74.76,81
0.65,-0.16,0.22,15.79,27.96,74.15,81
0.63,-0.16,0.21,18.48,28.02,73.51,81
0.61,-0.16,0.21,19.42,27.59,72.23,81
0.6,-0.16,0.2,18.87,26.95,69.45,81
0.61,-0.16,0.19,18.32,25.82,64.76,81
0.62,-0.16,0.2,17.77,24.94,58.75,81
0.63,-0.17,0.21,15.58,23.9,52.1,81
0.65,-0.18,0.21,11.16,22.35,44.94,81
0.68,-0.18,0.22,5.49,21.07,36.55,81
0.72,-0.19,0.22,-0.24,19.39,26.55,81
0.75,-0.2,0.23,-5.09,17.13,16.77,81
0.77,-0.19,0.24,-9.42,15,8.54,81
0.79,-0.19,0.25,-13.99,12.93,0.82,81
0.82,-0.2,0.25,-17.8,10.98,-7.68,81
0.85,-0.2,0.26,-20.15,9.09,-16.86,81
0.89,-0.21,0.28,-20.37,7.62,-24.54,81
0.94,-0.21,0.29,-19.45,7.1,-31.07,81
1.01,-0.2,0.3,-18.41,7.5,-38.17,81
1.12,-0.19,0.32,-18.63,8.78,-46.59,81
1.21,-0.17,0.34,-21.49,9.76,-55.76,81
1.22,-0.16,0.35,-27.87,8.05,-63.2,81
1.14,-0.15,0.35,-37.16,4.85,-63.84,81
1.02,-0.15,0.34,-45.37,1.62,-58.45,81
0.91,-0.16,0.33,-47.41,-0.91,-52.74,81
0.84,-0.15,0.32,-43.96,-2.23,-46.74,81
0.83,-0.17,0.34,-37.74,-2.44,-43.75,81
0.88,-0.21,0.35,-28.69,-2.71,-48.45,81
0.9,-0.24,0.38,-17.99,-1.65,-53.87,81
0.88,-0.22,0.38,-9.33,0.24,-53.14,81
0.83,-0.19,0.37,-5.27,1.65,-51.19,81
0.8,-0.17,0.36,-7.1,1.46,-53.6,81
0.83,-0.18,0.38,-10.79,-2.2,-60.09,81
0.89,-0.23,0.42,-10.43,-9.45,-67.87,81
0.94,-0.27,0.46,-4.33,-17.13,-73.48,81
0.95,-0.28,0.48,4.6,-24.45,-74.76,81
0.95,-0.28,0.46,14.18,-29.3,-72.65,81
0.94,-0.26,0.43,26.07,-33.26,-69.24,81
0.93,-0.21,0.43,42.13,-37.8,-65.18,81
0.89,-0.16,0.44,56.01,-39.66,-60.58,81
0.84,-0.12,0.45,56.28,-38.75,-58.26,81
0.81,-0.13,0.45,41.13,-39.18,-60.79,81
0.81,-0.17,0.43,22.13,-40.82,-64.94,81
0.81,-0.19,0.41,12.47,-39.6,-65.61,81
0.82,-0.21,0.4,15.37,-36.04,-64.15,81
0.85,-0.21,0.43,25,-31.59,-63.08,81
0.9,-0.18,0.45,30.27,-26.98,-60.64,81
0.93,-0.15,0.46,25.21,-23.75,-55.12,81
0.95,-0.11,0.47,12.26,-20.76,-48.14,81
0.97,-0.08,0.48,-4.05,-16.92,-40.88,81
0.98,-0.07,0.46,-20.7,-13.17,-33.45,81
0.98,-0.08,0.45,-33.81,-10.06,-24.48,81
0.96,-0.08,0.43,-42.13,-6.59,-13.84,81
0.96,-0.09,0.42,-46.19,-3.38,-2.53,81
0.98,-0.09,0.42,-47.26,0.61,7.99,81
1.03,-0.1,0.43,-46.31,3.38,16.89,81
1.09,-0.09,0.45,-44.33,5.79,24.45,81
1.14,-0.08,0.46,-44.36,8.14,31.07,81
1.2,-0.09,0.47,-47.84,9.36,34.91,81
1.3,-0.13,0.48,-50.7,8.63,33.69,81
1.41,-0.17,0.51,-47.77,4.76,28.87,81
1.48,-0.2,0.55,-37.84,0.27,26.46,81
1.42,-0.16,0.56,-26.34,-1.83,31.37,81
1.25,-0.11,0.5,-20.67,-2.07,44.45,81
1.08,-0.07,0.41,-15.79,-2.9,61.13,81
0.98,-0.07,0.34,-1.98,-3.02,75.85,81
0.94,-0.08,0.3,22.53,-0.76,83.75,81
0.97,-0.11,0.32,51.1,2.8,84.02,81
1.03,-0.13,0.36,74.09,8.38,82.59,81
1.06,-0.13,0.37,83.99,16.43,84.02,81
1.06,-0.1,0.37,78.63,26.28,86.1,81
1.04,-0.07,0.34,61.13,35.3,83.26,81
1,-0.05,0.31,38.72,40.49,75.55,81
0.93,-0.06,0.29,18.32,43.17,68.11,81
0.87,-0.09,0.27,2.2,45.06,62.44,81
0.83,-0.13,0.26,-9.36,45.34,56.71,81
0.81,-0.16,0.24,-16.19,43.69,50.06,81
0.8,-0.19,0.23,-16.34,41.04,44.42,81
0.78,-0.21,0.23,-9.88,37.8,41.49,81
0.74,-0.21,0.23,-0.15,35.15,40.82,81
0.69,-0.19,0.21,8.41,33.29,40.95,81
0.67,-0.18,0.2,15.03,30.24,40.67,81
0.65,-0.18,0.19,21.55,25.46,39.12,81
0.63,-0.19,0.21,28.17,19.73,36.37,81
0.62,-0.19,0.23,33.05,14.66,33.35,81
0.62,-0.19,0.24,34.79,11.04,30.34,81
0.64,-0.2,0.24,35,8.38,26.37,81
0.67,-0.2,0.25,36.43,6.25,21.74,81
0.7,-0.21,0.26,40.4,5.21,16.92,81
0.73,-0.2,0.28,45.24,6.95,12.07,81
0.78,-0.17,0.3,46.92,11.4,6.77,81
0.85,-0.15,0.31,42.8,17.07,1.19,81
0.95,-0.11,0.32,32.93,23.9,-4.45,81
1.12,-0.11,0.33,17.53,29.88,-13.99,81
1.28,-0.14,0.35,0.15,29.27,-31.95,81
1.37,-0.18,0.41,-13.26,21.71,-51.31,81
1.12,-0.13,0.43,-25.27,18.57,-50.09,81
0.89,-0.04,0.42,-48.35,14.88,-31.95,81
0.73,0.04,0.36,-82.71,13.87,-12.38,81
0.63,0.03,0.31,-110.49,7.93,-1.52,81
0.64,-0.1,0.32,-110.34,-6.34,-9.02,81
0.67,-0.26,0.37,-79.85,-16.68,-22.29,81
0.68,-0.35,0.48,-40.3,-22.38,-27.32,81
0.72,-0.33,0.54,-7.35,-23.78,-24.82,81
0.71,-0.23,0.51,13.17,-15.82,-22.96,81
0.71,-0.15,0.48,19.82,-9.91,-27.96,81
0.73,-0.12,0.45,18.69,-10.49,-39.7,81
0.77,-0.12,0.47,15.09,-16.13,-54.51,81
0.82,-0.12,0.54,7.84,-25.03,-67.53,81
0.84,-0.11,0.59,-3.51,-31.65,-77.07,81
0.84,-0.16,0.59,-14.85,-33.96,-84.66,81
0.84,-0.21,0.55,-17.53,-35.55,-89.7,81
0.83,-0.24,0.51,-7.71,-36.98,-89.36,81
0.81,-0.25,0.45,13.54,-37.77,-83.72,81
0.82,-0.26,0.41,43.26,-39.09,-77.53,81
0.86,-0.24,0.4,74.66,-41.34,-72.71,81
0.9,-0.19,0.43,99.76,-43.81,-65.82,81
0.92,-0.13,0.48,110.91,-44.63,-55.09,81
0.93,-0.07,0.51,103.78,-41.68,-45.09,81
0.92,-0.04,0.51,80.37,-38.41,-40.82,81
0.92,-0.05,0.49,49.51,-36.37,-39.91,81
0.92,-0.07,0.47,22.01,-33.96,-37.65,81
0.92,-0.09,0.45,4.02,-31.01,-33.6,81
0.92,-0.12,0.45,-3.96,-27.53,-29.05,81
0.93,-0.14,0.46,-5.06,-23.41,-22.53,81
0.94,-0.15,0.46,-3.9,-19.45,-13.72,81
0.96,-0.12,0.47,-3.51,-16.28,-4.02,81
1,-0.11,0.46,-5.4,-12.93,4.66,81
1.05,-0.1,0.46,-7.32,-10.7,10.67,81
1.13,-0.1,0.48,-7.01,-9.94,15.67,81
1.22,-0.11,0.51,-5.43,-9.73,20.09,81
1.31,-0.13,0.54,-2.47,-9.36,22.68,81
1.41,-0.14,0.57,2.23,-8.6,23.35,81
1.48,-0.13,0.6,5.49,-6.28,23.99,81
1.46,-0.1,0.58,3.84,-2.99,28.08,81
1.34,-0.06,0.52,-3.45,-0.82,36.92,81
1.2,-0.03,0.46,-12.62,1.55,48.69,81
1.07,-0.04,0.4,-15.64,5.43,59.15,81
0.99,-0.06,0.35,-8.99,10.67,67.01,81
0.98,-0.09,0.33,4.39,16.95,70.67,81
1.03,-0.14,0.34,19.7,22.71,69.02,81
1.1,-0.15,0.36,31.55,27.77,65.91,81
1.12,-0.14,0.37,34.12,33.57,65.12,81
1.09,-0.13,0.36,25.3,38.75,65.91,81
1.03,-0.1,0.33,8.93,42.96,66.86,81
0.97,-0.07,0.28,-7.84,46.22,67.44,81
0.92,-0.08,0.24,-18.45,46.92,66.28,81
0.86,-0.11,0.23,-21.07,45.91,64.66,81
0.81,-0.12,0.23,-19.82,44.54,64.94,81
0.76,-0.14,0.23,-18.81,42.35,66.07,81
0.73,-0.16,0.23,-17.23,40,66.59,81
0.7,-0.18,0.21,-12.59,38.11,67.29,81
0.67,-0.18,0.2,-4.91,36.37,68.11,81
0.65,-0.19,0.19,3.96,33.69,67.84,81
0.61,-0.19,0.19,11.95,30.98,66.16,81
0.59,-0.18,0.2,17.71,28.84,63.11,78
0.58,-0.17,0.2,20.12,26.95,58.38,78
0.58,-0.18,0.2,20.06,24.51,51.83,78
0.59,-0.18,0.21,19.02,21.49,43.87,78
0.62,-0.19,0.22,17.47,17.99,35.18,78
0.65,-0.2,0.24,15.27,14.94,25.52,78
0.69,-0.21,0.25,12.23,11.86,14.73,78
0.73,-0.22,0.26,8.63,8.51,3.48,78
0.76,-0.22,0.26,4.94,4.79,-7.2,78
0.77,-0.22,0.27,2.29,1.1,-16.95,78
0.8,-0.22,0.27,1.65,-2.53,-26.28,78
0.85,-0.22,0.28,3.6,-5.79,-36.16,78
0.91,-0.22,0.31,7.8,-8.29,-44.63,78
0.97,-0.21,0.34,11.49,-10.73,-51.98,78
1.01,-0.19,0.36,13.2,-11.98,-57.62,78
1.03,-0.16,0.37,12.84,-10.06,-59.18,78
1.09,-0.13,0.38,9.57,-7.2,-59.39,78
1.15,-0.1,0.39,3.32,-4.82,-61.71,78
1.21,-0.1,0.42,-5.24,-6.71,-64.88,78
1.19,-0.09,0.46,-16.4,-10.06,-66.01,78
1.05,-0.07,0.49,-31.43,-12.41,-61.65,78
0.9,-0.04,0.49,-53.02,-11.43,-52.74,78
0.77,-0.02,0.46,-79.3,-7.68,-44.6,78
0.7,-0.06,0.41,-100.3,-4.51,-42.38,78
0.71,-0.15,0.37,-102.32,-3.35,-46.89,78
0.76,-0.26,0.37,-80.49,-3.66,-53.9,78
0.79,-0.31,0.42,-44.12,-3.87,-56.92,78
0.81,-0.28,0.47,-10.64,-2.84,-55.49,78
0.85,-0.22,0.51,5.49,-2.26,-55.7,78
0.89,-0.19,0.54,3.05,-5.34,-60.3,78
0.92,-0.17,0.54,-5.82,-10.88,-65.34,78
0.92,-0.16,0.54,-10.67,-16.28,-68.48,78
0.89,-0.17,0.53,-11.77,-19.18,-70.46,78
0.86,-0.18,0.51,-11.92,-21.37,-72.74,78
0.85,-0.19,0.49,-11.59,-22.74,-74.15,78
0.83,-0.22,0.46,-7.68,-23.29,-73.87,78
0.82,-0.24,0.45,0.73,-24.09,-72.56,78
0.82,-0.25,0.45,12.04,-24.57,-70.79,78
0.83,-0.24,0.46,22.74,-24.45,-69.15,78
0.86,-0.22,0.47,30.37,-24.15,-66.71,78
0.87,-0.2,0.48,33.35,-23.41,-62.41,78
0.88,-0.18,0.48,30.98,-22.56,-56.31,78
0.9,-0.15,0.49,25.12,-21.25,-49.33,78
0.92,-0.15,0.49,18.54,-19.57,-42.1,78
0.92,-0.14,0.48,14.02,-17.62,-33.9,78
0.91,-0.13,0.48,10.64,-14.76,-24.57,78
0.91,-0.11,0.48,6.46,-11.71,-15.09,78
0.89,-0.1,0.47,1.34,-9.42,-6.19,78
0.87,-0.12,0.47,-3.41,-7.29,2.93,78
0.86,-0.13,0.47,-5.64,-5,11.25,78
0.86,-0.12,0.47,-5.88,-2.13,18.17,78
0.88,-0.12,0.47,-6.13,0.98,23.57,78
0.9,-0.13,0.47,-6.83,2.71,27.2,78
0.94,-0.13,0.48,-6.71,3.75,30.43,78
0.98,-0.11,0.49,-6.74,5.7,33.87,78
1.04,-0.09,0.5,-9.15,8.17,36.25,78
1.12,-0.07,0.5,-14.45,10.09,37.16,78
1.2,-0.08,0.5,-20.61,10.58,37.01,78
1.29,-0.11,0.5,-23.54,9.3,35.82,78
1.41,-0.13,0.52,-20.64,6.34,32.84,78
1.51,-0.14,0.54,-13.14,3.57,29.76,78
1.54,-0.12,0.53,-6.07,2.13,32.41,78
1.44,-0.09,0.5,-4.21,-1.52,41.19,78
1.27,-0.07,0.44,-3.63,-7.2,54.42,78
1.12,-0.07,0.38,3.54,-10.49,69.91,78
1,-0.07,0.32,19.21,-10.43,84.09,78
0.93,-0.08,0.28,41.13,-8.78,93.26,78
0.94,-0.12,0.28,64.94,-6.59,95.34,78
1,-0.14,0.32,83.69,-3.81,92.35,78
1.03,-0.13,0.35,90.34,1.31,88.99,78
1,-0.12,0.36,82.96,7.87,86.89,78
0.95,-0.1,0.33,63.87,14.45,83.75,78
0.89,-0.07,0.29,39.6,19.6,78.69,78
0.85,-0.06,0.26,18.72,21.86,71.4,78
0.8,-0.1,0.26,7.01,21.77,63.32,78
0.76,-0.13,0.26,3.41,22.35,57.26,78
0.73,-0.14,0.27,1.68,24.15,53.11,78
0.72,-0.15,0.25,-1.19,24.82,49.79,78
0.71,-0.15,0.23,-2.44,25.06,47.41,78
0.7,-0.16,0.23,0.85,24.24,45.67,78
0.68,-0.16,0.23,7.2,22.62,43.87,78
0.66,-0.16,0.24,12.62,21.25,41.68,78
0.64,-0.16,0.24,14.7,19.45,38.72,78
0.63,-0.16,0.24,15.43,16.52,34.57,78
0.64,-0.18,0.24,17.5,13.14,29.18,78
0.66,-0.19,0.26,20.64,9.82,22.56,78
0.69,-0.2,0.27,23.02,6.86,15.09,78
0.72,-0.2,0.28,22.99,3.9,6.95,78
0.75,-0.2,0.28,21.4,0.91,-1.4,78
0.78,-0.2,0.29,19.73,-1.59,-9.54,78
0.81,-0.19,0.3,18.48,-3.57,-17.62,78
0.84,-0.19,0.3,17.8,-4.97,-25.27,78
0.87,-0.19,0.32,17.47,-5.76,-32.13,78
0.89,-0.17,0.33,16.74,-5.46,-36.68,78
0.9,-0.16,0.34,15.82,-3.32,-38.23,78
0.93,-0.14,0.34,14.54,0.3,-37.68,78
1.03,-0.11,0.35,11.65,5.21,-37.84,78
1.16,-0.12,0.36,6.89,8.32,-45.09,78
1.26,-0.13,0.42,1.83,6.77,-55.27,78
1.26,-0.13,0.47,-6.62,3.84,-60.34,78
1.04,-0.11,0.48,-20.46,2.01,-54.6,78
0.84,-0.06,0.45,-40.03,0.95,-42.32,78
0.7,-0.03,0.4,-61.86,3.72,-31.25,78
0.66,-0.06,0.36,-75.52,3.14,-30.64,78
0.71,-0.15,0.36,-69.21,-2.47,-40.58,78
0.79,-0.26,0.42,-42.65,-6.86,-48.93,78
0.84,-0.29,0.48,-9.91,-8.05,-48.38,78
0.85,-0.23,0.51,12.59,-6.62,-41.52,78
0.86,-0.16,0.49,16.62,-4.7,-36.55,78
0.86,-0.13,0.45,11.22,-6.04,-37.41,78
0.86,-0.14,0.43,11.95,-10.12,-40.76,78
0.86,-0.14,0.48,19.12,-15.43,-42.96,78
0.85,-0.09,0.55,20.64,-19.27,-43.57,78
0.82,-0.08,0.56,6.89,-19.3,-46.19,78
0.8,-0.13,0.54,-16.77,-20.24,-51.77,78
0.78,-0.17,0.49,-35.18,-23.2,-55.79,78
0.76,-0.2,0.45,-36.37,-24.76,-56.68,78
0.75,-0.22,0.44,-20.67,-25.3,-58.02,78
0.77,-0.22,0.45,0.7,-24.97,-59.54,78
0.77,-0.21,0.46,16.16,-25.3,-58.69,78
0.8,-0.19,0.49,22.2,-27.2,-55.06,78
0.84,-0.16,0.49,22.93,-28.26,-51.52,78
0.89,-0.13,0.5,21.31,-27.41,-48.9,78
0.91,-0.12,0.5,16.92,-25.95,-45.34,78
0.92,-0.11,0.5,9.21,-24.63,-39.39,78
0.91,-0.1,0.48,0.73,-22.41,-32.16,78
0.91,-0.1,0.46,-5.03,-20.58,-25.95,78
0.9,-0.1,0.46,-7.23,-18.96,-19.57,78
0.9,-0.1,0.46,-8.81,-16.68,-11.95,78
0.92,-0.11,0.47,-11.83,-14.33,-4.76,78
0.94,-0.11,0.46,-14.45,-11.68,1.71,78
0.97,-0.1,0.46,-15.73,-9.12,8.2,78
1.01,-0.09,0.46,-16.43,-6.83,14.09,78
1.05,-0.08,0.46,-18.99,-4.97,18.35,78
1.1,-0.09,0.45,-24.45,-4.05,21.04,78
1.16,-0.11,0.45,-29.85,-5.15,21.68,78
1.26,-0.17,0.47,-29.7,-8.29,19.33,78
1.39,-0.21,0.51,-20.79,-11.01,13.87,78
1.48,-0.23,0.54,-6.19,-12.41,9.85,78
1.41,-0.19,0.52,5.34,-10.91,16.19,78
1.27,-0.11,0.46,6.65,-9.18,32.07,78
1.16,-0.06,0.38,3.48,-8.2,46.01,78
1.11,-0.08,0.32,7.84,-7.53,52.47,78
1.1,-0.11,0.32,25.06,-7.1,55.03,78
1.13,-0.15,0.36,49.76,-4.42,58.29,78
1.17,-0.17,0.39,69.66,2.68,62.62,78
1.17,-0.13,0.38,75.43,12.44,67.87,78
1.13,-0.09,0.35,67.07,21.01,74.09,78
1.07,-0.05,0.31,51.59,28.35,79.21,78
1.02,-0.03,0.28,36.62,34.51,80.73,78
0.98,-0.05,0.28,25.27,38.57,79.12,78
0.93,-0.07,0.27,16.52,41.55,77.87,78
0.9,-0.09,0.27,6.98,44.05,78.57,78
0.87,-0.11,0.26,-3.29,44.91,78.96,78
0.85,-0.13,0.24,-10.73,44.18,78.87,78
0.82,-0.14,0.22,-12.53,43.48,79.91,78
0.77,-0.14,0.21,-10.67,42.84,81.19,78
0.72,-0.17,0.19,-8.57,40.21,79.57,78
0.67,-0.18,0.19,-6.43,36.37,75.43,78
0.64,-0.19,0.19,-2.84,32.16,70.55,78
0.63,-0.2,0.2,2.26,28.26,64.79,78
0.63,-0.21,0.2,7.5,25,56.59,78
0.62,-0.22,0.21,11.8,20.73,46.59,78
0.62,-0.23,0.21,14.33,15.7,37.1,78
0.62,-0.21,0.22,15.95,10.7,28.2,78
0.62,-0.2,0.22,18.26,6.65,19.73,78
0.62,-0.19,0.23,20.85,3.23,12.44,78
0.63,-0.19,0.24,22.87,-0.7,6.59,78
0.66,-0.2,0.26,25.49,-4.45,1.28,78
0.71,-0.21,0.28,30.79,-6.43,-5.4,78
0.76,-0.22,0.31,38.51,-6.92,-13.23,78
0.81,-0.21,0.33,45.76,-5.98,-20.7,78
0.87,-0.18,0.35,49.12,-2.84,-26.98,78
0.98,-0.15,0.36,46.59,1.65,-34.94,78
1.12,-0.14,0.4,39.79,4.33,-48.05,78
1.23,-0.09,0.45,29.09,7.59,-63.63,78
1.2,-0.04,0.49,6.52,12.87,-75.49,78
0.99,0.04,0.51,-33.63,15.58,-74.15,78
0.84,0.12,0.52,-88.32,16.19,-65.52,78
0.74,0.13,0.47,-143.72,17.56,-62.93,78
0.71,0.01,0.44,-178.78,13.48,-72.01,78
0.75,-0.17,0.44,-177.5,6.59,-85.98,78
0.8,-0.33,0.49,-143.35,4.45,-93.05,78
0.81,-0.36,0.53,-97.77,5.95,-92.5,78
0.8,-0.31,0.53,-61.74,8.11,-87.16,78
0.77,-0.26,0.5,-40.82,8.41,-79.73,78
0.78,-0.21,0.48,-24.3,5.03,-75.95,78
0.84,-0.19,0.48,-4.18,1.68,-80.76,78
0.9,-0.17,0.51,14.02,-1.62,-89.94,78
0.94,-0.15,0.54,19.6,-6.62,-95.27,78
0.94,-0.18,0.52,13.2,-11.01,-94.42,78
0.9,-0.19,0.48,6.92,-13.29,-90.67,78
0.87,-0.19,0.44,8.48,-13.51,-85.61,78
0.83,-0.18,0.41,13.2,-13.51,-80.82,78
0.82,-0.19,0.41,15.58,-15.82,-79.09,78
0.83,-0.2,0.41,15.61,-19.27,-78.57,78
0.85,-0.21,0.43,15.91,-21.43,-76.77,78
0.88,-0.22,0.44,17.32,-23.26,-73.93,78
0.9,-0.22,0.44,18.32,-24.76,-69.45,78
0.91,-0.2,0.45,17.77,-25.79,-63.05,78
0.92,-0.18,0.45,15.58,-26.43,-55.49,78
0.93,-0.16,0.46,11.25,-26.49,-47.71,78
0.92,-0.14,0.47,4.63,-25.85,-39.54,78
0.9,-0.13,0.46,-2.93,-24.91,-31.01,78
0.88,-0.13,0.46,-8.69,-24.33,-21.98,78
0.86,-0.12,0.46,-11.13,-23.17,-12.56,78
0.87,-0.11,0.47,-11.8,-20.73,-3.6,78
0.9,-0.11,0.49,-13.66,-18.08,3.35,78
0.96,-0.12,0.51,-17.26,-15.98,8.87,78
1.06,-0.12,0.53,-19.73,-14.88,13.63,78
1.17,-0.11,0.55,-18.29,-13.48,17.32,78
1.28,-0.11,0.57,-13.75,-12.8,20.7,78
1.37,-0.11,0.6,-8.96,-15.4,23.87,78
1.42,-0.12,0.62,-4.42,-20.67,27.47,78
1.44,-0.12,0.63,3.08,-25.95,34.94,78
1.41,-0.1,0.63,13.26,-29.48,43.2,78
1.3,-0.09,0.59,24.88,-30.24,51.4,78
1.16,-0.09,0.52,37.53,-28.57,63.17,78
1.02,-0.08,0.45,52.04,-25.4,77.68,78
0.94,-0.06,0.39,67.8,-18.2,91.31,78
0.93,-0.04,0.34,81.07,-6.68,99.12,78
1,-0.05,0.34,89.02,4.76,96.43,78
1.07,-0.06,0.36,89.51,14.02,88.93,78
1.11,-0.05,0.4,79.24,23.41,85.4,78
1.07,-0.02,0.4,55.06,34.15,85.18,78
1,-0.01,0.37,19.73,43.17,83.87,78
0.95,-0.02,0.31,-14.88,48.66,81.49,78
0.91,-0.06,0.25,-35.03,50.64,79.48,78
0.86,-0.1,0.23,-36.95,50.4,79.05,78
0.81,-0.12,0.22,-29.36,50.24,80.73,78
0.77,-0.14,0.24,-22.23,49.82,82.04,78
0.76,-0.16,0.24,-17.53,48.87,81.25,78
0.74,-0.16,0.23,-12.65,47.74,79.94,78
0.73,-0.17,0.23,-6.62,45.88,79.7,78
0.7,-0.17,0.23,0.34,43.29,78.51,78
0.68,-0.17,0.22,7.13,40.95,74.91,78
0.65,-0.16,0.22,11.95,38.6,69.82,78
0.65,-0.16,0.21,13.9,35.91,64.12,78
0.66,-0.16,0.22,13.87,32.8,56.46,78
0.68,-0.18,0.23,13.23,29.48,46.62,78
0.71,-0.18,0.24,11.52,26.13,35.88,78
0.74,-0.19,0.25,7.96,22.56,24.79,78
0.78,-0.2,0.27,2.59,18.69,12.9,78
0.8,-0.2,0.28,-3.02,14.51,1.46,78
0.8,-0.2,0.28,-6.98,10.15,-8.05,78
0.79,-0.2,0.28,-7.5,6.13,-16.43,78
0.79,-0.2,0.29,-3.84,3.2,-23.6,78
0.81,-0.19,0.29,2.13,2.2,-27.84,78
0.9,-0.17,0.29,7.26,1.92,-32.04,78
1.02,-0.18,0.31,10.24,1.19,-40.85,78
1.1,-0.18,0.34,11.65,-2.01,-50.55,78
1.12,-0.15,0.38,8.23,-6.98,-57.99,78
1.05,-0.16,0.41,-0.76,-12.74,-63.75,78
0.9,-0.14,0.41,-10.55,-16.92,-63.69,78
0.79,-0.11,0.41,-20.09,-19.15,-59.45,78
0.7,-0.09,0.42,-30.18,-18.23,-54.82,78
0.67,-0.09,0.42,-37.9,-16.95,-55.34,78
0.69,-0.12,0.42,-40.67,-14.94,-62.99,78
0.78,-0.16,0.45,-37.62,-12.93,-73.32,78
0.86,-0.15,0.49,-31.86,-10.03,-80.82,78
0.9,-0.14,0.51,-30.34,-6.07,-85.55,78
0.93,-0.15,0.52,-37.04,-6.07,-89.91,78
0.96,-0.14,0.55,-48.38,-9.57,-93.66,78
0.97,-0.13,0.56,-55.46,-13.93,-94.91,78
0.97,-0.16,0.56,-52.53,-15.67,-93.48,78
0.93,-0.18,0.57,-41.89,-18.38,-91.31,78
0.9,-0.2,0.55,-30.76,-21.07,-88.26,78
0.85,-0.23,0.5,-19.76,-21.55,-85.4,78
0.82,-0.26,0.45,-4.45,-23.02,-82.13,78
0.82,-0.27,0.42,17.8,-23.78,-77.68,78
0.82,-0.25,0.41,41.49,-22.9,-74.12,78
0.83,-0.23,0.42,57.1,-22.71,-72.71,78
0.85,-0.21,0.45,59.85,-23.69,-71.59,78
0.88,-0.19,0.47,53.02,-24.21,-68.96,78
0.91,-0.16,0.47,42.59,-23.6,-66.04,78
0.94,-0.16,0.48,31.59,-22.8,-63.75,78
0.96,-0.16,0.48,19.76,-22.96,-59.85,78
0.96,-0.15,0.48,7.71,-23.11,-52.07,78
0.94,-0.14,0.46,-1.77,-22.2,-42.04,78
0.92,-0.13,0.46,-7.74,-20.55,-31.49,78
0.89,-0.12,0.45,-11.49,-18.84,-20.67,78
0.88,-0.12,0.44,-13.93,-17.41,-10.03,78
0.89,-0.13,0.45,-14.82,-15.61,-1.13,78
0.92,-0.14,0.47,-13.51,-13.84,6.28,78
0.97,-0.14,0.48,-11.16,-11.31,13.29,78
1.03,-0.11,0.49,-9.48,-8.05,19.54,78
1.09,-0.1,0.5,-10.46,-5.58,24.57,78
1.15,-0.11,0.49,-13.84,-4.39,28.6,78
1.21,-0.13,0.5,-16.4,-6.01,31.1,78
1.29,-0.18,0.53,-12.2,-10.21,30.34,78
1.41,-0.21,0.61,1.07,-14.36,26.86,78
1.47,-0.17,0.67,15.95,-12.13,26.52,78
1.37,-0.08,0.63,17.04,-4.12,36.46,78
1.18,-0.02,0.54,0.52,0.18,55.21,78
1.06,0.02,0.44,-15.37,2.99,74.05,78
1.04,0.02,0.34,-14.05,11.55,84.82,78
1.09,-0.03,0.31,4.51,20.64,84.57,78
1.17,-0.08,0.34,29.97,25.7,83.05,78
1.19,-0.09,0.4,45.52,30.61,88.14,78
1.15,-0.09,0.42,41.49,36.62,95.27,78
1.09,-0.11,0.41,24.21,41.62,97.84,78
1.04,-0.11,0.36,6.34,45.67,97.74,78
0.99,-0.09,0.31,-4.05,48.23,99.15,78
0.93,-0.1,0.28,-5.21,46.43,101.25,78
0.87,-0.12,0.26,-0.3,43.75,101.95,78
0.82,-0.14,0.26,5.09,41.83,100.34,78
0.79,-0.15,0.26,8.35,38.99,97.53,78
0.78,-0.16,0.25,10.73,36.07,94.66,78
0.75,-0.18,0.24,14.76,33.29,92.32,78
0.72,-0.19,0.23,21.31,30.43,90.3,78
0.68,-0.18,0.22,29.39,27.99,87.16,78
0.65,-0.18,0.21,36.92,25.61,82.74,78
0.63,-0.17,0.22,42.9,23.35,77.44,78
0.62,-0.16,0.23,46.1,21.22,71.37,78
0.62,-0.16,0.23,45.85,18.54,64.24,78
0.63,-0.17,0.24,42.8,15,55.49,78
0.65,-0.19,0.25,38.87,10.91,45.37,78
0.69,-0.19,0.26,35.4,6.98,33.96,78
0.72,-0.2,0.27,32.26,3.54,22.32,78
0.73,-0.2,0.28,28.14,0.27,11.25,78
0.73,-0.2,0.28,23.05,-3.35,1.16,78
0.73,-0.2,0.28,19.15,-6.92,-7.93,78
0.75,-0.2,0.28,18.72,-10.37,-16.95,78
0.78,-0.21,0.29,21.55,-13.41,-25.73,78
0.82,-0.2,0.32,24.85,-15.98,-33.02,78
0.85,-0.19,0.33,25.85,-18.05,-38.66,78
0.89,-0.16,0.35,23.87,-18.93,-42.99,78
1,-0.15,0.36,19.6,-18.41,-50,78
1.17,-0.15,0.4,13.96,-18.96,-63.08,78
1.24,-0.13,0.48,6.4,-22.56,-79.12,78
1.06,-0.1,0.51,-7.65,-24.97,-82.53,78
0.84,-0.04,0.49,-34.45,-23.57,-68.9,78
0.71,0.01,0.46,-68.96,-19.66,-56.68,78
0.69,-0.02,0.41,-95.06,-20.3,-60.64,78
0.71,-0.13,0.4,-96.04,-25.12,-74.42,78
0.76,-0.25,0.43,-69.91,-29.51,-81.31,78
0.81,-0.31,0.5,-29.97,-31.28,-78.41,78
0.85,-0.28,0.55,7.26,-30.76,-73.78,78
0.87,-0.23,0.57,31.28,-28.54,-69.39,78
0.88,-0.18,0.54,40.27,-27.44,-63.9,78
0.88,-0.15,0.52,41.34,-28.81,-61.04,78
0.92,-0.13,0.51,43.69,-31.46,-62.71,78
0.94,-0.12,0.55,47.77,-33.51,-63.96,78
0.94,-0.07,0.59,46.89,-33.75,-61.8,78
0.9,-0.06,0.59,32.71,-29.76,-60.58,78
0.87,-0.1,0.56,7.53,-27.23,-63.87,78
0.85,-0.15,0.51,-14.6,-26.68,-65.61,78
0.84,-0.18,0.47,-21.55,-25.49,-62.77,78
0.83,-0.2,0.45,-13.45,-23.81,-59.02,78
0.83,-0.21,0.45,1.65,-22.35,-56.04,78
0.83,-0.2,0.47,13.69,-21.01,-51.43,78
0.83,-0.17,0.48,16.83,-19.94,-44.7,78
0.85,-0.16,0.47,12.44,-19.42,-39.18,78
0.88,-0.17,0.46,7.13,-19.6,-35.73,78
0.92,-0.16,0.46,5.24,-19.97,-32.53,78
0.95,-0.16,0.48,5.98,-20.06,-28.54,78
0.94,-0.15,0.49,5.24,-19.91,-22.93,78
0.9,-0.13,0.47,-0.06,-19.09,-15.09,78
0.87,-0.12,0.45,-7.5,-17.47,-8.05,78
0.85,-0.13,0.43,-11.98,-15.88,-2.47,78
0.86,-0.13,0.42,-11.74,-13.35,3.32,78
0.91,-0.12,0.44,-9.48,-10,8.66,78
0.99,-0.09,0.46,-10.15,-5.67,12.47,78
1.08,-0.07,0.47,-17.2,-1.34,15.55,78
1.18,-0.06,0.48,-29.63,2.29,18.78,78
1.27,-0.07,0.48,-43.32,3.32,20.7,78
1.38,-0.1,0.49,-52.47,0.7,20.85,78
1.51,-0.15,0.53,-52.87,-3.17,18.48,78
1.55,-0.16,0.55,-45.52,-4.94,20.43,78
1.43,-0.12,0.53,-40.21,-6.13,31.74,78
1.26,-0.09,0.47,-40.55,-8.69,49.63,78
1.12,-0.09,0.38,-34.7,-9.82,67.2,78
1.02,-0.12,0.31,-11.89,-8.23,81.74,78
0.99,-0.14,0.27,24.54,-4.21,92.5,78
1.02,-0.12,0.28,60.24,1.95,98.93,78
1.07,-0.12,0.32,81.52,8.57,101.16,78
1.11,-0.11,0.34,85.37,15.06,101.83,78
1.11,-0.09,0.36,75.76,21.86,101.22,78
1.08,-0.07,0.35,56.86,28.48,98.69,78
1.03,-0.05,0.33,32.8,34.15,93.81,78
0.97,-0.05,0.29,9.3,37.04,87.35,78
0.91,-0.08,0.27,-7.74,37.62,80.67,78
0.86,-0.12,0.25,-16.07,37.53,75.15,78
0.81,-0.15,0.25,-17.96,36.68,70.55,78
0.76,-0.17,0.24,-15.37,35.67,67.29,78
0.73,-0.17,0.23,-9.15,34.51,65.43,78
0.7,-0.18,0.22,-0.4,33.38,64.12,78
0.67,-0.18,0.22,9.09,32.07,61.86,78
0.65,-0.17,0.22,17.5,29.91,58.48,78
0.63,-0.17,0.23,23.29,27.2,54.3,78
0.64,-0.17,0.23,26.1,24.33,48.69,78
0.66,-0.18,0.24,27.26,21.43,40.98,78
0.71,-0.18,0.25,27.38,19.05,31.4,78
0.76,-0.19,0.27,25.95,16.49,20.7,78
0.79,-0.19,0.28,22.93,13.32,9.88,78
0.79,-0.18,0.29,18.66,11.4,0.88,78
0.75,-0.15,0.28,11.92,10.27,-5.46,78
0.73,-0.14,0.27,3.66,8.75,-10.98,78
0.75,-0.15,0.27,-1.83,6.22,-17.65,78
0.77,-0.18,0.28,-1.04,3.08,-23.93,78
0.78,-0.21,0.3,4.18,-0.03,-28.6,78
0.78,-0.21,0.31,10,-2.23,-32.77,78
0.8,-0.21,0.31,14.51,-3.75,-37.77,78
0.81,-0.21,0.31,19.09,-5.15,-42.93,78
0.84,-0.19,0.31,24.21,-5.34,-47.8,78
0.92,-0.18,0.33,26.13,-4.73,-55.15,78
1.04,-0.19,0.35,22.68,-5.4,-66.62,78
1.17,-0.18,0.4,16.25,-7.53,-80.27,78
1.23,-0.15,0.44,6.98,-8.9,-92.68,78
1.14,-0.14,0.44,-9.36,-11.04,-95.73,78
0.96,-0.12,0.42,-31.16,-12.87,-85.88,78
0.81,-0.06,0.38,-50.09,-13.75,-70.76,78
0.72,-0.03,0.35,-60.85,-13.51,-57.65,78
0.71,-0.06,0.35,-60.52,-14.85,-56.13,78
0.78,-0.16,0.39,-49.21,-18.75,-66.25,78
0.85,-0.26,0.46,-30,-22.38,-71.55,78
0.87,-0.26,0.5,-10.88,-21.89,-62.87,78
0.86,-0.2,0.5,-0.55,-17.59,-50.64,78
0.86,-0.15,0.47,-1.89,-13.93,-46.28,78
0.89,-0.13,0.44,-7.53,-14.7,-48.66,78
0.92,-0.16,0.45,-7.41,-19.51,-52.35,78
0.92,-0.17,0.5,-1.07,-24.97,-54.6,78
0.91,-0.17,0.53,2.32,-27.5,-55.4,78
0.87,-0.17,0.52,-2.41,-27.77,-55.61,78
0.84,-0.19,0.49,-10.34,-28.93,-55.7,78
0.81,-0.2,0.46,-13.35,-30.55,-54.6,78
0.8,-0.2,0.44,-8.78,-31.52,-53.14,78
0.8,-0.2,0.44,1.01,-31.25,-53.35,78
0.81,-0.2,0.45,10.12,-30.34,-54.09,78
0.84,-0.19,0.46,14.05,-30.18,-52.74,78
0.87,-0.17,0.48,12.99,-30.7,-49.42,78
0.89,-0.16,0.48,10.21,-30.46,-45.09,78
0.91,-0.16,0.48,8.23,-29.3,-39.85,78
0.92,-0.14,0.47,7.9,-27.87,-33.17,78
0.93,-0.12,0.47,8.08,-26.1,-24.88,78
0.94,-0.1,0.47,7.01,-23.78,-16.49,78
0.94,-0.08,0.47,4.39,-21.1,-9.76,78
0.94,-0.09,0.47,0.58,-19.15,-3.84,78
0.96,-0.09,0.47,-3.2,-17.29,3.08,78
1,-0.09,0.49,-6.31,-14.42,9.18,78
1.06,-0.08,0.5,-8.29,-11.28,12.2,78
1.13,-0.08,0.51,-9.66,-7.44,14.15,78
1.19,-0.07,0.51,-12.35,-3.45,17.44,78
1.25,-0.06,0.5,-17.71,-0.4,22.01,78
1.32,-0.08,0.48,-22.96,0.95,24.48,78
1.37,-0.11,0.48,-20.73,-0.43,24.66,78
1.38,-0.13,0.49,-8.11,-1.68,29.91,78
1.35,-0.08,0.48,5.73,1.92,44.05,78
1.26,-0.02,0.43,11.52,9.05,60.82,78
1.16,0,0.35,12.23,14.45,75.88,78
1.07,-0.02,0.28,15.3,19.15,90.49,78
1.03,-0.03,0.24,23.96,23.32,101.04,78
1.04,-0.05,0.27,34.88,26.52,101.95,78
1.06,-0.08,0.3,40.73,28.9,95.88,78
1.07,-0.13,0.33,36.98,31.34,89.79,78
1.08,-0.16,0.34,24.48,34.94,85.91,78
1.05,-0.13,0.3,7.32,40.55,83.14,78
1,-0.11,0.25,-8.51,43.84,79.15,78
0.95,-0.11,0.2,-16.04,43.66,74.51,78
0.9,-0.13,0.18,-14.51,42.53,70.09,78
0.87,-0.15,0.19,-9.73,39.79,65.21,78
0.84,-0.16,0.21,-6.62,35.7,59.76,78
0.83,-0.18,0.23,-5.58,31.25,54.73,78
0.83,-0.18,0.23,-3.41,27.38,50.52,78
0.82,-0.19,0.23,1.77,23.51,46.46,78
0.79,-0.19,0.23,9.09,19.33,43.05,78
0.76,-0.17,0.22,16.59,16.1,41.34,78
0.74,-0.14,0.22,22.44,14.12,40.64,78
0.74,-0.13,0.23,25.82,13.17,39.27,78
0.72,-0.12,0.23,27.16,12.2,37.23,78
0.68,-0.13,0.24,26.52,10.37,35.4,78
0.65,-0.14,0.25,24.73,8.63,32.68,78
0.64,-0.15,0.26,22.71,7.62,28.08,78
0.65,-0.15,0.27,20.98,7.29,21.8,78
0.69,-0.16,0.28,19.91,7.13,14.3,78
0.73,-0.17,0.29,19.3,7.04,5.82,78
0.75,-0.18,0.3,17.96,7.04,-2.8,78
0.76,-0.18,0.31,15.79,6.4,-11.1,78
0.78,-0.18,0.31,13.23,6.98,-19.09,78
0.81,-0.18,0.32,10.88,8.35,-26.98,78
0.87,-0.17,0.31,8.29,9.39,-35.27,78
1,-0.18,0.33,4.51,9.63,-46.59,78
1.14,-0.16,0.37,-0.52,7.71,-60.88,78
1.19,-0.15,0.41,-9.91,3.81,-74.36,78
1.07,-0.18,0.43,-24.7,-3.93,-80.24,78
0.84,-0.16,0.4,-36.77,-11.19,-72.2,78
0.73,-0.13,0.38,-40.52,-14.09,-58.6,78
0.68,-0.09,0.36,-36.19,-12.56,-46.92,78
0.72,-0.1,0.38,-25.37,-15.98,-48.93,78
0.83,-0.15,0.43,-10.34,-20.98,-57.62,78
0.92,-0.19,0.5,4.12,-21.4,-58.05,78
0.96,-0.16,0.53,15,-18.29,-49.73,78
0.92,-0.1,0.52,17.53,-12.44,-40.34,78
0.87,-0.06,0.49,8.11,-7.1,-35.12,78
0.86,-0.05,0.45,-7.74,-5.49,-35.95,78
0.88,-0.08,0.43,-19.6,-7.32,-41.49,78
0.89,-0.11,0.47,-21.92,-10.61,-47.23,78
0.88,-0.16,0.5,-18.6,-12.2,-50.34,78
0.86,-0.19,0.52,-17.13,-13.2,-51.68,78
0.84,-0.19,0.52,-21.31,-13.69,-52.44,78
0.82,-0.19,0.48,-26.16,-13.32,-53.35,78
0.8,-0.2,0.44,-25.27,-13.87,-54.91,78
0.79,-0.2,0.42,-18.2,-15.82,-57.62,78
0.79,-0.21,0.44,-10.12,-17.93,-61.16,78
0.81,-0.21,0.45,-5.43,-19.91,-63.81,78
0.84,-0.21,0.46,-3.48,-21.37,-65.27,78
0.87,-0.2,0.47,-1.4,-22.47,-65.06,78
0.88,-0.19,0.47,1.77,-23.23,-62.38,78
0.89,-0.18,0.47,4.42,-23.57,-57.23,78
0.9,-0.16,0.47,5.18,-23.11,-51.4,78
0.91,-0.15,0.47,4.85,-22.56,-45.64,78
0.92,-0.14,0.46,5.82,-22.2,-39.05,78
0.91,-0.14,0.46,7.96,-21.71,-30.91,78
0.9,-0.14,0.47,9.79,-20.98,-22.13,78
0.91,-0.14,0.48,10.73,-19.85,-14.39,78
0.94,-0.14,0.49,11.68,-18.29,-8.51,78
0.98,-0.14,0.51,12.74,-16.34,-3.35,78
1.01,-0.13,0.52,11.74,-13.17,2.68,78
1.03,-0.1,0.51,7.84,-9.85,8.69,78
1.09,-0.08,0.5,2.32,-6.62,13.48,78
1.17,-0.08,0.51,-2.71,-4.39,15.61,78
1.27,-0.11,0.52,-4.76,-4.97,15.67,78
1.39,-0.14,0.55,-1.83,-6.98,15.18,78
1.54,-0.17,0.6,4.85,-9.27,14.39,78
1.56,-0.15,0.62,11.83,-9.51,17.8,78
1.4,-0.09,0.58,12.1,-10.43,32.01,78
1.17,-0.05,0.49,6.34,-10.52,53.45,78
0.99,-0.06,0.39,7.35,-8.6,71.25,78
0.89,-0.08,0.31,23.26,-3.9,83.14,78
0.89,-0.1,0.28,49.39,2.71,88.81,78
0.98,-0.12,0.31,74.94,8.99,87.38,78
1.08,-0.13,0.36,90.64,14.54,83.87,78
1.13,-0.12,0.41,91.4,20.55,82.71,78
1.1,-0.11,0.42,76.46,27.53,82.74,78
1.04,-0.09,0.39,49.24,34.88,81.59,78
0.99,-0.04,0.32,18.66,40.3,79.15,78
0.93,-0.05,0.26,-3.41,41.71,77.01,78
0.89,-0.09,0.22,-10.91,41.77,76.13,78
0.84,-0.11,0.2,-8.11,42.35,76.16,78
0.79,-0.12,0.2,-4.3,41.1,76.62,78
0.76,-0.15,0.21,-2.01,37.99,77.41,78
0.73,-0.17,0.2,1.28,35.15,78.87,78
0.69,-0.17,0.2,6.77,32.96,81.43,78
0.66,-0.17,0.19,13.02,30.18,83.35,78
0.64,-0.17,0.18,19.48,27.59,83.02,78
0.62,-0.17,0.17,25.64,25.18,80.88,78
0.64,-0.16,0.18,30.58,22.47,77.47,78
0.68,-0.16,0.18,33.29,20.37,72.65,78
0.72,-0.16,0.18,33.81,17.99,66.01,78
0.79,-0.17,0.2,32.01,15.3,56.89,78
0.91,-0.17,0.23,27.07,12.16,42.56,78
1,-0.19,0.27,19.88,9.27,24.36,78
0.99,-0.19,0.29,9.57,7.99,9.85,78
0.89,-0.14,0.27,-5.76,6.28,3.66,78
0.8,-0.1,0.24,-22.13,3.14,-0.27,78
0.75,-0.12,0.21,-29.66,0.49,-2.8,78
0.72,-0.14,0.2,-24.85,-2.9,-3.38,78
0.7,-0.15,0.23,-12.96,-7.41,-4.85,78
0.71,-0.2,0.26,-0.3,-12.23,-9.48,78
0.74,-0.21,0.29,8.51,-16.43,-14.91,78
0.77,-0.2,0.32,11.86,-21.1,-20.58,78
0.82,-0.22,0.33,14.05,-25.43,-29.18,78
0.84,-0.21,0.34,19.3,-27.56,-39.48,78
0.85,-0.17,0.36,24.09,-27.01,-48.81,78
0.89,-0.14,0.38,23.93,-24.05,-56.46,78
0.98,-0.11,0.4,18.23,-18.51,-65.85,78
1.08,-0.12,0.41,9.02,-12.56,-79.88,78
1.18,-0.13,0.42,-1.98,-9.97,-96.28,78
1.24,-0.11,0.44,-17.16,-9.82,-110.79,78
1.2,-0.09,0.47,-38.23,-11.49,-119.7,78
1.04,-0.09,0.48,-61.4,-13.99,-119.85,78
0.84,-0.09,0.46,-80.06,-12.2,-110.3,78
0.71,-0.09,0.41,-91.65,-8.87,-95.82,78
0.71,-0.13,0.36,-89.91,-9.76,-88.72,78
0.82,-0.21,0.37,-65.46,-15.18,-95.61,78
0.95,-0.3,0.45,-22.26,-20.91,-102.38,78
1.03,-0.31,0.52,19.73,-22.35,-93.96,78
1.04,-0.23,0.57,40.95,-21.19,-77.96,78
1.02,-0.15,0.56,39.3,-19.66,-67.62,78
0.98,-0.11,0.53,25.76,-17.96,-64.88,78
0.92,-0.12,0.52,12.26,-18.29,-64.73,78
0.9,-0.15,0.52,2.07,-21.13,-65.73,78
0.87,-0.16,0.52,-3.6,-21.19,-68.41,78
0.84,-0.19,0.51,-5.34,-19.54,-69.12,78
0.83,-0.23,0.51,-3.93,-17.8,-65.43,78
0.83,-0.26,0.5,0.95,-15.61,-58.96,78
0.83,-0.27,0.49,11.31,-13.29,-51.01,78
0.84,-0.26,0.48,26.16,-11.25,-42.35,78
0.86,-0.23,0.49,40.3,-9.73,-34.09,78
0.87,-0.2,0.51,48.45,-8.14,-26.07,78
0.88,-0.17,0.51,48.41,-5.4,-17.5,78
0.88,-0.16,0.51,43.51,-3.02,-9.12,78
0.89,-0.15,0.5,38.38,-0.67,-0.76,78
0.9,-0.14,0.5,35.55,2.2,8.11,78
0.9,-0.14,0.49,35.06,4.82,16.8,78
0.9,-0.15,0.49,36.4,7.13,25.06,78
0.89,-0.14,0.49,38.41,9.91,33.69,78
0.92,-0.14,0.48,40.06,12.8,40.85,78
1,-0.13,0.49,41.07,14.39,45.03,78
1.09,-0.11,0.52,42.13,15.09,47.59,78
1.18,-0.11,0.54,41.89,15.85,50.95,78
1.26,-0.11,0.54,38.51,16.34,54.42,78
1.36,-0.12,0.53,33.23,14.85,55.91,78
1.48,-0.14,0.53,30.06,10.7,54.6,78
1.58,-0.17,0.53,33.26,4.02,53.05,78
1.54,-0.2,0.52,44.02,-3.96,54.76,78
1.39,-0.18,0.5,55.61,-10.52,64.42,78
1.22,-0.15,0.43,62.65,-11.55,78.93,78
1.05,-0.15,0.34,72.74,-9.82,91.31,78
0.94,-0.17,0.24,93.75,-6.68,102.44,78
0.92,-0.18,0.17,123.08,-1.01,111.89,78
1,-0.18,0.16,153.41,5.15,112.62,78
1.1,-0.18,0.2,177.35,10.79,107.13,78
1.13,-0.15,0.25,186.43,18.72,105.52,78
1.1,-0.12,0.27,174.6,28.08,106.16,78
1.01,-0.09,0.25,145.03,35.79,101.37,78
0.92,-0.06,0.21,107.77,40.76,93.17,78
0.83,-0.06,0.16,71.25,43.48,88.54,78
0.76,-0.1,0.13,42.41,42.65,86.59,78
0.71,-0.14,0.1,27.2,39.27,82.9,78
0.68,-0.19,0.1,24.42,36.55,76.95,78
0.65,-0.23,0.11,28.14,35.03,73.2,78
0.62,-0.24,0.1,33.75,33.35,73.17,78
0.6,-0.25,0.09,39.45,30.79,74.66,78
0.61,-0.25,0.07,45.64,27.87,74.97,78
0.63,-0.27,0.07,53.57,24.12,73.48,78
0.66,-0.29,0.08,63.23,19.48,71.86,78
0.68,-0.3,0.1,72.38,15.09,69.76,78
0.71,-0.31,0.12,78.14,10.43,66.62,78
0.73,-0.32,0.14,79.42,5.58,63.17,78
0.75,-0.33,0.16,77.47,0,59.57,78
0.78,-0.35,0.18,74.12,-5.91,55.15,78
0.8,-0.37,0.2,70.03,-11.8,50.06,78
0.83,-0.38,0.22,65.43,-17.65,45.49,78
0.84,-0.39,0.24,60.03,-23.99,42.53,78
0.85,-0.39,0.26,54.6,-30.4,41.71,78
0.86,-0.39,0.27,49.88,-36.71,41.25,78
0.88,-0.4,0.28,48.54,-42.59,40.67,78
0.91,-0.41,0.3,51.92,-47.53,40.46,78
0.92,-0.41,0.33,58.32,-51.1,40.34,78
0.92,-0.39,0.35,64.54,-53.84,41.1,78
0.92,-0.36,0.37,68.23,-54.51,43.54,78
0.9,-0.33,0.39,70.03,-53.78,46.01,78
0.88,-0.3,0.4,71.13,-51.68,48.23,78
0.89,-0.27,0.42,70.27,-48.02,49.39,78
0.95,-0.28,0.43,65.98,-43.41,46.46,78
1.07,-0.34,0.45,61.83,-42.5,37.8,78
1.1,-0.36,0.51,63.08,-46.31,29.6,78
1,-0.28,0.54,60.55,-45.95,30.95,78
0.9,-0.18,0.53,41.98,-40.88,38.78,78
0.89,-0.17,0.5,17.84,-39.09,41.37,78
0.88,-0.23,0.47,10.67,-41.74,39.21,78
0.83,-0.3,0.48,26.19,-41.65,41.59,78
0.77,-0.33,0.48,49.94,-37.01,47.41,78
0.74,-0.31,0.46,68.38,-28.78,50.79,78
0.75,-0.29,0.44,76.59,-21.65,53.26,78
0.78,-0.3,0.42,79.39,-18.75,55.76,78
0.82,-0.32,0.44,83.11,-19.42,54.66,78
0.86,-0.34,0.48,86.22,-21.65,47.62,78
0.88,-0.34,0.52,84.94,-22.99,38.69,78
0.85,-0.33,0.51,78.72,-22.29,32.44,78
0.8,-0.32,0.46,69.76,-20.49,28.99,78
0.76,-0.33,0.4,63.35,-19.45,26.37,78
0.75,-0.35,0.38,64.09,-21.25,25.55,78
0.74,-0.37,0.38,72.59,-22.47,27.2,78
0.74,-0.37,0.39,84.36,-21.01,28.51,78
0.75,-0.39,0.4,92.99,-18.54,28.11,78
0.76,-0.38,0.4,94.94,-16.86,26.8,78
0.77,-0.37,0.4,91.19,-15.95,24.21,78
0.77,-0.37,0.4,85.46,-14.88,20.3,78
0.75,-0.34,0.4,78.26,-12.5,17.35,78
0.73,-0.31,0.39,67.26,-10.09,15.95,78
0.72,-0.31,0.38,54.66,-8.99,15.43,78
0.73,-0.33,0.38,45.88,-9.12,16.55,78
0.75,-0.35,0.38,43.99,-9.39,18.32,78
0.77,-0.36,0.39,47.16,-9.27,19.39,78
0.79,-0.36,0.39,49.94,-9.51,19.24,78
0.8,-0.36,0.39,49.63,-12.2,18.72,78
0.81,-0.35,0.4,49.85,-17.5,18.23,78
0.83,-0.3,0.43,49.66,-21.37,17.56,78
0.83,-0.29,0.45,43.17,-25.24,14.79,78
0.81,-0.33,0.45,35.7,-32.47,10.21,78
0.77,-0.36,0.46,35.98,-39.82,6.8,78
0.75,-0.38,0.48,46.07,-45.49,4.7,78
0.76,-0.37,0.49,62.38,-48.63,2.56,78
0.79,-0.35,0.49,80.7,-49.15,0,78
0.83,-0.32,0.49,96.43,-48.72,-2.47,78
0.88,-0.28,0.52,107.62,-47.74,-3.35,78
0.91,-0.23,0.55,110.95,-44.88,-0.64,78
0.94,-0.2,0.55,104.51,-41.19,4.36,78
0.98,-0.17,0.53,95.88,-37.26,10.15,78
1.03,-0.19,0.49,94.6,-34.54,16.62,78
1.13,-0.21,0.47,106.28,-31.1,22.77,78
1.27,-0.2,0.46,126.13,-24.79,28.99,78
1.36,-0.16,0.49,142.71,-17.74,37.44,78
1.36,-0.12,0.5,145.61,-9.79,46.49,78
1.23,-0.06,0.46,130.18,-0.27,54.27,78
1.12,-0.05,0.39,100.52,10.58,57.71,78
1.06,-0.07,0.3,69.97,18.72,54.05,78
1.05,-0.12,0.25,51.83,19.91,45.37,78
1.04,-0.17,0.26,48.26,19.09,35.82,78
0.99,-0.23,0.27,50.49,19.24,27.13,78
0.9,-0.26,0.28,48.78,19.33,20.67,78
0.82,-0.21,0.27,38.23,19.05,16.86,78
0.73,-0.19,0.23,23.78,17.74,14.51,78
0.68,-0.22,0.19,16.43,13.81,12.44,78
0.67,-0.25,0.17,20.52,8.51,10.06,78
0.68,-0.26,0.18,32.16,4.39,6.16,78
0.73,-0.28,0.19,46.25,1.52,0.85,78
0.79,-0.31,0.18,60,-0.15,-3.6,78
0.86,-0.3,0.17,71.4,-2.07,-6.65,78
0.92,-0.27,0.18,78.17,-4.27,-9.48,78
0.97,-0.24,0.19,78.48,-7.29,-12.62,78
0.99,-0.21,0.21,72.9,-11.43,-14.12,78
1.01,-0.2,0.22,64.54,-15.43,-12.5,78
1.01,-0.18,0.23,55.7,-18.84,-8.93,78
0.98,-0.16,0.25,46.25,-22.87,-3.87,78
0.94,-0.16,0.26,36.83,-25.88,2.44,78
0.91,-0.18,0.26,30.4,-28.99,8.35,78
0.9,-0.18,0.27,30.21,-32.07,15.06,78
0.88,-0.18,0.28,35.09,-33.41,22.16,78
0.87,-0.18,0.28,41.13,-32.68,28.41,78
0.87,-0.16,0.29,44.7,-31.01,33.84,78
0.87,-0.15,0.3,45.15,-29.39,38.29,78
0.87,-0.15,0.3,44.18,-27.62,40.95,78
0.86,-0.14,0.31,41.95,-25.91,42.04,78
0.86,-0.13,0.32,36.89,-24.66,41.77,78
0.86,-0.13,0.33,28.57,-23.45,39.73,78
0.88,-0.13,0.35,18.45,-22.56,35.79,78
0.9,-0.14,0.35,8.9,-21.77,30.61,78
0.92,-0.16,0.36,1.55,-22.01,24.39,78
0.93,-0.18,0.36,-2.47,-23.11,17.68,78
0.92,-0.18,0.38,-3.54,-23.96,11.62,78
0.91,-0.18,0.38,-3.48,-24.57,6.83,78
0.92,-0.17,0.38,-3.9,-25.55,2.35,78
0.93,-0.17,0.39,-3.45,-27.29,-2.62,78
0.96,-0.17,0.4,-0.37,-29.24,-7.68,78
0.98,-0.17,0.42,4.66,-30.73,-12.01,78
1,-0.17,0.44,9.3,-31.43,-15.4,78
1.02,-0.16,0.44,12.47,-30.95,-18.38,78
1.06,-0.15,0.45,14.82,-29.85,-22.13,78
1.14,-0.15,0.46,17.5,-28.38,-27.07,78
1.24,-0.15,0.48,20.82,-26.74,-33.72,78
1.37,-0.16,0.5,23.93,-25.52,-41.92,78
1.5,-0.15,0.53,25.46,-23.17,-51.13,78
1.57,-0.14,0.54,23.11,-19.54,-57.99,78
1.53,-0.11,0.53,15.3,-17.1,-57.16,78
1.46,-0.08,0.5,3.69,-16.43,-49.51,78
1.36,-0.09,0.47,-3.63,-14.7,-40.82,78
1.23,-0.09,0.43,0.67,-12.65,-31.01,78
1.11,-0.07,0.42,13.02,-8.32,-16.8,78
0.99,-0.03,0.39,22.68,0.09,-0.37,78
0.92,-0.01,0.37,21.65,9.54,14.21,78
0.91,0.01,0.35,10.91,16.92,24.63,78
0.95,-0.02,0.34,-1.34,20.95,30.73,78
0.98,-0.07,0.34,-6.13,23.54,36.19,78
1,-0.1,0.35,-3.93,28.2,43.51,78
0.97,-0.08,0.35,-3.38,35.09,50.82,78
0.92,-0.09,0.32,-7.68,40.61,56.74,78
0.86,-0.11,0.29,-12.9,42.77,62.62,78
0.82,-0.11,0.27,-13.14,42.44,67.93,78
0.78,-0.12,0.27,-7.87,41.16,70.76,78
0.74,-0.13,0.28,-1.98,39.27,70.67,78
0.7,-0.14,0.3,0.27,36.83,70.27,78
0.65,-0.15,0.29,-0.55,34.76,71.62,78
0.59,-0.15,0.28,-1.59,33.29,73.66,78
0.55,-0.15,0.25,0.18,32.29,74.88,78
0.51,-0.14,0.22,5.37,31.16,75.12,78
0.5,-0.14,0.22,12.04,30.49,74.09,78
0.51,-0.14,0.22,17.44,30.46,71.83,78
0.53,-0.13,0.22,20.21,30.76,69.09,78
0.56,-0.13,0.23,20.15,30.88,66.04,78
0.58,-0.12,0.23,17.32,30.4,62.99,78
0.6,-0.12,0.24,11.55,28.99,59.45,78
0.65,-0.12,0.24,3.96,25.98,54.42,78
0.72,-0.14,0.25,-3.32,20.67,47.16,78
0.81,-0.18,0.26,-8.38,12.68,37.01,78
0.89,-0.22,0.29,-8.72,1.77,25.64,78
0.92,-0.23,0.32,-3.41,-9.21,16.8,78
0.87,-0.22,0.33,4.18,-17.99,10.82,78
0.83,-0.24,0.32,11.25,-24.05,9.54,78
0.89,-0.25,0.29,21.95,-30.98,3.38,78
0.96,-0.28,0.29,41.01,-37.23,-10.79,78
0.99,-0.27,0.33,62.68,-41.31,-24.94,78
1.01,-0.21,0.35,71.59,-41.71,-34.73,78
1,-0.16,0.34,62.41,-40.24,-40.49,78
1.02,-0.13,0.32,45.12,-40.79,-44.05,78
1.02,-0.14,0.31,32.13,-44.21,-46.92,78
1,-0.15,0.32,28.66,-49.73,-48.48,78
0.95,-0.14,0.36,31.19,-54.02,-47.01,78
0.91,-0.16,0.37,33.69,-55.34,-46.07,78
0.89,-0.19,0.36,35.55,-54.27,-46.62,78
0.89,-0.21,0.34,38.81,-53.23,-44.91,78
0.89,-0.2,0.34,44.36,-53.63,-41.28,78
0.91,-0.19,0.35,50.79,-53.66,-39.45,78
0.93,-0.19,0.37,54.94,-52.16,-41.1,78
0.95,-0.18,0.39,53.96,-50.21,-42.74,78
0.96,-0.17,0.39,47.29,-48.05,-43.08,78
0.95,-0.16,0.4,36.83,-46.19,-43.87,78
0.94,-0.15,0.4,24.82,-43.93,-45.21,78
0.92,-0.16,0.39,12.9,-41.52,-45.73,78
0.9,-0.17,0.38,3.05,-39.39,-45.12,78
0.91,-0.18,0.38,-2.44,-36.98,-44.24,78
0.94,-0.19,0.37,-1.98,-34.42,-43.75,78
0.98,-0.22,0.39,3.41,-31.92,-43.23,78
1.02,-0.23,0.4,10.06,-28.99,-41.37,78
1.04,-0.2,0.41,13.08,-25.09,-37.84,78
1.06,-0.17,0.41,10.82,-20.58,-34.63,78
1.07,-0.15,0.4,5.12,-16.68,-32.01,78
1.09,-0.15,0.4,-1.55,-13.2,-28.57,78
1.13,-0.14,0.39,-7.74,-9.21,-24.97,78
1.17,-0.15,0.4,-11.52,-5.49,-22.2,78
1.21,-0.15,0.39,-12.65,-1.89,-18.48,78
1.26,-0.15,0.39,-13.81,2.26,-13.38,78
1.32,-0.14,0.38,-15.4,5.91,-8.69,78
1.39,-0.13,0.38,-15.58,8.29,-4.82,78
1.44,-0.14,0.37,-14.05,10.46,0.15,78
1.45,-0.17,0.37,-9.63,10.82,5.03,78
1.42,-0.18,0.37,0.46,10.88,11.22,78
1.34,-0.14,0.37,12.96,15,21.19,78
1.21,-0.09,0.33,20.06,22.96,33.14,78
1.09,-0.04,0.29,17.13,29.48,45.73,78
0.99,-0.01,0.26,6.25,35.21,59.21,78
0.92,0.01,0.23,-6.86,39.3,70.12,78
0.92,-0.01,0.25,-15.58,39.66,74.15,78
0.97,-0.07,0.3,-16.77,38.57,72.41,78
1.01,-0.12,0.35,-13.08,39.63,70.73,78
1.03,-0.14,0.38,-11.43,43.48,72.01,78
1.02,-0.15,0.36,-14.21,48.93,75.95,78
0.99,-0.11,0.31,-18.02,54.21,80.64,78
0.94,-0.07,0.28,-17.96,57.13,84.15,78
0.89,-0.06,0.27,-12.35,57.5,84.85,78
0.85,-0.08,0.29,-4.36,57.56,83.14,78
0.81,-0.07,0.32,-1.22,57.5,80.37,78
0.78,-0.08,0.32,-5.7,55.91,77.59,78
0.75,-0.12,0.31,-11.86,52.29,74.18,78
0.73,-0.14,0.3,-12.5,47.5,69.63,78
0.74,-0.14,0.31,-7.16,43.45,63.96,78
0.73,-0.15,0.32,0,40.7,57.04,78
0.69,-0.14,0.31,4.76,37.65,51.65,78
0.64,-0.12,0.29,6.37,34.91,49.39,78
0.6,-0.11,0.27,7.04,32.04,48.84,78
0.58,-0.1,0.25,9.7,28.48,47.53,78
0.58,-0.1,0.26,14.57,24.82,43.48,78
0.58,-0.11,0.27,19.45,22.13,38.29,78
0.57,-0.12,0.28,21.49,19.51,34.76,78
0.56,-0.12,0.28,19.79,16.65,32.07,78
0.56,-0.12,0.28,15.12,13.63,26.83,78
0.59,-0.12,0.28,9.42,9.94,17.74,78
0.63,-0.13,0.29,3.63,5.67,6.71,78
0.67,-0.15,0.31,-2.47,0.52,-4.79,78
0.7,-0.16,0.33,-9.02,-5.73,-16.37,78
0.76,-0.18,0.34,-14.63,-13.54,-29.12,78
0.84,-0.2,0.36,-18.14,-23.02,-46.04,78
0.9,-0.22,0.38,-17.87,-32.35,-64.15,78
0.88,-0.22,0.39,-15.03,-40.46,-76.34,78
0.81,-0.19,0.4,-13.45,-48.93,-81.13,78
0.74,-0.17,0.37,-11.8,-55.55,-81.49,78
0.68,-0.18,0.34,-5.03,-59.94,-79.85,78
0.68,-0.19,0.3,9.33,-64.05,-76.59,78
0.72,-0.18,0.3,29.27,-68.2,-75.27,78
0.84,-0.21,0.33,50.52,-72.29,-81.1,78
0.96,-0.25,0.37,69.3,-73.69,-89.33,78
1.06,-0.24,0.42,81.43,-71.77,-93.41,78
1.12,-0.2,0.44,82.74,-66.92,-93.45,78
1.13,-0.15,0.44,71.07,-61.25,-92.93,78
1.16,-0.12,0.41,49.79,-55.58,-93.99,78
1.17,-0.12,0.38,27.44,-51.74,-95.76,78
1.19,-0.13,0.38,10.82,-51.4,-96.16,78
1.16,-0.12,0.39,0.12,-48.93,-91.95,78
1.13,-0.13,0.38,-7.29,-45.37,-83.54,78
1.09,-0.15,0.38,-13.78,-42.5,-72.04,78
1.05,-0.16,0.37,-18.72,-39.97,-57.77,78
1,-0.19,0.35,-18.08,-37.38,-42.68,78
0.98,-0.21,0.34,-8.99,-33.99,-28.99,78
0.96,-0.22,0.33,4.7,-28.9,-17.62,78
0.96,-0.21,0.34,15.76,-24.12,-7.16,78
0.95,-0.19,0.34,20,-19.54,2.84,78
0.94,-0.18,0.34,19.51,-13.9,10.34,78
0.95,-0.17,0.34,17.8,-7.77,14.51,78
0.97,-0.15,0.34,13.87,-1.65,17.01,78
0.98,-0.13,0.34,4.27,3.78,18.69,78
0.99,-0.13,0.34,-10.12,8.23,18.69,78
0.99,-0.14,0.33,-25.52,11.25,17.71,78
0.99,-0.16,0.32,-37.26,12.8,17.87,78
0.98,-0.16,0.31,-43.66,14.02,19.63,78
0.98,-0.17,0.3,-45.7,14.33,21.04,78
1,-0.19,0.3,-43.75,13.93,22.1,78
1.02,-0.19,0.31,-37.99,13.51,23.38,78
1.05,-0.19,0.31,-29.27,13.32,25.64,78
1.08,-0.18,0.32,-19.24,13.48,28.57,78
1.11,-0.16,0.33,-9.82,14.42,31.74,78
1.16,-0.13,0.33,-3.29,16.07,34.66,78
1.23,-0.1,0.33,-1.31,18.75,36.16,78
1.3,-0.08,0.33,-3.29,21.01,35.52,78
1.39,-0.09,0.32,-7.38,21.65,33.35,78
1.47,-0.13,0.34,-10.49,19.51,29.42,78
1.52,-0.17,0.37,-8.66,15.27,23.6,78
1.51,-0.17,0.41,-2.84,13.66,19.39,78
1.4,-0.11,0.41,-2.47,17.16,20.06,78
1.24,-0.06,0.36,-12.32,21.55,24.45,78
1.1,-0.05,0.31,-23.14,22.77,32.9,78
0.99,-0.03,0.26,-25.03,23.17,45.64,78
0.93,-0.01,0.27,-18.05,23.38,53.54,78
0.93,-0.04,0.3,-8.96,23.75,51.13,78
0.97,-0.11,0.35,-2.13,23.75,43.84,78
0.99,-0.14,0.38,2.56,24.39,41.46,78
0.96,-0.14,0.39,6.07,26.74,44.6,78
0.91,-0.11,0.37,7.16,31.34,47.44,78
0.84,-0.08,0.33,4.54,35.46,47.99,78
0.78,-0.06,0.3,0.82,37.59,47.68,78
0.73,-0.08,0.29,0.98,37.96,46.28,78
0.7,-0.09,0.29,6.31,37.87,43.75,78
0.68,-0.09,0.31,12.53,38.78,41.1,78
0.66,-0.11,0.32,15.21,39.51,38.69,78
0.64,-0.12,0.31,14.73,38.57,37.26,78
0.62,-0.12,0.31,14.18,36.43,36.16,78
0.62,-0.13,0.31,17.04,33.93,32.87,78
0.62,-0.13,0.32,23.29,31.77,26.83,78
0.61,-0.13,0.33,29.24,29.79,20.43,78
0.61,-0.11,0.35,30.95,28.32,14.7,78
0.62,-0.1,0.35,28.17,27.13,8.05,78
0.62,-0.11,0.35,24.48,24.6,0,78
0.64,-0.12,0.36,23.17,20.52,-8.38,78
0.67,-0.14,0.38,25,16.1,-16.86,78
0.7,-0.15,0.41,28.84,10.95,-25.52,78
0.74,-0.16,0.43,33.45,4.94,-34.09,78
0.78,-0.16,0.46,37.74,-1.22,-41.16,78
0.8,-0.15,0.47,41.46,-7.41,-46.25,78
0.8,-0.14,0.47,45.82,-14.05,-49.24,78
0.78,-0.12,0.48,52.23,-20.43,-48.51,78
0.76,-0.09,0.49,60.15,-24.42,-44.39,78
0.76,-0.07,0.5,67.41,-26.07,-39.15,78
0.8,-0.06,0.5,73.11,-26.19,-34.91,78
0.83,-0.06,0.49,78.23,-25.24,-32.41,78
0.86,-0.06,0.48,82.74,-24.39,-30.3,78
0.88,-0.06,0.48,83.48,-24.7,-28.87,78
0.88,-0.04,0.5,75.43,-25.43,-28.51,78
0.88,-0.04,0.51,58.99,-26.71,-29.02,78
0.88,-0.05,0.52,39.33,-27.47,-30.58,78
0.86,-0.08,0.51,23.75,-26.98,-32.26,78
0.8,-0.1,0.49,16.13,-24.63,-30.91,78
0.73,-0.09,0.45,12.8,-20.7,-25.76,78
0.69,-0.09,0.42,8.78,-16.77,-18.87,78
0.66,-0.08,0.39,3.78,-14.18,-12.62,78
0.65,-0.06,0.37,-1.25,-12.53,-6.16,78
0.64,-0.07,0.36,-5.88,-12.44,0.95,78
0.67,-0.09,0.36,-9.12,-13.35,6.8,78
0.75,-0.13,0.37,-9.82,-13.93,8.35,78
0.83,-0.18,0.38,-6.89,-14.63,6.22,78
0.91,-0.2,0.39,-0.46,-15.09,3.48,78
0.99,-0.22,0.41,5.7,-13.72,0.27,78
1.05,-0.22,0.42,6.55,-10.98,-3.81,78
1.1,-0.17,0.42,-0.55,-8.26,-7.84,78
1.15,-0.12,0.41,-14.66,-5.82,-10.3,78
1.18,-0.08,0.4,-31.55,-4.39,-12.2,78
1.16,-0.08,0.39,-47.1,-5.43,-12.47,78
1.11,-0.1,0.39,-58.69,-9.63,-7.1,78
1.04,-0.1,0.39,-64.79,-14.18,4.09,78
0.97,-0.1,0.38,-63.84,-17.93,17.44,78
0.91,-0.1,0.38,-54.88,-21.62,29.97,78
0.86,-0.12,0.38,-39.05,-23.93,40.18,78
0.83,-0.16,0.37,-20.21,-24.91,47.68,78
0.81,-0.18,0.38,-2.77,-26.31,53.84,78
0.81,-0.14,0.39,9.97,-27.1,59.24,78
0.81,-0.14,0.39,18.02,-24.94,60.76,78
0.83,-0.15,0.38,24.15,-22.62,56.13,78
0.85,-0.15,0.39,27.93,-20.46,48.9,78
0.87,-0.14,0.41,26.1,-17.87,42.16,78
0.88,-0.11,0.42,17.13,-15.24,35.52,78
0.91,-0.09,0.42,2.62,-12.2,27.53,78
0.94,-0.08,0.41,-12.59,-9.3,17.87,78
0.98,-0.09,0.4,-24.27,-7.01,7.74,78
1.03,-0.1,0.42,-31.98,-4.94,-1.22,78
1.1,-0.11,0.42,-38.14,-3.87,-10.82,78
1.18,-0.14,0.44,-41.74,-3.35,-20.52,78
1.26,-0.15,0.45,-42.07,-2.47,-29.12,78
1.33,-0.14,0.46,-40.85,-0.88,-35.73,78
1.4,-0.12,0.45,-40.88,1.16,-40.88,78
1.49,-0.12,0.44,-42.71,2.41,-45.7,78
1.58,-0.14,0.44,-42.47,1.55,-51.31,78
1.66,-0.18,0.47,-35.73,-2.29,-58.11,78
1.59,-0.18,0.5,-23.08,-4.88,-61.8,78
1.4,-0.14,0.48,-13.66,-3.17,-55.95,78
1.15,-0.09,0.43,-14.33,1.74,-40.43,78
0.93,-0.05,0.34,-19.02,5.64,-19.36,78
0.79,-0.03,0.26,-18.99,9.54,-2.13,78
0.76,-0.02,0.23,-11.01,13.6,2.93,78
0.81,-0.05,0.27,0.82,14.57,-4.18,78
0.87,-0.12,0.34,8.72,14.27,-9.94,78
0.89,-0.16,0.39,7.71,17.04,-7.16,78
0.89,-0.17,0.4,-2.87,22.96,-2.23,78
0.87,-0.14,0.36,-18.48,31.1,-0.85,78
0.85,-0.11,0.3,-32.9,37.35,-1.1,78
0.81,-0.08,0.27,-42.38,40.43,0.43,78
0.77,-0.09,0.27,-46.37,41.83,2.1,78
0.74,-0.1,0.28,-47.9,42.74,2.8,78
0.73,-0.11,0.29,-50.73,42.77,3.69,78
0.74,-0.13,0.3,-54.94,40.37,5.55,78
0.75,-0.15,0.3,-57.16,36.65,8.6,78
0.75,-0.17,0.3,-54.36,33.48,12.44,78
0.73,-0.17,0.3,-46.43,30.52,16.68,78
0.71,-0.16,0.29,-35.67,27.62,21.34,78
0.69,-0.15,0.29,-24.12,25.18,25.76,78
0.67,-0.13,0.3,-13.87,22.47,28.96,78
0.66,-0.13,0.31,-6.98,19.7,30.7,78
0.65,-0.12,0.32,-4.18,17.5,31.52,78
0.64,-0.12,0.33,-3.99,16.01,31.22,78
0.65,-0.11,0.33,-4.85,15.27,29.66,78
0.68,-0.11,0.34,-6.37,14.97,26.1,78
0.71,-0.11,0.34,-8.99,13.66,21.04,78
0.74,-0.12,0.36,-12.13,10.98,15.67,78
0.77,-0.12,0.38,-14.91,7.77,10.18,78
0.79,-0.12,0.41,-16.98,4.09,5.67,78
0.77,-0.12,0.41,-17.62,0.52,4.66,78
0.73,-0.1,0.39,-16.59,-3.48,6.77,78
0.71,-0.11,0.38,-13.35,-9.09,7.44,78
0.72,-0.13,0.38,-5.49,-15.7,5.24,78
0.78,-0.16,0.4,7.07,-22.71,0.76,78
0.86,-0.19,0.44,20.46,-30.21,-6.62,78
0.93,-0.19,0.47,31.74,-38.14,-15.95,78
0.93,-0.19,0.5,38.26,-43.96,-23.54,78
0.84,-0.19,0.47,38.08,-47.41,-26.43,78
0.73,-0.15,0.42,33.26,-48.51,-24.82,78
0.63,-0.12,0.36,29.54,-46.8,-20.46,78
0.6,-0.13,0.32,32.13,-45.06,-20.58,78
0.7,-0.16,0.32,42.93,-44.02,-31.8,78
0.86,-0.2,0.36,58.41,-42.04,-48.35,78
1.03,-0.23,0.43,71.65,-37.68,-60.88,78
1.16,-0.19,0.49,72.93,-28.48,-68.9,78
1.18,-0.12,0.48,50.82,-15.43,-72.01,78
1.13,-0.04,0.42,5.88,-6.62,-70.21,78
1.09,-0.03,0.36,-43.51,-3.11,-69.94,78
1.09,-0.06,0.3,-76.28,-2.01,-70.46,78
1.08,-0.11,0.3,-85.37,-2.29,-67.41,78
1.07,-0.16,0.33,-79.48,-5.4,-61.65,78
1.06,-0.21,0.37,-69.76,-8.48,-52.99,78
1.04,-0.25,0.37,-60.37,-8.41,-40.3,78
1.02,-0.26,0.34,-46.98,-7.01,-24.02,78
0.99,-0.25,0.3,-25.98,-6.8,-6.07,78
0.94,-0.23,0.27,0,-7.74,10.34,78
0.92,-0.2,0.27,24.79,-8.26,22.07,78
0.91,-0.18,0.29,41.01,-8.57,28.51,78
0.91,-0.16,0.32,45.58,-8.17,32.2,78
0.91,-0.15,0.33,41.46,-7.32,34.3,78
0.9,-0.14,0.34,32.96,-5.46,34.48,78
0.89,-0.14,0.34,21.19,-3.38,32.47,78
0.87,-0.15,0.33,7.07,-1.71,29.73,78
0.86,-0.15,0.32,-6.4,-0.58,26.71,78
0.88,-0.16,0.3,-15.73,-0.49,21.68,78
0.91,-0.18,0.31,-19.57,-0.52,14.7,78
0.95,-0.19,0.33,-20.06,-0.37,7.77,78
0.99,-0.19,0.34,-20.88,0.09,2.29,78
1.01,-0.17,0.34,-24.24,0.52,-0.95,78
1.03,-0.15,0.34,-29.33,0.52,-2.35,78
1.05,-0.14,0.33,-32.2,-0.95,-4.33,78
1.11,-0.15,0.34,-29.79,-3.87,-8.63,78
1.19,-0.17,0.38,-23.51,-7.16,-13.17,78
1.26,-0.16,0.42,-16.52,-9.15,-14.88,78
1.31,-0.14,0.42,-10.88,-8.78,-13.63,78
1.35,-0.12,0.41,-5.73,-7.53,-12.04,78
1.4,-0.12,0.4,0.15,-7.26,-11.4,78
1.47,-0.13,0.43,9.42,-8.81,-13.17,78
1.49,-0.15,0.47,22.35,-10.58,-17.16,78
1.4,-0.14,0.49,33.38,-9.85,-18.35,78
1.26,-0.1,0.48,34.15,-5.61,-12.16,78
1.12,-0.01,0.43,23.02,1.83,-0.37,78
0.98,0.03,0.37,7.29,9.66,12.07,78
0.9,0.04,0.33,-4.82,15.15,21.4,78
0.88,0.02,0.33,-10.7,17.56,24.21,78
0.92,-0.03,0.36,-9.97,18.35,21.34,78
0.95,-0.1,0.4,-5.43,20.49,19.18,78
0.95,-0.12,0.43,-1.83,24.79,22.8,78
0.92,-0.11,0.42,-4.36,30.4,29.66,78
0.88,-0.1,0.37,-10.98,35.52,34.94,78
0.85,-0.08,0.33,-13.51,37.9,37.26,78
0.8,-0.08,0.32,-8.35,37.65,38.75,78
0.75,-0.1,0.33,-0.61,37.04,40.21,78
0.7,-0.1,0.34,2.2,36.59,41.46,78
0.67,-0.1,0.34,-1.1,35.91,42.77,78
0.66,-0.11,0.32,-4.6,34.91,43.48,78
0.67,-0.13,0.31,-3.38,33.81,42.77,78
0.67,-0.14,0.31,2.2,32.77,41.74,78
0.65,-0.13,0.3,7.65,31.92,42.1,78
0.62,-0.11,0.3,9.48,31.74,43.57,78
0.59,-0.1,0.28,8.63,31.65,44.42,78
0.57,-0.1,0.28,7.53,31.04,43.54,78
0.56,-0.1,0.28,7.23,30.21,40.98,78
0.56,-0.11,0.29,6.13,28.99,37.56,78
0.57,-0.12,0.3,2.87,27.5,33.87,78
0.6,-0.13,0.29,-1.59,25.27,28.17,78
0.63,-0.15,0.3,-5.21,22.01,20.24,78
0.67,-0.15,0.31,-7.07,17.59,11.25,78
0.72,-0.17,0.34,-8.78,12.23,2.07,78
0.76,-0.17,0.36,-12.13,6.49,-6.4,78
0.79,-0.16,0.37,-16.37,-0.24,-12.9,78
0.81,-0.15,0.38,-19.63,-8.26,-18.48,78
0.82,-0.17,0.37,-18.26,-16.31,-21.77,78
0.86,-0.17,0.38,-11.07,-25.37,-23.48,78
0.93,-0.18,0.41,0.52,-35.37,-26.89,78
0.99,-0.21,0.44,15.09,-44.3,-32.26,78
0.99,-0.21,0.45,31.46,-50.82,-34.27,78
0.9,-0.2,0.44,45.3,-53.84,-29.09,78
0.79,-0.16,0.41,53.11,-51.95,-19.15,78
0.7,-0.11,0.35,56.25,-46.68,-8.48,78
0.67,-0.09,0.31,58.05,-41.77,-2.84,78
0.73,-0.08,0.3,58.66,-37.96,-4.85,78
0.86,-0.1,0.32,57.74,-35.82,-11.74,78
1.01,-0.14,0.37,55.7,-34.24,-20.55,78
1.14,-0.17,0.44,50.64,-31.07,-31.22,78
1.18,-0.17,0.48,38.11,-24.27,-40.18,78
1.11,-0.13,0.47,11.04,-17.53,-43.87,78
1.01,-0.11,0.42,-27.44,-14.33,-43.41,78
0.94,-0.09,0.35,-60.06,-13.9,-43.72,78
0.91,-0.13,0.31,-74.48,-15.7,-46.4,78
0.9,-0.18,0.31,-70.37,-17.77,-47.62,78
0.92,-0.22,0.34,-56.25,-20.46,-46.77,78
0.95,-0.26,0.36,-39.76,-22.68,-44.57,78
0.99,-0.28,0.37,-21.92,-23.63,-39.97,78
1,-0.27,0.36,-2.35,-22.96,-32.13,78
0.99,-0.24,0.34,16.16,-21.49,-23.75,78
0.97,-0.19,0.34,28.57,-20.12,-17.04,78
0.96,-0.15,0.35,31.62,-18.75,-12.96,78
0.96,-0.14,0.36,27.16,-17.1,-10.98,78
0.96,-0.14,0.36,18.38,-14.88,-10.49,78
0.96,-0.15,0.36,7.87,-12.04,-10.98,78
0.95,-0.16,0.35,-1.92,-8.9,-11.31,78
0.93,-0.17,0.34,-9.24,-5.85,-10.4,78
0.92,-0.17,0.33,-14.51,-3.63,-9.02,78
0.9,-0.17,0.32,-17.74,-2.26,-7.13,78
0.91,-0.18,0.32,-18.6,-1.31,-5.67,78
0.92,-0.19,0.32,-17.01,-1.07,-4.94,78
0.94,-0.19,0.32,-13.78,-0.88,-4.21,78
0.97,-0.18,0.33,-11.07,0.37,-3.38,78
0.98,-0.18,0.31,-10.12,1.37,-2.53,78
0.99,-0.18,0.31,-9.57,1.65,-1.31,78
1.03,-0.17,0.31,-7.59,2.13,-0.27,78
1.09,-0.17,0.32,-3.38,2.56,-0.85,78
1.16,-0.16,0.33,1.07,3.14,-2.13,78
1.21,-0.14,0.35,1.65,4.18,-2.38,78
1.25,-0.12,0.36,-2.8,5.03,-0.91,78
1.27,-0.11,0.36,-8.96,5.43,1.25,78
1.29,-0.1,0.35,-13.87,6.25,3.35,78
1.32,-0.1,0.35,-16.43,6.98,4.12,78
1.35,-0.12,0.35,-16.37,6.37,3.9,78
1.4,-0.13,0.36,-14.54,5.18,3.26,78
1.41,-0.16,0.38,-10.64,3.51,1.62,78
1.36,-0.17,0.41,-3.35,1.4,0.73,78
1.26,-0.12,0.42,3.05,2.84,4.15,78
1.12,-0.06,0.39,0.3,7.68,12.9,78
0.98,-0.01,0.34,-9.82,11.92,26.62,78
0.88,0.01,0.3,-19.3,14.54,39.42,78
0.87,0,0.29,-22.5,15.55,44.6,78
0.93,-0.05,0.33,-17.71,14.54,40.7,78
1,-0.11,0.39,-7.07,13.02,35.98,78
1.02,-0.16,0.44,4.12,14.05,38.17,78
0.97,-0.15,0.44,9.6,19.09,45.03,78
0.91,-0.11,0.4,6.74,25.82,50.85,78
0.86,-0.05,0.34,1.28,30.43,54.82,78
0.81,-0.04,0.3,0.76,31.68,57.93,78
0.76,-0.05,0.3,6.13,31.16,59.91,78
0.72,-0.05,0.33,11.37,31.37,59.66,78
0.7,-0.06,0.35,10.76,32.23,56.98,78
0.69,-0.1,0.35,5.61,33.2,53.63,78
0.66,-0.11,0.34,-0.46,33.81,52.04,78
0.62,-0.12,0.31,-4.12,33.9,52.07,78
0.58,-0.12,0.29,-3.66,34.42,50.7,78
0.56,-0.11,0.29,-0.09,34.79,46.19,78
0.55,-0.11,0.29,3.51,35.06,39.79,78
0.55,-0.12,0.3,4.33,35.18,33.51,78
0.56,-0.11,0.31,1.4,35.06,28.14,78
0.58,-0.11,0.31,-4.15,34.24,22.26,78
0.6,-0.12,0.3,-9.45,32.1,14.7,78
0.63,-0.13,0.31,-12.96,29.15,5.91,78
0.66,-0.14,0.31,-15.09,24.97,-3.81,78
0.71,-0.16,0.33,-16.8,19.6,-14.39,78
0.74,-0.18,0.35,-18.32,13.14,-25.18,78
0.75,-0.18,0.36,-19.57,5.43,-33.38,78
0.76,-0.18,0.37,-20.27,-3.32,-40.88,78
0.77,-0.19,0.37,-17.65,-11.46,-47.59,78
0.76,-0.18,0.37,-10.21,-18.57,-51.62,78
0.77,-0.16,0.37,-1.34,-25.49,-52.87,78
0.79,-0.16,0.37,5.91,-31.86,-53.11,78
0.85,-0.16,0.39,12.1,-38.05,-54.42,78
0.93,-0.16,0.4,18.57,-44.15,-57.99,78
0.99,-0.18,0.43,25.88,-48.93,-62.84,78
1,-0.18,0.44,32.29,-51.1,-65.18,78
0.93,-0.17,0.43,34.39,-49.79,-61.83,78
0.84,-0.15,0.4,33.32,-47.04,-55.88,78
0.78,-0.13,0.36,31.74,-43.99,-50.55,78
0.75,-0.12,0.33,31.62,-41.8,-45.7,78
0.77,-0.11,0.33,32.74,-41.1,-42.26,78
0.81,-0.13,0.34,34.66,-41.43,-40.98,78
0.86,-0.17,0.37,36.62,-41.07,-39.02,78
0.95,-0.2,0.4,36.8,-38.38,-35.82,78
1.06,-0.2,0.41,35.37,-34.02,-34.51,78
1.17,-0.21,0.42,35.12,-30.52,-37.01,78
1.19,-0.2,0.43,35.24,-27.01,-38.69,78
1.14,-0.17,0.43,26.46,-22.87,-35.03,78
1.07,-0.12,0.4,7.68,-18.08,-27.26,78
1.09,-0.12,0.37,-10.73,-14.57,-23.78,78
1.13,-0.15,0.35,-17.96,-12.23,-23.63,78
1.14,-0.19,0.38,-13.14,-12.29,-20.67,78
1.11,-0.21,0.4,-5.79,-11.28,-12.9,78
1.05,-0.18,0.4,-6.04,-8.51,-3.14,78
0.97,-0.15,0.35,-12.74,-6.16,6.68,78
0.92,-0.15,0.32,-15.55,-5.34,14.91,78
0.9,-0.18,0.32,-9.3,-6.04,20.15,78
0.88,-0.18,0.35,0.49,-6.46,24.05,78
0.86,-0.18,0.36,6.83,-5.49,27.99,78
0.84,-0.18,0.36,8.38,-3.6,31.65,78
0.83,-0.18,0.35,9.15,-1.43,33.41,78
0.84,-0.18,0.33,11.89,0.61,33.51,78
0.86,-0.17,0.34,15.49,3.08,31.98,78
0.88,-0.16,0.34,16.16,5.79,28.54,78
0.9,-0.15,0.35,12.07,8.6,23.9,78
0.92,-0.15,0.35,3.99,11.31,19.21,78
0.93,-0.14,0.34,-6.16,13.78,14.79,78
0.95,-0.14,0.32,-16.01,15.67,11.01,78
0.96,-0.14,0.31,-23.45,16.71,7.8,78
0.97,-0.16,0.3,-26.86,16.68,5.3,78
0.99,-0.17,0.3,-25.91,15.79,3.26,78
1.06,-0.16,0.3,-22.59,15.03,1.59,78
1.15,-0.16,0.32,-19.51,14.39,-0.95,78
1.26,-0.15,0.34,-17.26,13.23,-4.3,78
1.34,-0.16,0.37,-15.95,12.29,-6.65,78
1.38,-0.14,0.37,-15.7,10.82,-6.89,78
1.41,-0.12,0.36,-17.47,10.52,-6.77,78
1.45,-0.11,0.35,-21.62,11.13,-8.66,78
1.48,-0.12,0.35,-25.24,9.36,-12.77,78
1.47,-0.16,0.36,-24.54,4.88,-16.52,78
1.39,-0.17,0.39,-19.48,1.31,-17.47,78
1.24,-0.13,0.38,-14.88,0.12,-14.91,78
1.08,-0.11,0.36,-13.84,0.95,-7.62,78
0.92,-0.08,0.32,-13.87,3.32,6.68,78
0.8,-0.04,0.29,-12.26,6.46,22.38,78
0.78,-0.02,0.28,-10.76,9.27,28.35,78
0.83,-0.04,0.31,-9.97,10.24,23.32,78
0.9,-0.11,0.35,-8.57,9.82,18.51,78
0.94,-0.15,0.39,-5.43,10.12,21.13,78
0.93,-0.15,0.41,-1.65,13.48,26.46,78
0.88,-0.13,0.39,-0.61,19.66,28.69,78
0.84,-0.1,0.34,-4.42,24.7,29.73,78
0.8,-0.07,0.31,-7.99,26.68,32.01,78
0.76,-0.09,0.3,-5.43,26.59,34.15,78
0.74,-0.1,0.32,1.59,26.59,34.73,78
0.73,-0.1,0.34,5.61,26.89,34.21,78
0.72,-0.12,0.35,3.93,25.88,33.63,78
0.72,-0.13,0.35,-0.12,24.3,33.66,78
0.71,-0.14,0.33,-1.46,23.38,33.6,78
0.7,-0.14,0.31,1.43,22.68,32.56,78
0.68,-0.13,0.31,6.8,22.38,31.31,78
0.67,-0.12,0.31,10.61,22.44,30.27,78
0.65,-0.11,0.31,11.8,22.35,29.24,78
0.64,-0.11,0.3,11.31,21.74,28.08,78
0.64,-0.11,0.31,9.42,21.34,26.65,78
0.65,-0.12,0.31,6.37,20.64,23.81,78
0.68,-0.13,0.32,3.2,19.18,19.27,78
0.71,-0.14,0.32,0.64,17.04,14.18,78
0.74,-0.15,0.33,-1.65,14.36,8.38,78
0.77,-0.16,0.34,-3.48,10.61,1.37,78
0.79,-0.18,0.34,-4.66,5.58,-5.73,78
0.77,-0.19,0.35,-4.54,-1.04,-10.09,78
0.75,-0.17,0.35,-2.74,-8.14,-11.98,78
0.73,-0.17,0.35,1.46,-14.33,-13.63,78
0.72,-0.18,0.35,9.45,-20.88,-15.12,78
0.74,-0.2,0.36,20.55,-27.99,-15.52,78
0.78,-0.19,0.37,32.13,-34.54,-15.49,78
0.85,-0.19,0.39,42.23,-40.34,-17.47,78
0.93,-0.18,0.41,50.3,-43.45,-20.76,78
0.98,-0.16,0.43,54.24,-44.6,-23.66,78
1.01,-0.15,0.43,52.44,-45.12,-27.2,78
0.97,-0.14,0.42,47.2,-45.82,-29.21,78
0.88,-0.11,0.41,38.23,-45.55,-25.98,78
0.78,-0.11,0.38,26.01,-44.76,-21.22,78
0.73,-0.12,0.34,17.2,-45,-18.38,78
0.7,-0.13,0.33,17.13,-44.79,-16.92,78
0.71,-0.16,0.32,24.54,-42.99,-15.3,78
0.76,-0.21,0.34,34.94,-40.67,-15.46,78
0.88,-0.25,0.36,44.6,-38.93,-18.35,78
1,-0.24,0.39,53.08,-36.31,-23.02,78
1.1,-0.22,0.43,58.96,-31.31,-29.33,78
1.13,-0.18,0.45,53.51,-22.87,-35.12,78
1.13,-0.12,0.42,28.29,-15.06,-37.87,78
1.16,-0.08,0.39,-8.51,-11.98,-42.44,78
1.18,-0.12,0.38,-38.6,-12.56,-50.61,78
1.16,-0.17,0.37,-52.5,-12.87,-54.09,78
1.1,-0.19,0.38,-56.98,-12.29,-50.21,78
1.02,-0.19,0.38,-60.46,-13.26,-41.74,78
0.94,-0.2,0.34,-60.37,-13.99,-29.97,78
0.88,-0.22,0.29,-48.48,-13.87,-15.15,78
0.85,-0.23,0.27,-23.29,-14.45,-1.04,78
0.86,-0.24,0.28,9.66,-14.51,8.78,78
0.88,-0.24,0.31,40.06,-12.44,15.88,78
0.91,-0.2,0.34,56.95,-9.54,22.8,78
0.94,-0.16,0.35,58.54,-5.67,27.41,78
0.96,-0.15,0.35,51.55,-1.52,26.83,78
0.97,-0.13,0.36,40.67,2.29,24.27,78
0.97,-0.11,0.37,25.49,6.8,22.26,78
0.97,-0.09,0.36,4.21,11.43,19.36,78
0.98,-0.1,0.34,-18.69,14.91,13.78,78
1,-0.13,0.33,-35.37,17.23,8.23,78
1.02,-0.15,0.32,-43.96,19.76,4.82,78
1.02,-0.17,0.32,-48.2,21.07,2.65,78
1.04,-0.18,0.32,-50.73,21.22,1.28,78
1.1,-0.17,0.32,-51.04,21.74,0.24,78
1.19,-0.17,0.34,-48.41,22.1,-2.47,78
1.31,-0.16,0.36,-44.12,22.01,-6.95,78
1.41,-0.15,0.4,-41.4,22.04,-10.7,78
1.5,-0.13,0.42,-43.08,23.17,-11.95,78
1.57,-0.11,0.41,-49.3,24.91,-14.76,78
1.56,-0.12,0.39,-56.22,22.53,-18.48,78
1.5,-0.15,0.37,-57.23,17.68,-16.95,78
1.4,-0.17,0.38,-48.38,12.53,-13.14,78
1.24,-0.17,0.38,-31.25,8.23,-8.2,78
1.05,-0.15,0.36,-12.93,6.31,2.65,78
0.87,-0.11,0.33,1.49,7.47,18.72,78
0.76,-0.08,0.3,11.74,10.7,32.74,78
0.77,-0.05,0.3,17.71,13.29,36.25,78
0.86,-0.06,0.33,19.12,14.94,28.99,78
0.94,-0.11,0.37,18.05,16.01,22.38,78
0.95,-0.13,0.39,15.88,18.45,24.42,78
0.91,-0.12,0.39,9.82,24.66,29.09,78
0.84,-0.08,0.35,-3.6,31.07,29.88,78
0.78,-0.07,0.3,-18.63,33.87,30.27,78
0.72,-0.09,0.27,-23.48,33.72,32.47,78
0.68,-0.13,0.26,-14.36,32.71,34.48,78
0.65,-0.14,0.3,0.37,31.19,35.15,78
0.64,-0.13,0.34,8.48,29.02,35.3,78
0.63,-0.12,0.36,6.01,27.62,35.82,78
0.62,-0.12,0.35,-1.59,26.83,36.4,78
0.6,-0.13,0.33,-8.17,26.59,35.79,78
0.59,-0.13,0.31,-11.01,26.86,33.14,78
0.58,-0.12,0.3,-11.31,28.02,29.18,78
0.59,-0.13,0.29,-10.37,29.85,24.48,78
0.6,-0.14,0.3,-8.84,31.52,20.52,78
0.59,-0.13,0.3,-8.63,32.47,18.23,78
0.59,-0.12,0.3,-10.49,31.71,16.59,78
0.6,-0.13,0.31,-13.38,29.85,13.78,78
0.62,-0.15,0.31,-15.21,25.46,9.33,78
0.67,-0.16,0.33,-14.7,18.99,5.24,78
0.72,-0.18,0.36,-13.26,12.32,0.21,78
0.78,-0.18,0.38,-12.53,5.15,-7.59,78
0.83,-0.21,0.41,-12.47,-3.14,-16.59,78
0.84,-0.22,0.41,-11.98,-11.89,-23.48,78
0.83,-0.22,0.4,-9.63,-21.98,-27.41,78
0.79,-0.21,0.38,-1.68,-31.98,-27.77,78
0.78,-0.19,0.39,13.05,-41.65,-27.1,78
0.79,-0.2,0.41,31.22,-49.54,-26.16,78
0.85,-0.22,0.43,48.99,-55.73,-27.23,78
0.9,-0.22,0.46,64.63,-59.48,-28.45,78
0.91,-0.2,0.45,76.37,-57.74,-25.95,78
0.87,-0.18,0.42,82.65,-52.1,-20.7,78
0.82,-0.15,0.39,84.57,-46.37,-15.67,78
0.8,-0.11,0.37,80.73,-40.73,-11.1,78
0.8,-0.06,0.37,69.18,-35.64,-8.75,78
0.84,-0.06,0.38,52.29,-33.11,-11.22,78
0.9,-0.11,0.41,36.07,-31.52,-16.98,78
0.97,-0.17,0.44,25,-28.66,-22.77,78
1,-0.2,0.44,18.57,-24.27,-25.85,78
1,-0.2,0.44,13.29,-20.85,-25.95,78
1,-0.21,0.43,6.25,-19.54,-24.12,78
0.99,-0.22,0.42,0.46,-19.15,-22.74,78
1.01,-0.23,0.41,1.07,-19.18,-22.35,78
1.04,-0.25,0.41,8.32,-17.84,-22.44,78
1.06,-0.25,0.41,17.2,-16.16,-22.53,78
1.06,-0.24,0.41,22.2,-13.75,-19.91,78
1.03,-0.21,0.39,21.13,-10.76,-15.06,78
1,-0.18,0.36,16.59,-8.08,-10.18,78
0.97,-0.17,0.36,11.46,-6.65,-5.03,78
0.94,-0.15,0.36,6.37,-6.13,1.25,78
0.91,-0.16,0.36,1.62,-5.82,7.01,78
0.9,-0.18,0.36,-0.64,-4.3,11.28,78
0.91,-0.19,0.36,-0.3,-1.43,15.03,78
0.91,-0.19,0.34,0.58,0.73,18.66,78
0.9,-0.19,0.33,1.55,1.89,21.86,78
0.89,-0.19,0.33,2.5,3.81,23.66,78
0.89,-0.18,0.33,2.65,6.01,23.57,78
0.9,-0.18,0.33,1.4,7.13,21.89,78
0.9,-0.18,0.33,-1.37,7.38,19.51,78
0.91,-0.19,0.33,-4.94,7.23,16.28,78
0.92,-0.19,0.33,-8.75,6.52,12.16,78
0.91,-0.19,0.33,-12.35,5.61,8.75,78
0.9,-0.19,0.32,-15.37,4.63,6.43,78
0.9,-0.19,0.31,-16.98,3.51,4.45,78
0.91,-0.19,0.31,-16.25,1.89,1.86,78
0.93,-0.19,0.32,-13.45,0.24,-0.58,78
0.96,-0.19,0.33,-10.43,-0.64,-2.44,78
1.01,-0.18,0.34,-8.32,-1.16,-5.03,78
1.06,-0.17,0.36,-7.5,-1.31,-7.84,78
1.15,-0.15,0.38,-8.6,0.18,-11.1,78
1.24,-0.14,0.39,-12.99,3.11,-15.64,78
1.3,-0.12,0.4,-20.61,4.94,-19.88,78
1.38,-0.11,0.42,-30.91,4.88,-23.32,78
1.46,-0.12,0.43,-41.49,4.88,-28.6,78
1.48,-0.15,0.45,-47.35,3.41,-34.63,78
1.41,-0.18,0.45,-48.38,0.52,-35.88,78
1.29,-0.17,0.43,-46.68,-0.64,-30,78
1.17,-0.14,0.39,-43.02,0.06,-22.07,78
1.07,-0.13,0.34,-33.32,0.91,-15.73,78
0.99,-0.13,0.32,-17.23,1.55,-10.34,78
0.93,-0.12,0.34,-2.1,2.26,-5.73,78
0.9,-0.1,0.37,3.17,3.23,-2.41,78
0.89,-0.11,0.38,-2.13,4.7,-0.46,78
0.9,-0.13,0.37,-9.85,6.28,0.52,78
0.91,-0.13,0.37,-11.4,7.87,1.95,78
0.9,-0.13,0.37,-6.62,10.37,4.45,78
0.89,-0.11,0.37,-1.55,13.41,7.32,78
0.87,-0.1,0.36,-1.01,16.16,10.21,78
0.86,-0.09,0.35,-3.75,17.96,13.02,78
0.83,-0.11,0.35,-5.12,18.14,15.18,78
0.82,-0.13,0.36,-2.8,17.87,16.95,78
0.8,-0.14,0.36,1.34,18.2,18.54,78
0.78,-0.13,0.36,4.82,18.14,20.61,78
0.74,-0.13,0.34,6.68,17.44,24.27,78
0.7,-0.13,0.32,9.09,16.49,28.51,78
0.68,-0.12,0.32,13.72,15.76,31.71,78
0.67,-0.12,0.33,18.84,15.79,33.48,78
0.66,-0.11,0.33,21.13,17.07,34.79,78
0.65,-0.1,0.33,19.12,18.72,36.8,78
0.63,-0.09,0.32,14.36,20.64,38.75,78
0.62,-0.1,0.31,9.3,22.5,39.24,78
0.62,-0.11,0.3,5.98,23.75,38.11,78
0.62,-0.12,0.3,3.81,24.48,35.88,78
0.64,-0.12,0.32,0.91,24.39,32.38,78
0.67,-0.13,0.32,-3.84,23.63,27.44,78
0.71,-0.14,0.33,-9.73,21.55,20.73,78
0.76,-0.15,0.34,-15.34,18.14,12.93,78
0.82,-0.16,0.35,-19.45,13.63,4.76,78
0.84,-0.17,0.36,-22.53,9.05,-2.26,78
0.84,-0.16,0.37,-25.46,3.75,-6.59,78
0.81,-0.16,0.36,-27.04,-3.87,-9.39,78
0.77,-0.17,0.34,-23.2,-11.77,-9.09,78
0.74,-0.17,0.33,-11.83,-19.54,-6.77,78
0.76,-0.17,0.34,4.36,-26.74,-3.48,78
0.85,-0.18,0.37,21.22,-33.66,-2.96,78
0.95,-0.22,0.39,38.9,-40.91,-7.8,78
0.99,-0.23,0.42,56.1,-46.52,-12.74,78
0.89,-0.2,0.42,66.71,-47.99,-9.24,78
0.74,-0.14,0.37,65.52,-45.43,1.37,78
0.64,-0.1,0.31,57.04,-40.58,8.93,78
0.67,-0.13,0.26,51.49,-37.65,4.24,78
0.83,-0.17,0.27,55.49,-37.65,-12.23,78
0.99,-0.24,0.35,67.29,-39.09,-27.93,78
1.11,-0.25,0.44,76.65,-36.65,-37.44,78
1.15,-0.19,0.48,69.21,-26.77,-43.84,78
1.14,-0.14,0.45,39.02,-17.68,-47.68,78
1.13,-0.08,0.4,-1.55,-15.15,-51.43,78
1.12,-0.09,0.37,-33.38,-15.24,-54.33,78
1.07,-0.13,0.36,-47.96,-15.79,-53.69,78
1.03,-0.14,0.37,-50.18,-16.65,-49.33,78
1,-0.16,0.38,-47.68,-16.4,-43.11,78
0.97,-0.2,0.36,-41.46,-14.91,-34.57,78
0.95,-0.24,0.33,-28.69,-13.6,-22.84,78
0.93,-0.25,0.31,-8.08,-12.65,-9.33,78
0.92,-0.22,0.3,15.46,-11.95,2.07,78
0.92,-0.2,0.33,33.87,-10.7,9.21,78
0.91,-0.18,0.36,41.65,-9.39,12.8,78
0.9,-0.15,0.38,38.32,-7.41,14.45,78
0.9,-0.15,0.38,28.11,-4.57,13.72,78
0.91,-0.15,0.37,16.28,-1.95,10.61,78
0.92,-0.16,0.36,5.09,0.55,6.77,78
0.91,-0.16,0.35,-5.27,2.9,3.2,78
0.91,-0.18,0.34,-14.02,4.6,-0.49,78
0.91,-0.18,0.33,-19.36,5.98,-3.96,78
0.93,-0.19,0.33,-20.82,7.07,-7.35,78
0.97,-0.19,0.33,-19.85,7.41,-10.55,78
1.02,-0.18,0.35,-19.51,8.14,-13.2,78
1.06,-0.18,0.35,-21.92,8.57,-15.64,78
1.08,-0.17,0.35,-25.37,7.99,-16.46,78
1.1,-0.16,0.35,-27.96,8.02,-15,78
1.14,-0.14,0.35,-29.63,9.15,-13.66,78
1.2,-0.14,0.36,-30.34,10.4,-14.21,78
1.27,-0.12,0.38,-31.68,11.86,-13.9,78
1.33,-0.13,0.37,-35.37,14.33,-12.5,78
1.36,-0.13,0.37,-39.05,15.37,-12.62,78
1.37,-0.13,0.36,-41.43,14.88,-12.5,78
1.36,-0.15,0.36,-42.56,13.66,-11.74,78
1.31,-0.18,0.37,-40.49,10,-12.77,78
1.21,-0.18,0.39,-34.45,5.21,-11.43,78
1.08,-0.16,0.38,-27.99,3.54,-4.82,78
0.94,-0.14,0.34,-22.07,3.75,4.88,78
0.83,-0.12,0.3,-14.82,3.93,15.21,78
0.79,-0.11,0.29,-5.4,4.12,24.09,78
0.8,-0.1,0.29,5.61,3.54,27.68,78
0.84,-0.13,0.33,17.53,2.47,27.68,78
0.88,-0.15,0.37,26.31,2.84,29.39,78
0.93,-0.12,0.4,27.62,6.19,32.32,78
0.94,-0.1,0.41,20.58,11.28,32.53,78
0.9,-0.1,0.38,10.21,15.49,32.47,78
0.85,-0.09,0.35,0.98,19.09,35.52,78
0.81,-0.07,0.33,-5.52,22.41,38.63,78
0.81,-0.08,0.33,-8.26,24.76,38.57,78
0.83,-0.09,0.34,-7.62,26.62,37.74,78
0.84,-0.1,0.36,-6.34,28.9,38.69,78
0.84,-0.11,0.37,-7.68,29.63,41.25,78
0.83,-0.11,0.36,-11.1,29.15,43.51,78
0.81,-0.12,0.35,-12.07,28.29,44.3,78
0.79,-0.13,0.34,-7.99,26.8,44.6,78
0.75,-0.14,0.34,-0.24,24.73,45.73,78
0.71,-0.13,0.33,7.2,22.74,46.83,78
0.68,-0.13,0.33,12.87,21.04,47.13,78
0.68,-0.13,0.33,17.41,19.7,45.7,78
0.68,-0.13,0.33,20.85,19.27,42.29,78
0.66,-0.12,0.33,21.8,18.48,39.21,78
0.64,-0.11,0.32,19.24,17.5,37.04,78
0.63,-0.11,0.32,14.27,16.89,32.41,78
0.64,-0.12,0.32,9.51,15.52,24.82,78
0.66,-0.14,0.33,5.76,12.59,16.4,78
0.69,-0.15,0.34,2.62,8.93,8.02,78
0.71,-0.16,0.35,-0.55,4.88,-1.68,78
0.72,-0.18,0.36,-4.09,-0.06,-11.59,78
0.72,-0.19,0.37,-6.98,-5.95,-19.09,78
0.71,-0.17,0.37,-8.35,-11.77,-23.66,78
0.72,-0.16,0.37,-6.74,-17.47,-28.81,78
0.76,-0.17,0.37,-2.16,-23.02,-35.3,78
0.83,-0.18,0.39,3.96,-28.38,-40.67,78
0.93,-0.19,0.42,9.51,-34.24,-46.4,78
1,-0.2,0.44,15.91,-39.91,-53.29,78
1.03,-0.19,0.46,22.71,-43.29,-59.05,78
0.98,-0.18,0.45,26.28,-44.66,-59.33,78
0.89,-0.15,0.42,24.63,-44.48,-54.82,78
0.8,-0.13,0.38,20.3,-42.87,-49.21,78
0.77,-0.14,0.34,19.21,-41.49,-44.85,78
0.77,-0.15,0.32,25.46,-40.95,-43.17,78
0.81,-0.17,0.34,37.5,-40.95,-42.56,78
0.88,-0.21,0.38,49.18,-38.93,-41.31,78
0.99,-0.23,0.4,54.97,-34.76,-41.46,78
1.07,-0.21,0.41,56.1,-31.19,-43.51,78
1.11,-0.19,0.43,54.39,-28.2,-45.55,78
1.09,-0.17,0.42,45.12,-24.6,-44.94,78
1.05,-0.12,0.41,23.84,-22.01,-43.84,78
1.05,-0.12,0.39,-2.41,-21.98,-45.82,78
1.05,-0.18,0.37,-19.48,-22.1,-47.41,78
1.04,-0.22,0.37,-21.68,-22.74,-45.7,78
1.01,-0.22,0.39,-16.49,-22.29,-40.4,78
0.99,-0.22,0.38,-13.72,-19.76,-33.02,78
0.98,-0.21,0.34,-12.26,-17.13,-24.57,78
0.97,-0.2,0.33,-5.88,-16.01,-15.3,78
0.96,-0.18,0.33,4.54,-15.73,-6.1,78
0.94,-0.15,0.36,11.89,-14.73,1.25,78
0.93,-0.14,0.38,10.76,-12.71,7.26,78
0.9,-0.14,0.37,2.07,-10,12.93,78
0.89,-0.14,0.35,-7.35,-7.96,17.77,78
0.89,-0.16,0.35,-10.67,-6.13,20.88,78
0.89,-0.18,0.35,-7.26,-3.63,22.74,78
0.91,-0.17,0.35,-2.13,0.12,23.38,78
0.94,-0.16,0.35,-0.4,4.3,22.59,78
0.98,-0.15,0.35,-3.29,8.32,20.4,78
1.02,-0.14,0.37,-9.42,11.13,17.65,78
1.07,-0.11,0.38,-18.26,14.18,14.42,78
1.1,-0.1,0.38,-30.61,17.93,10.55,78
1.12,-0.12,0.37,-44.18,19.36,6.49,78
1.15,-0.14,0.36,-53.35,19.48,4.39,78
1.19,-0.13,0.36,-55.09,20.4,3.41,78
1.24,-0.13,0.36,-51.37,22.01,2.53,78
1.32,-0.13,0.36,-46.19,22.8,1.86,78
1.42,-0.14,0.36,-41.95,22.23,0.34,78
1.52,-0.15,0.37,-37.32,19.54,-3.11,78
1.57,-0.18,0.4,-29.97,14.91,-6.71,78
1.49,-0.17,0.42,-20.82,10.37,-6.92,78
1.3,-0.11,0.41,-15.82,9.3,-1.28,78
1.12,-0.06,0.37,-19.21,10.88,9.48,78
0.95,-0.01,0.31,-25.67,14.02,26.92,78
0.84,0.02,0.27,-29.79,16.07,43.05,78
0.83,0.01,0.26,-29.05,15.24,46.86,78
0.89,-0.05,0.29,-21.89,12.71,39.7,78
0.94,-0.13,0.35,-8.84,10.52,36.04,78
0.91,-0.16,0.39,4.24,12.01,42.47,78
0.83,-0.14,0.39,9.42,17.53,50.18,78
0.76,-0.11,0.35,4.45,23.17,52.32,78
0.72,-0.09,0.3,-1.46,25.58,50.34,78
0.69,-0.09,0.28,1.07,24.63,47.29,78
0.68,-0.11,0.3,11.37,22.93,43.35,78
0.67,-0.11,0.34,19.88,23.17,39.24,78
0.66,-0.1,0.36,17.84,24.12,35.76,78
0.67,-0.11,0.34,9.21,23.72,32.9,78
0.68,-0.12,0.32,3.6,22.71,30.46,78
0.7,-0.11,0.31,4.15,22.26,27.2,78
0.72,-0.11,0.32,6.86,22.87,22.26,78
0.72,-0.1,0.33,5.82,24.36,18.05,78
0.72,-0.09,0.33,-0.7,25.46,16.07,78
0.72,-0.08,0.32,-9.42,25.64,15,78
0.71,-0.09,0.31,-15.3,24.66,13.05,78
0.7,-0.12,0.32,-15.91,23.11,10.88,78
0.7,-0.13,0.32,-13.72,21.68,8.69,78
0.71,-0.13,0.32,-12.13,19.51,5.37,78
0.73,-0.15,0.33,-11.98,16.28,0.58,78
0.74,-0.15,0.33,-12.07,12.38,-4.85,78
0.74,-0.16,0.33,-11.65,8.17,-9.54,78
0.73,-0.16,0.34,-11.37,3.41,-13.51,78
0.73,-0.16,0.34,-10.52,-1.4,-17.9,78
0.73,-0.17,0.34,-8.32,-6.37,-22.32,78
0.73,-0.17,0.34,-4.85,-11.95,-25.7,78
0.74,-0.18,0.35,-0.34,-18.14,-28.45,78
0.77,-0.18,0.36,4.36,-25.06,-31.19,78
0.85,-0.19,0.38,9.85,-32.41,-35.55,78
0.96,-0.21,0.41,17.44,-39.94,-42.59,78
1,-0.24,0.43,28.99,-46.77,-49.39,78
0.94,-0.24,0.43,41.13,-49.51,-49.73,78
0.82,-0.18,0.4,47.16,-47.5,-40.7,78
0.72,-0.13,0.34,47.26,-42.71,-29.85,78
0.71,-0.12,0.29,49.36,-39.36,-25.79,78
0.77,-0.13,0.29,57.04,-39.48,-29.3,78
0.87,-0.16,0.34,66.1,-40.52,-32.47,78
0.99,-0.18,0.41,70.49,-39.09,-33.02,78
1.08,-0.17,0.46,65.58,-33.81,-32.99,78
1.13,-0.15,0.47,50.67,-27.32,-32.35,78
1.15,-0.14,0.44,30.85,-21.13,-30.43,78
1.13,-0.12,0.41,12.68,-16.95,-29.48,78
1.11,-0.13,0.4,-0.27,-14.91,-30.03,78
1.09,-0.16,0.4,-8.26,-12.29,-29.48,78
1.06,-0.17,0.39,-13.02,-9.73,-26.98,78
1.04,-0.19,0.39,-16.01,-8.66,-23.02,78
1.01,-0.2,0.39,-17.62,-8.51,-17.44,78
0.97,-0.2,0.38,-17.13,-8.75,-10.37,78
0.93,-0.19,0.37,-13.48,-8.87,-3.14,78
0.9,-0.2,0.35,-6.74,-8.2,2.8,78
0.88,-0.2,0.35,1.74,-7.35,7.56,78
0.87,-0.18,0.36,8.51,-6.31,11.92,78
0.88,-0.17,0.37,11.28,-3.81,14.94,78
0.89,-0.17,0.37,10.15,-0.79,15.27,78
0.89,-0.17,0.37,7.71,2.35,15.12,78
0.89,-0.15,0.36,4.18,6.25,15.27,78
0.89,-0.14,0.35,-1.89,10.15,14.54,78
0.9,-0.14,0.34,-10.21,13.2,12.77,78
0.92,-0.14,0.34,-18.38,15.03,10.73,78
0.94,-0.15,0.34,-25.24,16.62,8.45,78
0.94,-0.16,0.34,-30.7,17.13,6.13,78
0.93,-0.17,0.33,-35.37,16.8,5,78
0.92,-0.17,0.32,-38.6,16.37,4.88,78
0.92,-0.17,0.31,-38.93,16.04,4.54,78
0.94,-0.17,0.3,-35.88,15.06,3.66,78
0.96,-0.18,0.31,-30.4,13.75,2.07,78
1.01,-0.18,0.32,-24.42,11.95,-0.15,78
1.09,-0.15,0.35,-20.27,11.65,-3.14,78
1.16,-0.13,0.37,-21.55,12.5,-7.2,78
1.19,-0.13,0.37,-27.77,12.04,-10.12,78
1.21,-0.12,0.37,-35.43,10.43,-10.61,78
1.24,-0.12,0.36,-40.3,8.87,-11.92,78
1.28,-0.15,0.36,-37.38,7.38,-15.85,78
1.35,-0.17,0.38,-27.87,4.73,-20.67,78
1.42,-0.19,0.41,-16.59,0.79,-25.12,78
1.45,-0.22,0.45,-5,-4.24,-31.52,78
1.38,-0.21,0.49,5.58,-8.45,-37.56,78
1.25,-0.14,0.47,8.87,-8.11,-37.2,78
1.1,-0.09,0.43,1.16,-4.79,-30.03,78
0.95,-0.03,0.37,-9.79,-2.35,-15.76,78
0.82,0,0.33,-17.07,-0.88,-1.34,78
0.78,0,0.31,-18.41,0.61,4.76,78
0.83,-0.04,0.34,-14.48,1.31,1.43,78
0.9,-0.11,0.39,-7.32,1.65,-1.37,78
0.93,-0.15,0.43,0.52,4.05,4.05,78
0.9,-0.15,0.43,5.7,8.66,13.29,78
0.86,-0.12,0.4,5.21,14.36,20.58,78
0.82,-0.08,0.36,-0.27,19.18,25.79,78
0.8,-0.06,0.33,-4.45,20.82,29.66,78
0.78,-0.09,0.32,-0.98,20.61,32.04,78
0.75,-0.11,0.33,7.93,21.71,33.81,78
0.74,-0.11,0.34,12.38,22.99,35.61,78
0.74,-0.12,0.34,8.54,22.77,36.52,78
0.74,-0.13,0.34,2.16,21.86,36.1,78
0.73,-0.13,0.32,-0.64,21.07,35.73,78
0.71,-0.14,0.32,0.3,20.27,35.76,78
0.69,-0.13,0.32,1.22,19.79,35,78
0.67,-0.13,0.31,0.64,19.21,33.45,78
0.66,-0.13,0.31,0.3,18.66,32.41,78
0.66,-0.12,0.3,1.37,18.78,32.13,78
0.67,-0.11,0.3,1.62,19.39,31.01,78
0.68,-0.11,0.31,-1.28,18.9,28.57,78
0.69,-0.12,0.32,-6.04,17.84,25.21,78
0.71,-0.13,0.32,-10.09,16.34,20.95,78
0.71,-0.14,0.33,-12.23,14.39,16.07,78
0.72,-0.14,0.34,-14.18,11.86,11.77,78
0.73,-0.15,0.34,-17.07,8.45,7.56,78
0.73,-0.16,0.35,-18.84,4.27,4.12,78
0.72,-0.16,0.35,-17.93,-0.37,1.98,78
0.73,-0.16,0.36,-14.33,-4.21,-0.27,78
0.75,-0.16,0.37,-10.09,-7.68,-3.23,78
0.82,-0.16,0.38,-7.07,-11.83,-6.4,78
0.93,-0.17,0.4,-4.79,-16.55,-12.13,78
1.06,-0.19,0.43,-0.73,-22.35,-22.59,78
1.12,-0.21,0.48,6.62,-27.5,-34.63,78
0.99,-0.21,0.48,11.07,-30.76,-37.5,78
0.79,-0.17,0.43,6.19,-31.28,-24.63,78
0.63,-0.12,0.35,-2.68,-30.09,-9.88,78
0.6,-0.12,0.28,-1.01,-28.9,-6.25,78
0.67,-0.15,0.26,16.95,-27.9,-14.7,78
0.77,-0.18,0.32,41.74,-28.2,-21.68,78
0.88,-0.21,0.39,57.65,-27.62,-21.77,78
0.99,-0.18,0.45,56.07,-23.96,-23.17,78
1.07,-0.17,0.47,40.27,-19.91,-29.12,78
1.07,-0.17,0.44,19.91,-17.01,-33.69,78
1.01,-0.15,0.41,0.4,-16.89,-33.57,78
0.96,-0.14,0.38,-15.82,-17.96,-35.12,78
0.97,-0.2,0.36,-21.52,-17.96,-40.03,78
1.02,-0.25,0.36,-13.05,-18.02,-44.91,78
1.07,-0.29,0.39,4.09,-18.9,-46.92,78
1.09,-0.29,0.4,20.49,-18.54,-45.27,78
1.07,-0.24,0.39,29.15,-15.7,-39.6,78
1.03,-0.19,0.38,29.05,-13.35,-32.23,78
0.99,-0.15,0.37,23.93,-13.35,-24.85,78
0.95,-0.13,0.37,16.77,-13.78,-17.96,78
0.91,-0.11,0.37,8.69,-13.78,-12.07,78
0.89,-0.14,0.38,2.26,-13.02,-7.93,78
0.89,-0.18,0.37,0.67,-10.88,-4.85,78
0.89,-0.21,0.35,3.75,-7.01,-0.34,78
0.89,-0.2,0.35,7.41,-3.81,5.4,78
0.9,-0.19,0.34,10.52,-0.79,9.33,78
0.91,-0.18,0.34,13.14,2.1,10.61,78
0.91,-0.17,0.35,13.51,4.05,10.79,78
0.92,-0.16,0.36,10.24,5.67,10.15,78
0.93,-0.16,0.36,3.38,6.92,8.2,78
0.94,-0.17,0.35,-4.73,7.47,5.85,78
0.93,-0.18,0.34,-10.49,7.44,4.6,78
0.94,-0.17,0.33,-12.71,7.77,4.3,78
0.96,-0.17,0.33,-12.68,8.35,3.17,78
0.98,-0.17,0.34,-11.62,8.05,1.34,78
1,-0.16,0.34,-10.55,8.32,0.46,78
1.01,-0.14,0.35,-11.46,9.36,0.3,78
1.03,-0.13,0.36,-14.57,10.03,0,78
1.05,-0.11,0.36,-18.93,10.61,-1.07,78
1.1,-0.1,0.37,-23.78,11.46,-2.8,78
1.14,-0.09,0.39,-28.63,12.2,-4.79,78
1.18,-0.09,0.41,-33.32,13.11,-5.43,78
1.22,-0.08,0.42,-38.26,15.06,-6.19,78
1.26,-0.09,0.44,-42.26,16.95,-9.02,78
1.3,-0.1,0.44,-43.48,18.32,-13.45,78
1.31,-0.12,0.45,-42.01,19.02,-17.01,78
1.28,-0.12,0.46,-39.12,18.78,-18.48,78
1.22,-0.11,0.47,-35.79,18.93,-18.41,78
1.15,-0.09,0.46,-33.66,20.09,-17.23,78
1.07,-0.06,0.45,-33.96,21.07,-13.75,78
1,-0.05,0.44,-35.85,21.37,-8.35,78
0.96,-0.05,0.43,-36.74,21.59,-2.07,78
0.95,-0.05,0.42,-34.02,21.8,3.81,78
0.98,-0.06,0.42,-26.4,21.74,8.08,78
1.01,-0.09,0.44,-15.18,21.89,12.07,78
1.02,-0.08,0.45,-6.46,22.93,18.6,78
0.99,-0.04,0.45,-6.89,24.7,26.22,78
0.96,-0.03,0.43,-14.21,26.13,31.46,78
0.92,-0.05,0.4,-20.34,26.55,34.85,78
0.86,-0.08,0.38,-19.66,26.55,38.41,78
0.8,-0.09,0.36,-13.11,26.65,42.68,78
0.75,-0.1,0.35,-6.07,26.92,46.1,78
0.69,-0.12,0.34,-2.01,26.74,47.62,78
0.65,-0.13,0.33,0.09,25.82,47.44,78
0.62,-0.13,0.32,1.4,24.57,46.86,78
0.59,-0.13,0.31,1.62,23.63,44.88,78
0.57,-0.13,0.31,-0.3,22.62,41.13,78
0.56,-0.15,0.3,-3.69,21.46,36.4,78
0.55,-0.16,0.3,-6.07,19.97,31.43,78
0.54,-0.16,0.29,-5.88,19.18,27.41,78
0.54,-0.15,0.29,-4.63,18.72,23.81,78
0.53,-0.15,0.29,-4.02,18.2,20.46,78
0.54,-0.15,0.29,-5.24,16.98,16.74,78
0.56,-0.16,0.3,-7.87,15.09,12.23,78
0.61,-0.17,0.32,-10.03,12.41,6.31,78
0.66,-0.2,0.35,-9.7,7.32,0.15,78
0.71,-0.22,0.36,-3.87,0.52,-4.18,78
0.75,-0.22,0.38,8.45,-6.28,-6.86,78
0.79,-0.21,0.42,22.9,-12.62,-9.18,78
0.8,-0.19,0.44,32.65,-18.08,-11.01,78
0.82,-0.17,0.44,35.49,-24.24,-12.9,78
0.87,-0.18,0.45,36.49,-30.82,-15.79,78
0.92,-0.2,0.46,42.77,-36.89,-20.27,78
0.95,-0.21,0.49,54.51,-40.76,-24.66,78
0.96,-0.2,0.49,65.79,-39.79,-25.06,78
0.95,-0.16,0.48,72.29,-34.82,-22.5,78
0.92,-0.1,0.46,70.85,-27.35,-19.63,78
0.88,-0.05,0.45,58.57,-20.37,-17.44,78
0.86,-0.03,0.42,35.15,-14.6,-16.68,78
0.84,-0.03,0.42,5.67,-12.01,-20.37,78
0.87,-0.07,0.42,-20.61,-12.71,-27.23,78
0.9,-0.13,0.44,-37.32,-11.46,-32.71,78
0.93,-0.19,0.45,-45.49,-9.91,-35.55,78
0.95,-0.21,0.47,-49.88,-9.66,-35.88,78
0.95,-0.23,0.46,-53.02,-9.05,-34.6,78
0.96,-0.26,0.46,-51.71,-9.66,-33.81,78
0.96,-0.26,0.45,-42.16,-11.62,-32.01,78
0.93,-0.25,0.45,-26.46,-13.23,-27.2,78
0.9,-0.22,0.45,-12.35,-12.74,-21.68,78
0.89,-0.19,0.45,-5.79,-11.8,-17.65,78
0.87,-0.17,0.45,-7.62,-10.85,-14.27,78
0.87,-0.18,0.44,-11.89,-9.91,-11.1,78
0.88,-0.19,0.44,-12.38,-9.45,-8.6,78
0.9,-0.19,0.45,-8.48,-7.87,-5.52,78
0.9,-0.18,0.46,-4.6,-5,-2.04,78
0.89,-0.18,0.46,-4.39,-2.38,1.22,78
0.89,-0.17,0.46,-6.8,-0.3,4.05,78
0.89,-0.17,0.45,-8.41,1.1,6.52,78
0.89,-0.18,0.44,-7.1,2.26,8.41,78
0.9,-0.18,0.44,-3.99,3.72,9.48,78
0.91,-0.18,0.44,-1.34,4.7,10.58,78
0.91,-0.18,0.43,-0.15,5.3,11.92,78
0.9,-0.17,0.43,-0.06,5.67,13.38,78
0.9,-0.17,0.42,0,5.67,14.02,78
0.9,-0.17,0.41,1.04,5.7,14.51,78
0.89,-0.17,0.41,2.2,5.82,15.24,78
0.9,-0.16,0.41,2.62,5.95,15.67,78
0.89,-0.16,0.41,1.89,6.07,15.24,78
0.89,-0.16,0.41,0.3,5.98,14.42,78
0.89,-0.17,0.4,-1.4,5.61,13.54,78
0.88,-0.17,0.4,-2.23,5.15,12.41,78
0.87,-0.17,0.4,-1.49,4.63,11.04,78
0.87,-0.17,0.4,0.03,4.33,9.66,78
0.87,-0.16,0.4,0.85,3.93,8.2,78
0.87,-0.16,0.4,0.7,3.45,6.71,78
0.87,-0.17,0.4,0.34,3.05,5.37,78
0.87,-0.16,0.39,0.12,2.84,3.96,78
0.88,-0.16,0.4,0.24,2.41,2.41,78
0.88,-0.16,0.4,-0.46,2.16,1.04,78
0.87,-0.16,0.4,-2.53,1.59,-0.15,78
0.87,-0.16,0.39,-4.85,1.13,-1.1,78
0.88,-0.17,0.39,-5.55,0.55,-2.13,78
0.88,-0.18,0.39,-4.02,0.06,-3.38,78
0.89,-0.18,0.4,-2.07,-0.61,-4.36,78
0.88,-0.17,0.4,-1.52,-1.34,-5.18,78
0.88,-0.17,0.4,-2.68,-2.1,-5.79,78
0.87,-0.17,0.4,-3.9,-2.74,-6.31,78
0.88,-0.17,0.41,-4.21,-3.05,-7.35,78
0.89,-0.17,0.41,-4.12,-3.23,-8.26,78
0.89,-0.18,0.41,-4.24,-3.17,-9.24,78
0.89,-0.18,0.41,-4.85,-3.17,-9.79,78
0.89,-0.18,0.41,-5.37,-3.23,-9.94,78
0.88,-0.18,0.41,-5.4,-3.35,-10.12,78
0.89,-0.18,0.42,-4.85,-3.69,-10.4,78
0.89,-0.18,0.42,-4.12,-3.81,-10.34,78
0.89,-0.18,0.42,-4.09,-3.54,-10.15,78
0.89,-0.18,0.42,-4.57,-3.26,-9.97,78
0.89,-0.18,0.41,-4.85,-2.93,-9.57,78
0.89,-0.18,0.42,-4.21,-2.71,-9.24,78
0.89,-0.18,0.42,-3.45,-2.44,-9.09,78
0.89,-0.19,0.42,-3.48,-2.1,-8.93,78
0.89,-0.18,0.42,-4.05,-1.98,-8.2,78
0.89,-0.18,0.42,-4.45,-1.31,-7.2,78
0.89,-0.19,0.41,-3.99,-1.16,-6.83,78
0.9,-0.19,0.42,-2.23,-1.1,-6.4,78
0.9,-0.19,0.42,-0.73,-0.88,-5.76,78
0.9,-0.18,0.42,-0.34,-0.82,-5.09,78
0.89,-0.18,0.42,-1.25,-0.79,-4.33,78
0.89,-0.18,0.41,-2.23,-0.46,-3.35,78
0.88,-0.18,0.41,-2.29,-0.12,-2.62,78
0.89,-0.18,0.41,-1.25,0.3,-2.07,78
0.89,-0.18,0.41,0.03,0.95,-1.28,78
0.89,-0.18,0.41,0.49,1.52,-0.37,78
0.9,-0.17,0.41,-0.3,1.86,0.18,78
0.9,-0.17,0.41,-1.13,2.1,0.85,78
0.89,-0.18,0.4,-1.28,2.44,1.65,78
0.89,-0.18,0.4,-0.82,2.65,2.07,78
0.9,-0.17,0.4,-0.43,2.62,2.35,78
0.91,-0.18,0.4,-0.3,2.35,2.47,78
0.91,-0.17,0.4,-0.3,1.98,2.65,78
0.9,-0.17,0.4,-0.46,1.74,3.11,78
0.89,-0.17,0.39,-0.46,1.28,3.87,78
0.88,-0.17,0.39,0.37,0.79,4.6,78
0.88,-0.17,0.39,2.26,0.46,4.66,78
0.88,-0.17,0.4,4.36,0.18,4.21,78
0.89,-0.17,0.4,5.03,-0.03,3.48,78
0.89,-0.17,0.41,3.9,-0.46,2.53,78
0.89,-0.17,0.4,2.44,-0.88,1.59,78
0.88,-0.17,0.4,1.95,-1.13,0.58,78
0.88,-0.17,0.4,2.44,-1.4,-0.12,78
0.89,-0.17,0.4,3.51,-1.62,-0.3,78
0.89,-0.17,0.41,4.3,-1.46,-0.18,78
0.9,-0.17,0.4,4.45,-1.37,0,78
0.89,-0.17,0.41,4.12,-1.19,-0.15,78
0.9,-0.17,0.41,3.38,-1.22,-0.49,78
0.89,-0.17,0.41,2.47,-1.13,-0.37,78
0.89,-0.17,0.41,1.89,-0.88,-0.06,78
0.9,-0.17,0.4,1.65,-0.64,-0.15,78
0.9,-0.17,0.41,2.41,-0.88,-0.18,78
0.89,-0.17,0.41,3.14,-0.67,-0.37,78
0.89,-0.17,0.41,2.13,-0.52,-0.64,78
0.89,-0.17,0.41,0.18,-0.55,-1.01,78
0.88,-0.17,0.42,-0.64,-0.73,-1.37,78
0.88,-0.17,0.41,-0.79,-0.64,-1.28,78
0.88,-0.18,0.41,-0.85,-0.09,-1.34,78
0.89,-0.17,0.41,-0.79,0.37,-1.55,78
0.89,-0.17,0.41,-0.49,0.55,-1.28,78
0.9,-0.18,0.41,0.09,0.61,-1.46,78
0.89,-0.17,0.42,0.21,0.76,-1.71,78
0.89,-0.17,0.41,-1.13,0.7,-1.28,78
0.89,-0.17,0.4,-2.74,0.73,-1.01,78
0.89,-0.18,0.4,-2.84,0.15,-1.31,78
0.89,-0.18,0.41,-1.07,-0.09,-1.43,78
0.89,-0.18,0.41,0.03,-0.12,-1.59,78
0.88,-0.18,0.41,-0.58,-0.34,-1.86,78
0.88,-0.18,0.4,-1.71,-0.61,-1.8,78
0.88,-0.18,0.4,-1.86,-0.82,-1.62,78
0.88,-0.18,0.4,-0.73,-1.01,-1.68,78
0.88,-0.18,0.41,0.91,-1.07,-1.89,78
0.89,-0.18,0.41,1.86,-1.25,-1.65,78
0.89,-0.18,0.41,1.52,-1.62,-1.52,78
0.89,-0.18,0.41,0.91,-1.71,-1.74,78
0.89,-0.18,0.41,0.58,-1.83,-1.83,78
0.89,-0.18,0.41,0.7,-1.95,-1.22,78
0.89,-0.18,0.41,1.16,-1.77,-0.76,78
0.89,-0.18,0.41,1.62,-1.52,-0.3,78
0.89,-0.18,0.41,1.77,-1.34,0.27,78
0.89,-0.17,0.41,1.34,-1.13,0.64,78
0.89,-0.18,0.41,0.46,-0.73,0.58,78
0.89,-0.18,0.41,0,-0.55,0.58,78
0.89,-0.18,0.41,0.52,-0.46,0.88,78
0.89,-0.18,0.4,1.37,-0.03,1.1,78
0.9,-0.18,0.41,1.89,0.06,0.82,78
0.9,-0.18,0.41,2.16,-0.18,0.49,78
0.89,-0.18,0.41,1.37,-0.4,0.37,78
0.89,-0.18,0.41,0.24,-0.52,0.37,78
0.88,-0.17,0.4,-0.15,-0.46,0.3,78
0.88,-0.17,0.41,-0.03,-0.73,0.85,78
0.88,-0.18,0.4,0.46,-0.09,1.13,78
0.89,-0.18,0.4,2.01,0.7,0.21,78
0.9,-0.17,0.4,3.48,0.88,0.3,78
0.91,-0.17,0.41,3.17,0.79,0.82,78
0.9,-0.17,0.41,1.01,0.49,0.49,78
0.9,-0.17,0.4,-1.52,0.49,0.76,78
0.89,-0.17,0.39,-2.41,0.37,1.62,78
0.89,-0.18,0.39,-0.67,0.18,1.59,78
0.89,-0.18,0.4,2.2,0.4,1.13,78
0.89,-0.17,0.41,3.14,0.64,0.91,78
0.89,-0.17,0.41,1.37,0.4,0.52,78
0.89,-0.17,0.41,-1.22,0.18,0.3,78
0.89,-0.17,0.4,-2.32,-0.06,0.21,78
0.89,-0.17,0.4,-1.31,0.34,0.15,78
0.89,-0.17,0.4,0.27,0.49,0,78
0.89,-0.17,0.41,0.88,0.52,-0.03,78
0.89,-0.17,0.41,0.3,0.67,0,78
0.9,-0.17,0.4,-0.61,0.67,-0.3,78
0.9,-0.17,0.41,-0.98,0.7,-0.49,78
0.89,-0.17,0.41,-1.07,0.7,-0.46,78
0.89,-0.17,0.41,-1.19,0.79,-0.15,78
0.88,-0.17,0.4,-1.68,1.19,0,78
0.88,-0.17,0.41,-2.23,1.68,-0.27,78
0.89,-0.17,0.41,-2.68,1.98,-0.85,78
0.88,-0.17,0.4,-3.26,2.32,-1.34,78
0.89,-0.18,0.4,-3.9,2.56,-1.89,78
0.89,-0.18,0.4,-4.02,2.26,-2.35,78
0.89,-0.18,0.4,-3.08,1.89,-2.68,78
0.89,-0.18,0.4,-1.55,1.28,-2.84,78
0.9,-0.18,0.4,-0.27,0.61,-2.84,78
0.9,-0.18,0.4,0.21,-0.09,-3.02,78
0.89,-0.18,0.4,0.61,-1.25,-2.77,78
0.89,-0.18,0.41,1.92,-1.74,-2.41,78
0.88,-0.18,0.41,3.08,-1.92,-2.04,78
0.88,-0.17,0.41,2.41,-1.74,-1.43,78
0.88,-0.18,0.4,0.73,-1.22,-1.22,78
0.88,-0.18,0.4,-0.27,-0.49,-1.13,78
0.89,-0.18,0.41,-0.18,0.37,-0.91,78
0.89,-0.18,0.42,-0.21,0.82,-0.95,78
0.89,-0.18,0.41,-1.65,0.91,-0.64,78
0.89,-0.18,0.41,-3.48,1.01,0.27,78
0.89,-0.19,0.4,-3.63,0.88,0.61,78
0.89,-0.19,0.4,-1.55,0.73,0.79,78
0.89,-0.19,0.41,0.4,0.37,1.07,78
0.88,-0.18,0.41,0.67,0.12,1.13,78
0.88,-0.18,0.41,-0.43,0.03,1.19,78
0.88,-0.18,0.41,-1.1,-0.15,1.25,78
0.89,-0.18,0.41,-0.52,-0.21,1.4,78
0.89,-0.18,0.41,0.64,-0.06,1.25,78
0.89,-0.18,0.41,1.31,0.12,1.28,78
0.89,-0.18,0.41,0.98,0.12,1.55,78
0.89,-0.18,0.41,0.21,0.09,1.62,78
0.89,-0.18,0.41,-0.24,0.06,1.59,78
0.89,-0.18,0.41,-0.24,0.09,1.59,78
0.89,-0.18,0.41,0.24,0.21,1.49,78
0.89,-0.18,0.42,0.55,0.27,1.4,78
0.89,-0.17,0.42,0.43,0.18,1.52,78
0.89,-0.17,0.41,-0.06,0.21,1.46,78
0.89,-0.18,0.42,-0.43,0.18,0.88,78
0.9,-0.18,0.43,-0.4,0.37,0.12,78
0.91,-0.18,0.43,-0.3,0.61,-0.61,78
0.9,-0.17,0.44,-1.71,1.01,-0.34,78
0.9,-0.16,0.43,-4.85,2.07,0.76,78
0.89,-0.17,0.42,-7.56,2.5,1.16,78
0.89,-0.19,0.43,-5.98,1.25,2.01,78
0.88,-0.2,0.44,-0.82,1.16,3.35,78
0.88,-0.2,0.44,3.66,0.88,3.48,78
0.88,-0.2,0.44,6.28,-0.03,3.78,78
0.86,-0.18,0.44,7.87,-0.37,5.58,78
0.86,-0.17,0.42,9.33,0.27,6.71,78
0.86,-0.17,0.43,10.64,1.52,6.65,78
0.86,-0.17,0.43,11.07,2.84,7.35,78
0.87,-0.18,0.44,9.7,4.21,8.23,78
0.87,-0.17,0.43,6.92,5.7,8.41,78
0.86,-0.17,0.42,2.13,7.32,8.87,78
0.85,-0.18,0.41,-2.2,7.9,8.32,78
0.87,-0.19,0.41,-3.11,8.2,6.95,78
0.89,-0.2,0.41,-2.04,8.69,5.27,78
0.88,-0.2,0.42,-1.95,8.57,4.21,78
0.87,-0.19,0.41,-5.15,8.6,4.63,78
0.87,-0.18,0.39,-10.24,8.23,4.57,78
0.87,-0.19,0.39,-12.77,7.84,3.41,78
0.88,-0.21,0.39,-12.71,7.47,2.77,78
0.89,-0.22,0.4,-12.74,6.89,2.59,78
0.89,-0.23,0.4,-12.35,5.49,2.16,78
0.88,-0.23,0.4,-9.63,4.3,2.04,78
0.87,-0.23,0.4,-6.43,3.51,1.16,78
0.88,-0.22,0.41,-5.18,2.13,-0.85,78
0.89,-0.22,0.41,-6.34,1.1,-2.65,78
0.89,-0.24,0.41,-7.1,-0.03,-4.51,78
0.9,-0.25,0.41,-5.15,-0.79,-6.07,78
0.91,-0.24,0.42,-2.01,-1.16,-7.77,78
0.91,-0.24,0.42,0.85,-2.84,-9.05,78
0.9,-0.22,0.43,1.43,-3.87,-9.18,78
0.88,-0.22,0.42,-0.7,-5.27,-9.42,78
0.88,-0.23,0.42,-2.59,-7.53,-9.7,78
0.87,-0.24,0.41,-0.12,-9.51,-9.05,78
0.86,-0.24,0.42,6.59,-10.85,-7.23,78
0.86,-0.23,0.42,13.14,-11.13,-4.82,78
0.87,-0.21,0.42,16.19,-11.07,-3.38,78
0.89,-0.2,0.42,16.22,-11.43,-3.14,78
0.89,-0.21,0.42,15.95,-12.65,-2.71,78
0.89,-0.22,0.43,17.32,-13.69,-1.34,78
0.89,-0.21,0.43,19.54,-14.09,0.12,78
0.88,-0.21,0.42,22.74,-14.18,1.49,78
0.9,-0.21,0.41,27.74,-14.33,2.68,78
0.91,-0.22,0.42,35.24,-14.73,4.12,78
0.88,-0.24,0.43,47.32,-16.13,5.49,78
0.84,-0.21,0.43,61.04,-13.84,7.84,78
0.84,-0.14,0.41,64.05,-8.05,9.15,78
0.87,-0.08,0.41,51.74,-4.94,8.02,78
0.89,-0.07,0.41,30.61,-4.42,6.4,78
0.88,-0.13,0.41,10.52,-6.31,3.99,78
0.86,-0.2,0.42,0.15,-10,0.64,78
0.87,-0.25,0.42,1.68,-11.28,-1.46,78
0.86,-0.25,0.42,10.79,-10.64,-3.41,78
0.86,-0.21,0.39,21.62,-9.91,-4.24,78
0.84,-0.15,0.38,25.4,-7.77,-2.62,78
0.85,-0.1,0.36,19.3,-5.58,-2.47,78
0.88,-0.11,0.37,8.57,-4.57,-4.76,78
0.9,-0.15,0.41,-0.46,-5.46,-5.58,78
0.89,-0.19,0.42,-4.63,-5.46,-3.38,78
0.9,-0.21,0.41,-5.85,-3.54,-1.01,78
0.9,-0.19,0.38,-6.4,-1.92,1.01,78
0.9,-0.17,0.35,-6.46,-1.55,4.27,78
0.9,-0.19,0.35,-2.96,-3.69,6.16,78
0.9,-0.2,0.39,5.91,-4.76,6.52,78
0.89,-0.17,0.4,11.59,-2.96,8.41,78
0.89,-0.15,0.39,6.13,-1.68,10.82,78
0.91,-0.14,0.37,-4.57,-2.04,11.43,78
0.94,-0.16,0.36,-9.42,-1.95,11.31,78
0.95,-0.18,0.38,-5.91,-2.35,9.94,78
0.95,-0.18,0.4,-0.12,-3.26,9.12,78
0.96,-0.17,0.41,-0.27,-2.87,9.05,78
0.96,-0.16,0.4,-3.99,-4.24,7.87,78
0.93,-0.16,0.38,-5.43,-6.37,7.32,78
0.89,-0.17,0.37,-2.5,-8.14,7.9,78
0.87,-0.18,0.39,4.42,-9.97,6.8,78
0.86,-0.19,0.4,12.38,-10.12,4.48,78
0.86,-0.18,0.39,16.01,-8.14,2.62,78
0.85,-0.14,0.38,13.93,-6.01,1.86,78
0.85,-0.12,0.36,7.8,-2.9,0.7,78
0.86,-0.12,0.37,1.07,0,-3.02,78
0.9,-0.14,0.39,-5.21,1.98,-6.55,78
0.91,-0.16,0.39,-12.44,4.94,-8.35,78
0.87,-0.15,0.36,-20.46,6.92,-8.11,78
0.84,-0.12,0.33,-28.63,9.24,-4.48,78
0.92,-0.12,0.31,-35.67,11.28,-4.6,78
0.98,-0.19,0.33,-35.49,7.04,-11.28,78
1.04,-0.24,0.38,-26.43,1.49,-14.94,78
1.03,-0.23,0.41,-20.12,-0.24,-14.76,78
0.96,-0.22,0.38,-19.33,-4.15,-14.91,78
0.87,-0.22,0.35,-14.94,-8.57,-13.81,78
0.82,-0.2,0.33,-2.68,-10.91,-11.13,78
0.83,-0.18,0.35,12.38,-12.44,-9.76,78
0.9,-0.16,0.38,22.65,-11.49,-9.6,78
0.94,-0.16,0.39,25.79,-8.51,-8.72,78
0.96,-0.14,0.38,25.79,-5.73,-6.92,78
0.92,-0.1,0.37,20,-2.04,-4.88,78
0.9,-0.09,0.38,6.01,0.55,-6.13,78
0.9,-0.14,0.39,-7.2,0,-10.37,78
0.89,-0.18,0.39,-12.5,-0.98,-11.62,78
0.89,-0.19,0.39,-12.13,-1.04,-9.42,78
0.91,-0.19,0.36,-8.75,-0.3,-8.84,78
0.93,-0.2,0.34,-1.46,-0.18,-8.99,78
0.95,-0.2,0.36,8.08,-0.95,-8.45,78
0.94,-0.18,0.39,16.13,-2.04,-9.09,78
0.92,-0.15,0.4,16.01,0,-8.93,78
0.91,-0.13,0.39,5.15,2.8,-8.32,78
0.93,-0.14,0.38,-6.28,2.87,-8.54,78
0.95,-0.16,0.37,-9.3,4.42,-7.5,78
0.94,-0.17,0.37,-6.68,7.2,-6.01,78
0.95,-0.16,0.37,-4.36,8.84,-4.91,78
0.95,-0.16,0.39,-6.16,10.43,-4.3,78
0.93,-0.17,0.39,-8.66,10,-4.12,78
0.92,-0.17,0.38,-9.57,9.91,-2.62,78
0.91,-0.15,0.37,-10.67,10.76,-1.68,78
0.93,-0.17,0.36,-10.21,10.37,-1.89,78
0.93,-0.18,0.36,-4.7,9.24,-0.85,78
0.92,-0.15,0.37,1.4,9.79,1.52,78
0.9,-0.14,0.37,0.91,10.09,2.65,78
0.89,-0.15,0.37,-3.57,8.35,3.41,78
0.87,-0.17,0.36,-4.21,5.73,4.45,78
0.85,-0.18,0.37,1.65,3.57,5.43,78
0.85,-0.17,0.38,8.38,2.96,5.82,78
0.84,-0.15,0.37,10.67,2.74,6.68,78
0.85,-0.14,0.37,9.45,1.59,7.5,78
0.88,-0.15,0.39,8.78,-0.4,6.16,78
0.92,-0.16,0.42,10.4,-1.13,3.93,78
0.94,-0.17,0.42,11.46,-0.67,3.66,78
0.94,-0.17,0.42,11.62,-0.03,4.91,78
0.93,-0.15,0.4,13.63,1.1,5.95,78
0.92,-0.15,0.39,16.98,2.62,7.04,78
0.89,-0.16,0.39,20.24,2.93,7.77,78
0.88,-0.15,0.4,23.32,2.47,8.75,78
0.9,-0.14,0.41,23.38,4.12,9.57,78
0.91,-0.13,0.4,18.9,5.52,8.41,78
0.88,-0.12,0.37,11.37,5.85,8.17,78
0.86,-0.1,0.35,1.22,7.29,8.93,78
0.85,-0.11,0.36,-8.32,6.16,7.23,78
0.86,-0.15,0.36,-12.74,3.45,5.88,78
0.87,-0.18,0.37,-11.55,1.07,5.52,78
0.88,-0.2,0.38,-7.04,-1.86,5.34,78
0.88,-0.18,0.38,-1.55,-3.32,5.34,78
0.87,-0.16,0.37,2.93,-3.45,5.43,78
0.88,-0.13,0.37,4.42,-2.77,5.03,78
0.9,-0.11,0.37,0.98,-1.68,3.99,78
0.93,-0.13,0.38,-4.76,-1.77,1.59,78
0.93,-0.16,0.4,-6.25,-2.53,-0.06,78
0.91,-0.16,0.41,-4.21,-1.59,0,78
0.89,-0.15,0.4,-4.97,0.27,-0.4,78
0.9,-0.12,0.38,-11.07,2.01,-1.22,78
0.89,-0.12,0.36,-18.75,2.5,-1.49,78
0.88,-0.16,0.37,-20.55,0.98,-2.16,78
0.87,-0.19,0.38,-14.39,0.34,-3.17,78
0.86,-0.2,0.4,-6.65,0.24,-4.36,78
0.87,-0.19,0.41,-3.84,-0.76,-4.76,78
0.89,-0.16,0.42,-5.67,-2.32,-5.09,78
0.91,-0.16,0.41,-8.23,-3.35,-6.59,78
0.93,-0.16,0.41,-8.99,-3.2,-8.41,78
0.93,-0.16,0.41,-7.99,-2.07,-9.45,78
0.9,-0.16,0.4,-6.83,-0.91,-9.33,78
0.89,-0.16,0.41,-7.2,-0.4,-8.9,78
0.92,-0.16,0.44,-8.72,0.12,-10.03,78
0.95,-0.17,0.44,-10.24,0.82,-12.01,78
0.95,-0.18,0.42,-10.3,0.98,-11.43,78
0.91,-0.18,0.4,-8.93,1.74,-8.81,78
0.89,-0.18,0.4,-5.06,1.34,-9.18,78
0.94,-0.19,0.44,2.04,0.43,-12.87,78
0.94,-0.19,0.44,7.32,1.1,-16.68,78