0.88,0.45,0.13,1.98,0.06,0,69
0.88,0.45,0.14,0.79,-0.15,0.09,69
0.87,0.44,0.13,1.65,-0.43,-0.52,69
0.88,0.44,0.17,0.58,-0.58,-0.34,69
0.89,0.48,0.12,0.15,-0.58,-0.12,69
0.88,0.44,0.21,-1.4,-0.67,0.06,69
0.88,0.45,0.19,-0.85,-0.88,0.21,69
0.88,0.44,0.21,0.18,-0.73,0.18,69
0.89,0.43,0.15,0.98,-0.24,0.27,69
0.88,0.47,0.05,0.82,-0.3,0.21,69
0.86,0.47,0.16,-0.98,-1.16,-0.15,69
0.9,0.44,0.13,-0.73,0.15,-0.06,69
0.85,0.47,0.15,-1.55,-1.1,-0.18,69
0.91,0.44,0.11,-0.37,0.12,-0.15,69
0.87,0.47,0.06,-0.18,-0.49,-0.12,69
0.87,0.47,0.05,0.24,-0.27,-0.21,69
0.88,0.44,0.17,-0.82,0.06,-0.34,69
0.87,0.45,0.13,-0.64,0.09,-0.79,69
0.88,0.45,0.12,-0.67,0.03,-0.46,69
0.88,0.45,0.13,0.09,0.37,-0.88,69
0.88,0.45,0.13,0.3,0.49,-0.46,69
0.88,0.45,0.12,0.58,0.49,-0.58,69
0.87,0.45,0.13,0.82,0.43,-0.7,69
0.88,0.45,0.13,0.4,0.52,-0.79,69
0.87,0.45,0.13,0.73,0.46,-1.25,69
0.87,0.45,0.12,1.68,0.21,-1.65,69
0.87,0.45,0.12,2.44,0.24,-1.83,69
0.88,0.45,0.13,2.35,0.3,-1.95,69
0.88,0.46,0.13,2.56,0.4,-2.01,69
0.89,0.45,0.12,3.87,0.58,-2.35,69
0.89,0.45,0.13,5.91,1.04,-2.74,69
0.89,0.45,0.13,7.77,1.34,-3.32,69
0.89,0.45,0.14,8.75,1.55,-3.63,69
0.89,0.45,0.15,8.6,1.89,-4.12,69
0.89,0.45,0.15,7.16,1.71,-4.21,69
0.91,0.46,0.16,4.39,1.4,-3.51,69
0.92,0.46,0.17,2.1,1.74,-1.86,69
0.91,0.45,0.16,2.2,1.68,-1.28,69
0.89,0.45,0.16,0.82,0.12,-0.52,69
0.84,0.45,0.19,-5.43,-1.01,1.13,69
0.82,0.44,0.17,-12.35,-2.16,2.26,69
0.82,0.45,0.16,-16.98,-4.21,3.63,69
0.82,0.47,0.16,-22.13,-5.61,6.16,69
0.84,0.48,0.15,-28.81,-5.91,8.87,69
0.85,0.48,0.13,-33.66,-6.01,10.88,69
0.86,0.46,0.11,-32.47,-5.27,11.62,69
0.85,0.44,0.1,-25,-3.6,9.42,69
0.85,0.44,0.09,-16.49,-1.8,5.24,69
0.85,0.46,0.09,-11.77,-0.88,0.34,69
0.86,0.48,0.1,-12.26,-2.35,-3.93,69
0.88,0.49,0.11,-16.16,-3.87,-6.55,69
0.9,0.49,0.09,-18.29,-4.48,-7.74,69
0.95,0.5,0.08,-17.38,-5.37,-7.77,69
1.06,0.54,0.12,-18.11,-6.95,-6.71,69
1.1,0.57,0.15,-24.33,-7.71,-1.83,69
0.95,0.49,0.12,-29.09,-5.03,5.64,69
0.76,0.35,0.04,-16.49,2.23,4.76,69
0.71,0.28,0.03,14.91,9.36,-5.52,69
0.74,0.34,0.1,43.54,12.5,-14.57,69
0.8,0.47,0.17,49.94,12.13,-17.13,69
0.84,0.54,0.18,37.93,10.15,-16.74,69
0.85,0.5,0.16,26.89,7.59,-17.71,69
0.84,0.44,0.15,29.3,5.7,-20.12,69
0.86,0.41,0.16,38.2,5.18,-23.9,69
0.9,0.38,0.14,41.22,6.98,-29.18,69
0.92,0.38,0.11,37.1,8.23,-33.11,69
0.92,0.42,0.12,29.66,6.01,-34.6,69
0.9,0.46,0.13,18.14,1.59,-34.66,69
0.89,0.46,0.13,7.68,-3.2,-30.15,69
0.93,0.5,0.13,4.39,-9.45,-22.8,69
0.99,0.59,0.2,0.95,-16.92,-8.9,69
1,0.62,0.26,-12.62,-22.44,9.45,69
0.91,0.55,0.24,-27.01,-20.85,24.91,69
0.82,0.46,0.16,-29.18,-11.1,32.56,69
0.74,0.35,0.07,-18.72,0.55,33.6,69
0.72,0.33,0.07,-6.89,6.55,33.57,69
0.74,0.36,0.1,-5.37,7.41,36.62,69
0.78,0.42,0.11,-6.31,7.8,40.61,69
0.81,0.48,0.14,4.33,7.07,42.9,69
0.84,0.51,0.19,24.82,7.2,40.18,69
0.91,0.5,0.19,41.37,8.93,31.19,69
0.96,0.52,0.18,39.48,8.54,23.41,69
0.96,0.54,0.16,14.6,2.01,19.66,69
0.94,0.48,0.12,-16.83,-6.16,12.07,69
0.89,0.44,0.09,-31.19,-9.36,4.85,69
0.9,0.49,0.13,-29.63,-11.43,-0.91,69
0.96,0.53,0.18,-27.1,-14.79,-4.54,69
1.03,0.55,0.21,-27.13,-15.24,-4.76,69
1.01,0.56,0.21,-26.83,-11.59,-0.37,69
0.91,0.5,0.16,-24.36,-3.51,3.08,69
0.83,0.42,0.09,-17.1,6.83,2.35,69
0.77,0.37,0.05,-6.22,13.84,0.12,69
0.76,0.36,0.06,4.54,15.85,-2.68,69
0.79,0.41,0.1,13.41,15.37,-4.45,69
0.8,0.46,0.14,20,14.94,-4.15,69
0.78,0.48,0.16,26.28,14.51,-5.82,69
0.8,0.48,0.15,31.04,12.8,-10.61,69
0.89,0.49,0.14,28.66,9.21,-15.88,69
0.98,0.52,0.15,16.19,2.96,-18.63,69
0.98,0.53,0.15,-6.01,-3.14,-17.65,69
0.91,0.48,0.11,-27.56,-6.52,-15.95,69
0.87,0.43,0.08,-33.66,-7.87,-17.38,69
0.88,0.43,0.11,-25.34,-10.24,-17.5,69
0.94,0.5,0.17,-17.47,-12.87,-14.05,69
0.99,0.53,0.21,-17.87,-13.29,-9.27,69
0.96,0.5,0.22,-20.64,-10.95,-3.93,69
0.88,0.45,0.16,-17.84,-2.68,-0.82,69
0.8,0.37,0.1,-9.63,7.77,-2.93,69
0.77,0.31,0.05,0.98,13.41,-7.59,69
0.77,0.3,0.06,13.81,14.85,-10.76,69
0.79,0.36,0.11,25.95,14.15,-11.74,69
0.79,0.43,0.16,34.21,12.26,-11.43,69
0.8,0.47,0.2,37.44,9.63,-12.56,69
0.85,0.49,0.19,33.14,6.59,-12.71,69
0.91,0.52,0.17,21.31,2.41,-9.88,69
0.96,0.52,0.17,4.02,-4.85,-6.74,69
0.94,0.49,0.15,-16.04,-10.7,-3.14,69
0.88,0.43,0.11,-29.85,-12.62,0.15,69
0.87,0.42,0.12,-30.88,-14.79,1.8,69
0.91,0.46,0.16,-25.76,-16.98,3.69,69
0.97,0.5,0.2,-23.32,-17.13,6.68,69
0.98,0.51,0.22,-24.21,-15.06,10.82,69
0.95,0.48,0.21,-23.9,-9.54,14.42,69
0.87,0.42,0.15,-19.09,-0.03,15.46,69
0.79,0.35,0.07,-7.93,8.81,13.63,69
0.74,0.31,0.05,7.29,13.14,9.33,69
0.75,0.34,0.08,20,12.84,6.95,69
0.77,0.42,0.13,27.99,11.68,8.38,69
0.78,0.48,0.17,33.48,10.09,8.45,69
0.83,0.51,0.19,35.67,8.08,6.37,69
0.91,0.54,0.19,29.82,5.43,6.01,69
0.95,0.55,0.16,13.38,0.88,8.72,69
0.93,0.51,0.12,-7.01,-4.18,10.95,69
0.89,0.45,0.08,-20.85,-7.04,10.7,69
0.89,0.43,0.08,-21.98,-9.91,8.75,69
0.91,0.46,0.13,-15.27,-13.08,7.9,69
0.93,0.51,0.18,-10.15,-14.54,7.96,69
0.95,0.53,0.2,-9.82,-14.82,7.41,69
0.93,0.52,0.21,-12.74,-13.14,7.8,69
0.89,0.49,0.19,-17.96,-8.57,7.87,69
0.82,0.42,0.12,-20.52,-1.77,6.16,69
0.79,0.35,0.05,-12.38,4.05,2.74,69
0.78,0.34,0.06,5.73,7.29,-1.22,69
0.81,0.4,0.1,23.41,8.93,-3.41,69
0.81,0.47,0.15,33.2,10.03,-4.39,69
0.84,0.49,0.17,36.43,9.91,-6.98,69
0.89,0.51,0.17,33.48,8.54,-9.66,69
0.92,0.51,0.16,24.12,5.46,-10.98,69
0.94,0.49,0.14,12.2,1.46,-12.5,69
0.92,0.47,0.13,1.34,-3.17,-14.51,69
0.88,0.46,0.13,-8.45,-6.77,-15.55,69
0.87,0.45,0.13,-14.91,-9.66,-15.7,69
0.88,0.47,0.15,-17.1,-13.26,-14.97,69
0.93,0.51,0.18,-19.24,-15.67,-11.68,69
0.97,0.53,0.2,-23.35,-16.13,-7.44,69
0.96,0.5,0.2,-28.08,-14.24,-1.8,69
0.9,0.45,0.16,-28.11,-7.74,1.92,69
0.84,0.38,0.11,-19.6,0.85,1.43,69
0.81,0.33,0.07,-3.9,7.47,-1.19,69
0.8,0.34,0.09,12.8,10.4,-3.81,69
0.83,0.4,0.13,23.32,11.4,-4.76,69
0.86,0.47,0.17,26.04,11.89,-3.54,69
0.88,0.49,0.18,25.15,11.34,-3.6,69
0.9,0.5,0.18,21.74,9.76,-4.39,69
0.92,0.5,0.17,12.38,6.07,-4.33,69
0.91,0.46,0.14,0.27,2.32,-3.81,69
0.9,0.43,0.12,-5.73,-0.24,-4.94,69
0.91,0.43,0.12,-6.62,-2.29,-6.31,69
0.9,0.45,0.14,-8.05,-4.09,-5.55,69
0.88,0.47,0.15,-11.74,-5.46,-3.96,69
0.86,0.46,0.16,-15.06,-6.46,-1.37,69
0.87,0.46,0.16,-16.52,-6.62,1.4,69
0.89,0.45,0.16,-16.74,-6.01,3.57,69
0.88,0.44,0.15,-16.95,-4.33,6.04,69
0.83,0.41,0.13,-15.34,-1.62,7.56,69
0.8,0.38,0.11,-9.02,1.37,6.98,69
0.8,0.39,0.11,0.82,4.27,4.85,69
0.83,0.42,0.12,8.41,6.01,3.81,69
0.85,0.45,0.13,10.21,6.46,4.09,69
0.87,0.47,0.12,8.93,6.49,5.21,69
0.88,0.47,0.11,8.23,6.49,7.29,69
0.88,0.48,0.1,8.57,6.25,9.48,69
0.88,0.47,0.09,9.54,5.27,11.37,69
0.87,0.46,0.1,12.38,4.09,12.07,69
0.88,0.46,0.1,16.89,3.48,11.34,69
0.9,0.47,0.11,20.03,3.11,9.48,69
0.94,0.48,0.13,20.03,2.74,6.92,69
0.99,0.48,0.13,18.9,2.99,3.96,69
1,0.47,0.13,19.6,4.51,1.13,69
0.99,0.45,0.12,23.05,6.19,-2.38,69
0.96,0.43,0.13,28.35,6.95,-5.79,69
0.92,0.44,0.16,31.59,6.68,-8.45,69
0.87,0.44,0.16,30,5.76,-10.98,69
0.82,0.44,0.17,25.03,3.26,-12.07,69
0.8,0.46,0.18,17.04,0.27,-11.25,69
0.79,0.47,0.18,6.43,-3.02,-8.11,69
0.8,0.47,0.17,-5.46,-5.79,-2.77,69
0.81,0.47,0.15,-14.48,-7.32,3.96,69
0.83,0.48,0.15,-19.09,-8.41,11.95,69
0.86,0.48,0.16,-20.06,-8.93,20.09,69
0.88,0.47,0.16,-17.56,-7.53,26.22,69
0.89,0.46,0.17,-11.59,-4.73,30.12,69
0.9,0.45,0.17,-6.04,-0.91,30.85,69
0.89,0.43,0.16,-2.23,1.83,28.54,69
0.88,0.41,0.16,0.95,3.23,23.26,69
0.87,0.4,0.17,3.96,3.32,15.49,69
0.87,0.42,0.18,4.73,2.1,8.11,69
0.87,0.45,0.19,2.2,-0.34,1.43,69
0.88,0.47,0.2,-3.02,-3.41,-3.84,69
0.89,0.49,0.19,-10.98,-5.95,-6.01,69
0.89,0.48,0.18,-19.33,-7.99,-6.68,69
0.89,0.47,0.16,-23.93,-9.05,-6.13,69
0.88,0.46,0.16,-25.24,-8.75,-4.82,69
0.87,0.45,0.15,-24.15,-7.44,-3.11,69
0.86,0.44,0.15,-21.68,-5.46,-1.49,69
0.85,0.44,0.14,-18.6,-3.17,-1.37,69
0.86,0.44,0.14,-15.49,-1.16,-2.5,69
0.86,0.44,0.15,-14.09,0.46,-3.96,69
0.88,0.45,0.14,-14.7,1.34,-6.01,69
0.89,0.44,0.13,-15.24,1.46,-8.17,69
0.9,0.44,0.13,-13.75,1.34,-10.27,69
0.9,0.44,0.13,-10.95,1.31,-12.62,69
0.9,0.43,0.12,-8.51,0.85,-14.54,69
0.9,0.43,0.12,-7.13,0.46,-15.82,69
0.89,0.43,0.12,-6.8,-0.12,-16.95,69
0.88,0.43,0.13,-7.2,-0.85,-18.05,69
0.88,0.42,0.13,-7.68,-1.37,-18.75,69
0.88,0.41,0.12,-7.53,-1.43,-19.15,69
0.89,0.41,0.12,-5.55,-1.25,-19.24,69
0.89,0.41,0.11,-2.1,-0.7,-19.12,69
0.88,0.41,0.12,1.4,-0.15,-18.57,69
0.88,0.42,0.12,3.66,0.03,-18.02,69
0.88,0.42,0.12,4.54,0.15,-17.07,69
0.89,0.42,0.13,4.85,0.21,-15.82,69
0.89,0.41,0.12,6.01,0.4,-14.39,69
0.89,0.41,0.12,8.08,0.55,-12.74,69
0.89,0.42,0.13,9.82,0.34,-11.01,69
0.89,0.42,0.14,10.18,0.09,-8.9,69
0.88,0.42,0.14,9.79,0.18,-6.74,69
0.88,0.41,0.13,10.58,0.46,-5.03,69
0.88,0.41,0.14,12.38,0.61,-3.41,69
0.88,0.41,0.15,13.9,0.95,-1.89,69
0.88,0.42,0.15,14.36,1.31,-0.12,69
0.88,0.42,0.15,14.54,1.74,1.71,69
0.88,0.43,0.15,15.12,1.98,3.51,69
0.88,0.43,0.16,15.55,1.92,5.55,69
0.88,0.44,0.16,15.15,1.8,7.74,69
0.88,0.44,0.16,14.24,1.59,9.97,69
0.88,0.45,0.16,12.9,1.16,12.23,69
0.88,0.45,0.16,11.46,0.91,14.42,69
0.88,0.45,0.15,10.58,0.73,16.49,69
0.88,0.45,0.16,9.88,0.79,18.2,69
0.88,0.46,0.15,9.21,0.67,19.51,69
0.88,0.46,0.16,7.9,0.73,20.73,69
0.88,0.46,0.16,6.74,1.16,21.71,69
0.89,0.46,0.15,6.92,1.65,22.32,69
0.89,0.47,0.16,7.87,2.16,22.41,69
0.89,0.47,0.16,8.48,2.8,21.95,69
0.88,0.47,0.16,8.26,3.11,20.91,69
0.88,0.47,0.15,7.59,3.08,19.36,69
0.87,0.47,0.15,6.83,3.08,16.95,69
0.87,0.47,0.15,6.1,2.87,14.48,69
0.88,0.47,0.14,5.18,2.41,12.29,69
0.88,0.48,0.15,3.75,1.77,10.43,69
0.88,0.48,0.15,2.04,1.52,8.84,69
0.87,0.48,0.14,1.37,1.37,7.56,69
0.87,0.48,0.14,1.52,1.22,6.4,69
0.87,0.48,0.14,0.98,1.13,5.09,69
0.87,0.48,0.14,-0.85,0.91,3.9,69
0.87,0.48,0.13,-3.23,0.61,2.53,69
0.87,0.47,0.13,-4.02,0.37,0.73,69
0.87,0.47,0.13,-3.41,0.06,-1.31,69
0.88,0.47,0.13,-2.84,-0.3,-3.48,69
0.88,0.47,0.13,-3.14,-0.82,-5.27,69
0.88,0.47,0.13,-4.33,-1.37,-6.62,69
0.88,0.46,0.13,-5.4,-1.68,-8.14,69
0.88,0.45,0.13,-5.73,-2.07,-9.85,69
0.88,0.45,0.13,-5.7,-2.47,-11.13,69
0.88,0.45,0.13,-6.13,-2.8,-12.44,69
0.89,0.44,0.13,-6.68,-3.05,-13.6,69
0.89,0.44,0.13,-6.77,-3.2,-14.45,69
0.89,0.44,0.13,-6.49,-3.17,-14.97,69
0.89,0.44,0.13,-6.07,-3.02,-15.79,69
0.89,0.43,0.13,-5.73,-2.74,-16.19,69
0.89,0.43,0.14,-5.58,-2.47,-16.65,69
0.89,0.43,0.13,-5.49,-2.26,-17.07,69
0.89,0.43,0.13,-5.4,-1.77,-17.07,69
0.89,0.43,0.13,-4.97,-1.49,-16.86,69
0.89,0.43,0.13,-4.21,-1.07,-16.22,69
0.89,0.43,0.13,-3.38,-0.85,-15.4,69
0.89,0.42,0.13,-2.8,-0.52,-14.48,69
0.89,0.42,0.13,-2.44,-0.18,-13.29,69
0.89,0.42,0.13,-1.74,0.15,-11.98,69
0.89,0.42,0.13,-0.95,0.67,-10.7,69
0.88,0.42,0.13,0.12,1.07,-9.57,69
0.88,0.42,0.13,1.25,1.28,-8.26,69
0.89,0.42,0.13,1.77,1.37,-6.95,69
0.89,0.42,0.13,2.16,1.49,-5.46,69
0.89,0.42,0.13,2.74,1.65,-3.93,69
0.88,0.42,0.13,3.93,1.77,-2.47,69
0.88,0.42,0.13,4.79,1.52,-1.07,69
0.88,0.43,0.14,4.7,1.28,0.4,69
0.88,0.43,0.14,4.27,1.07,1.74,69
0.88,0.43,0.14,3.96,0.82,3.23,69
0.88,0.43,0.14,4.18,0.55,4.73,69
0.88,0.44,0.13,4.51,0.61,5.85,69
0.88,0.44,0.14,4.76,0.52,7.2,69
0.87,0.44,0.14,4.66,0.27,8.35,69
0.88,0.44,0.14,4.51,0.24,9.39,69
0.88,0.45,0.14,4.66,0.21,10.34,69
0.87,0.45,0.14,4.54,0.09,11.19,69
0.87,0.45,0.14,4.33,0.03,12.04,69
0.87,0.46,0.14,3.69,-0.21,12.62,69
0.88,0.46,0.14,2.96,-0.37,13.14,69
0.88,0.46,0.14,2.96,-0.21,13.38,69
0.88,0.46,0.14,3.2,-0.34,13.29,69
0.88,0.46,0.14,3.02,-0.61,13.23,69
0.88,0.47,0.14,1.89,-0.88,12.74,69
0.88,0.46,0.14,0.7,-1.13,12.07,69
0.88,0.46,0.13,0.95,-1.04,10.95,69
0.88,0.46,0.13,2.59,-0.73,9.27,69
0.88,0.46,0.14,4.18,-0.52,7.62,69
0.88,0.47,0.14,4.05,-0.52,6.31,69
0.88,0.47,0.15,2.38,-0.58,5.06,69
0.88,0.46,0.14,1.22,-0.67,3.78,69
0.88,0.46,0.14,1.25,-0.95,2.41,69
0.88,0.46,0.14,1.62,-1.01,1.25,69
0.88,0.46,0.15,1.46,-1.07,0.15,69
0.88,0.47,0.15,0.18,-1.16,-0.64,69
0.88,0.46,0.15,-1.25,-1.1,-1.25,69
0.88,0.45,0.14,-1.62,-1.07,-2.01,69
0.88,0.45,0.14,-0.98,-0.76,-2.68,69
0.88,0.45,0.14,-0.37,-0.67,-3.35,69
0.88,0.45,0.14,-0.82,-0.64,-3.81,69
0.88,0.45,0.14,-1.74,-0.43,-4.42,69
0.88,0.44,0.14,-2.2,-0.27,-5.27,69
0.89,0.45,0.14,-1.98,-0.21,-5.85,69
0.88,0.45,0.14,-2.13,-0.09,-6.31,69
0.89,0.45,0.14,-2.77,-0.21,-6.52,69
0.89,0.44,0.14,-3.35,-0.18,-6.89,69
0.88,0.44,0.14,-3.17,-0.15,-7.13,69
0.88,0.44,0.14,-2.84,-0.27,-7.23,69
0.88,0.44,0.14,-3.23,-0.34,-7.29,69
0.88,0.44,0.14,-3.78,-0.21,-7.23,69
0.88,0.44,0.13,-3.87,-0.15,-7.01,69
0.88,0.43,0.14,-3.45,-0.06,-6.8,69
0.88,0.43,0.13,-3.05,0.09,-6.46,69
0.88,0.43,0.14,-2.77,0.15,-6.28,69
0.88,0.43,0.14,-2.8,0.06,-5.76,69
0.88,0.43,0.13,-2.87,0.09,-5.34,69
0.88,0.43,0.14,-2.56,0.03,-4.88,69
0.88,0.43,0.13,-2.1,0.09,-4.45,69
0.88,0.43,0.14,-1.71,0.06,-4.18,69
0.88,0.43,0.13,-1.68,0.03,-3.45,69
0.89,0.43,0.14,-1.77,0.09,-2.71,69
0.89,0.43,0.13,-1.68,-0.03,-2.2,69
0.88,0.43,0.13,-1.52,0,-1.46,69
0.88,0.43,0.14,-1.16,-0.12,-0.82,69
0.88,0.43,0.13,-0.55,-0.09,-0.27,69
0.88,0.43,0.13,-0.21,-0.06,0.06,69
0.88,0.44,0.13,0.15,-0.06,0.34,69
0.88,0.44,0.14,0.18,-0.15,0.61,69
0.88,0.44,0.14,-0.03,-0.24,1.04,69
0.88,0.44,0.14,-0.37,-0.27,1.37,69
0.88,0.44,0.14,0,-0.34,1.65,69
0.88,0.44,0.14,0.64,-0.27,1.86,69
0.87,0.44,0.14,1.28,-0.21,2.07,69
0.87,0.45,0.14,1.37,-0.06,1.95,69
0.88,0.45,0.14,0.98,-0.18,2.07,69
0.87,0.45,0.14,0.49,-0.12,1.98,69
0.88,0.44,0.13,0.88,0.24,1.92,69
0.88,0.45,0.14,2.13,0.46,1.8,69
0.88,0.45,0.14,2.87,0.37,1.65,69
0.88,0.45,0.14,2.53,0.34,1.43,69
0.88,0.45,0.14,1.92,0.09,1.28,69
0.87,0.45,0.14,1.89,-0.21,1.16,69
0.87,0.45,0.14,2.44,-0.03,0.58,69
0.88,0.45,0.14,2.84,0.06,0.09,69
0.88,0.45,0.14,2.62,-0.09,-0.24,69
0.88,0.45,0.14,2.1,-0.12,-0.3,69
0.88,0.45,0.14,2.07,0.09,-0.37,69
0.88,0.45,0.14,2.65,0.06,-0.4,69
0.88,0.45,0.14,3.35,0,-0.61,69
0.88,0.45,0.14,3.38,-0.15,-0.79,69
0.88,0.45,0.14,2.74,-0.18,-1.07,69
0.88,0.45,0.14,2.04,-0.3,-1.31,69
0.88,0.45,0.14,1.98,-0.43,-1.62,69
0.88,0.45,0.14,2.38,-0.43,-1.77,69
0.88,0.45,0.14,2.71,-0.46,-1.65,69
0.89,0.45,0.14,2.38,-0.4,-1.4,69
0.88,0.45,0.14,1.86,-0.34,-0.82,69
0.88,0.44,0.14,2.29,-0.09,-0.82,69
0.88,0.44,0.14,3.17,0.03,-1.25,69
0.88,0.45,0.14,3.48,0.12,-1.34,69
0.88,0.45,0.15,2.53,-0.06,-1.22,69
0.88,0.45,0.14,1.31,0.06,-0.82,69
0.88,0.45,0.14,1.13,0.15,-0.58,69
0.88,0.44,0.14,1.92,0.21,-0.24,69
0.88,0.45,0.14,2.59,0.27,0.06,69
0.88,0.45,0.14,2.62,0.34,0.18,69
0.88,0.45,0.14,1.74,0.4,0.12,69
0.88,0.45,0.14,0.61,0.43,0.12,69
0.88,0.45,0.14,0.34,0.46,0.15,69
0.88,0.45,0.14,1.16,0.52,0.15,69
0.88,0.45,0.14,1.86,0.61,-0.09,69
0.88,0.45,0.14,1.65,0.52,-0.15,69
0.88,0.45,0.14,0.88,0.43,0.03,69
0.88,0.45,0.14,0.49,0.46,-0.06,69
0.88,0.45,0.14,0.49,0.4,0.12,69
0.88,0.45,0.14,0.61,0.4,0.24,69
0.88,0.45,0.13,0.73,0.4,0.18,69
0.88,0.45,0.14,0.79,0.37,-0.09,69
0.88,0.45,0.14,0.82,0.12,-0.15,69
0.88,0.45,0.13,0.67,0,-0.4,69
0.88,0.45,0.14,0.64,-0.06,-0.52,69
0.88,0.45,0.14,0.79,0,-0.55,69
0.88,0.45,0.14,0.95,0.09,-0.55,69
0.88,0.45,0.14,1.01,0,-0.46,69
0.88,0.45,0.14,0.64,-0.06,-0.58,69
0.88,0.45,0.14,0.55,-0.03,-0.73,69
0.88,0.45,0.14,0.76,0,-0.85,69
0.88,0.45,0.14,0.61,-0.12,-0.76,69
0.89,0.45,0.14,0.24,-0.12,-0.7,69
0.88,0.44,0.13,0.34,0.3,-0.58,69
0.88,0.44,0.14,1.4,0.46,-0.67,69
0.88,0.45,0.14,2.13,0.46,-0.82,69
0.88,0.45,0.15,1.59,0.37,-0.88,69
0.88,0.45,0.14,0.03,-0.06,-0.7,69
0.88,0.45,0.14,-0.91,-0.3,-0.27,69
0.88,0.44,0.14,-0.34,-0.15,-0.27,69
0.87,0.44,0.14,0.58,0.03,-0.15,69
0.87,0.45,0.14,0.52,0.15,0,69
0.88,0.45,0.14,-0.12,0.34,0.15,69
0.88,0.45,0.14,-0.09,0.49,0.09,69
0.88,0.45,0.14,0.67,0.61,-0.24,69
0.88,0.45,0.14,1.16,0.79,-0.4,69
0.88,0.45,0.14,0.98,0.82,-0.46,69
0.88,0.45,0.14,0.67,0.82,-0.55,69
0.88,0.45,0.14,0.55,0.79,-0.73,69
0.87,0.45,0.14,0.73,0.67,-0.82,69
0.87,0.45,0.14,1.01,0.64,-1.13,69
0.88,0.45,0.13,1.28,0.58,-1.16,69
0.88,0.45,0.13,1.22,0.61,-0.98,69
0.88,0.45,0.14,0.79,0.4,-0.67,69
0.88,0.45,0.13,0.98,0.52,-0.76,69
0.88,0.45,0.13,1.95,0.3,-1.1,69
0.87,0.45,0.14,2.32,0.12,-1.28,69
0.87,0.45,0.14,1.74,-0.06,-1.4,69
0.88,0.45,0.14,0.85,-0.27,-1.25,69
0.88,0.45,0.13,0.85,-0.34,-1.1,69
0.88,0.44,0.14,1.68,-0.37,-0.88,69
0.87,0.45,0.14,2.29,-0.27,-0.64,69
0.88,0.45,0.14,2.35,-0.3,-0.61,69
0.87,0.45,0.14,1.77,-0.43,-0.7,69
0.88,0.45,0.14,1.22,-0.55,-0.79,69
0.88,0.45,0.14,1.25,-0.61,-0.82,69
0.88,0.45,0.14,1.62,-0.49,-0.79,69
0.88,0.45,0.14,2.07,-0.34,-0.61,69
0.88,0.45,0.14,1.83,-0.34,-0.3,69
0.88,0.45,0.14,1.43,-0.34,-0.09,69
0.88,0.45,0.15,1.13,-0.27,0.09,69
0.88,0.45,0.14,1.31,-0.24,0,69
0.88,0.45,0.14,1.46,-0.27,0.09,69
0.88,0.45,0.14,1.46,-0.3,0.03,69
0.88,0.45,0.14,1.4,-0.24,0.03,69
0.88,0.45,0.14,1.25,-0.18,-0.18,69
0.88,0.45,0.14,1.16,-0.06,0,69
0.88,0.45,0.14,1.37,-0.03,-0.06,69
0.88,0.45,0.14,1.49,-0.09,-0.15,69
0.88,0.45,0.14,1.43,-0.09,-0.09,69
0.88,0.46,0.14,1.01,-0.12,-0.06,69
0.88,0.45,0.14,0.64,-0.18,0.12,69
0.87,0.45,0.14,0.88,-0.06,0.18,69
0.88,0.45,0.14,1.37,0.12,0,69
0.87,0.45,0.14,1.89,0.24,-0.12,69
0.88,0.45,0.14,1.8,0.03,-0.27,69
0.88,0.45,0.14,1.31,0.15,-0.49,69
0.88,0.45,0.14,1.34,0.37,-0.46,69
0.88,0.45,0.14,2.38,0.58,-0.49,69
0.88,0.45,0.14,3.45,0.88,-0.49,69
0.88,0.46,0.15,3.38,1.01,-0.52,69
0.88,0.46,0.15,2.26,0.73,-0.67,69
0.88,0.46,0.15,1.13,0.76,-0.52,69
0.87,0.45,0.14,1.16,1.04,-0.67,69
0.87,0.46,0.14,1.46,1.07,-0.49,69
0.87,0.46,0.14,0.82,1.22,-0.37,69
0.86,0.46,0.15,-0.27,1.4,-0.06,69
0.87,0.46,0.14,-0.91,1.22,-0.3,69
0.88,0.46,0.14,-0.88,1.07,-0.55,69
0.88,0.46,0.14,-0.73,0.91,-0.73,69
0.88,0.47,0.13,-1.28,0.76,-0.95,69
0.88,0.46,0.14,-1.95,0.52,-1.4,69
0.87,0.45,0.14,-1.92,0.34,-2.04,69
0.87,0.45,0.14,-1.1,0.52,-2.9,69
0.87,0.44,0.13,-0.15,0.73,-3.6,69
0.88,0.45,0.13,0.37,0.91,-3.75,69
0.88,0.45,0.14,0.34,0.85,-3.48,69
0.88,0.45,0.14,-0.15,0.82,-2.59,69
0.88,0.44,0.14,-0.03,0.85,-1.8,69
0.87,0.44,0.13,0.98,0.58,-1.59,69
0.87,0.44,0.14,1.83,0.37,-1.43,69
0.87,0.44,0.14,1.07,0.21,-1.31,69
0.88,0.44,0.14,-0.82,0,-1.1,69
0.88,0.44,0.14,-1.71,-0.34,-0.79,69
0.89,0.44,0.14,-0.67,-0.27,-0.18,69
0.88,0.44,0.13,1.25,-0.09,0.49,69
0.88,0.44,0.14,2.8,0.09,0.82,69
0.87,0.44,0.14,2.87,-0.03,1.1,69
0.88,0.44,0.14,1.68,-0.15,1.01,69
0.88,0.45,0.14,0.27,-0.49,1.1,69
0.88,0.45,0.14,-0.12,-0.79,1.34,69
0.88,0.45,0.14,0.55,-0.88,1.71,69
0.87,0.45,0.14,1.71,-0.76,1.86,69
0.87,0.45,0.14,2.16,-0.76,2.01,69
0.88,0.45,0.14,1.71,-0.61,2.04,69
0.88,0.45,0.14,1.04,-0.52,2.1,69
0.88,0.46,0.14,0.85,-0.43,2.04,69
0.88,0.46,0.14,1.37,-0.37,1.8,69
0.88,0.46,0.14,1.89,-0.37,1.37,69
0.88,0.46,0.14,2.01,-0.55,1.07,69
0.87,0.46,0.15,1.8,-0.61,0.67,69
0.87,0.46,0.14,1.59,-0.52,0.27,69
0.87,0.46,0.14,1.68,-0.43,-0.15,69
0.88,0.46,0.14,1.65,-0.21,-0.37,69
0.87,0.46,0.14,1.77,-0.06,-0.46,69
0.87,0.46,0.14,2.04,0.03,-0.61,69
0.87,0.46,0.14,2.2,-0.03,-0.91,69
0.87,0.46,0.14,1.89,-0.12,-1.07,69
0.88,0.46,0.14,1.22,-0.24,-1.22,69
0.88,0.45,0.14,0.79,-0.34,-1.43,69
0.88,0.45,0.14,0.91,-0.37,-1.49,69
0.88,0.45,0.14,1.19,-0.3,-1.4,69
0.88,0.45,0.14,1.31,-0.43,-1.37,69
0.88,0.45,0.14,1.07,-0.58,-1.4,69
0.88,0.45,0.14,0.7,-0.67,-1.34,69
0.88,0.45,0.14,0.52,-0.76,-1.22,69
0.88,0.45,0.14,0.37,-0.95,-1.04,69
0.88,0.45,0.14,0.15,-1.04,-0.67,69
0.88,0.45,0.14,-0.24,-1.31,-0.46,69
0.88,0.45,0.14,-0.67,-1.25,-0.34,69
0.88,0.45,0.13,-0.24,-1.01,-0.06,66
0.88,0.45,0.13,0.82,-1.13,-0.12,66
0.88,0.45,0.14,1.31,-0.98,-0.24,66
0.88,0.45,0.14,0.61,-1.22,-0.34,66
0.88,0.45,0.14,-0.73,-1.65,-0.12,66
0.87,0.45,0.14,-1.1,-1.62,0.09,66
0.87,0.44,0.14,-0.24,-1.43,0,66
0.88,0.45,0.14,0.24,-1.37,-0.03,66
0.88,0.45,0.14,-0.46,-1.34,0.3,66
0.88,0.45,0.14,-1.62,-1.19,0.55,66
0.88,0.45,0.14,-1.77,-1.04,0.64,66
0.88,0.45,0.14,-0.76,-0.82,0.43,66
0.88,0.45,0.14,-0.03,-0.67,0.27,66
0.88,0.46,0.14,-0.52,-0.67,-0.06,66
0.87,0.46,0.14,-1.37,-0.7,-0.46,66
0.88,0.46,0.14,-1.89,-0.64,-0.79,66
0.88,0.46,0.14,-1.83,-0.67,-1.01,66
0.88,0.45,0.14,-1.55,-0.61,-1.04,66
0.88,0.46,0.14,-1.16,-0.43,-1.1,66
0.87,0.46,0.14,-1.22,-0.4,-1.22,66
0.87,0.46,0.14,-1.8,-0.49,-1.07,66
0.87,0.45,0.14,-1.74,-0.24,-1.49,66
0.87,0.46,0.14,-1.1,-0.3,-1.89,66
0.88,0.46,0.13,-1.01,-0.49,-2.1,66
0.88,0.46,0.14,-1.62,-0.52,-2.13,66
0.87,0.45,0.13,-2.07,-0.46,-2.1,66
0.87,0.45,0.13,-1.62,-0.4,-2.16,66
0.87,0.45,0.14,-0.73,-0.34,-2.23,66
0.87,0.46,0.14,-0.73,-0.52,-2.04,66
0.88,0.46,0.14,-1.4,-0.55,-1.95,66
0.88,0.45,0.13,-1.89,-0.58,-2.01,66
0.88,0.45,0.13,-1.77,-0.67,-2.1,66
0.88,0.45,0.14,-1.19,-0.82,-2.1,66
0.87,0.45,0.13,-0.79,-0.85,-2.04,66
0.87,0.45,0.14,-0.7,-0.79,-1.95,66
0.88,0.45,0.14,-0.61,-0.91,-1.95,66
0.88,0.45,0.13,-0.55,-1.04,-1.8,66
0.88,0.45,0.13,-0.46,-0.98,-1.71,66
0.88,0.45,0.14,-0.37,-0.95,-1.49,66
0.88,0.45,0.14,-0.34,-1.07,-1.28,66
0.87,0.45,0.14,-0.24,-1.07,-1.22,66
0.87,0.45,0.14,-0.06,-1.07,-1.07,66
0.88,0.45,0.14,0.03,-1.16,-0.95,66
0.88,0.45,0.14,-0.15,-1.1,-0.61,66
0.88,0.45,0.14,-0.3,-1.1,-0.27,66
0.88,0.45,0.14,-0.24,-0.88,0.06,66
0.88,0.45,0.14,0.21,-0.79,0.09,66
0.87,0.45,0.14,0.91,-0.49,0,66
0.87,0.45,0.14,1.07,-0.52,-0.09,66
0.88,0.45,0.14,0.82,-0.37,-0.15,66
0.88,0.45,0.14,0.76,-0.27,0.18,66
0.88,0.45,0.14,0.58,-0.09,0.49,66
0.88,0.45,0.14,0.98,0.21,0.79,66
0.87,0.45,0.14,1.86,0.37,0.91,66
0.87,0.45,0.14,2.29,0.3,0.95,66
0.87,0.45,0.14,1.8,0.27,0.79,66
0.87,0.45,0.13,1.13,0.09,0.76,66
0.88,0.45,0.14,0.98,0.09,0.7,66
0.88,0.45,0.13,1.4,0.3,0.79,66
0.88,0.45,0.13,2.1,0.46,1.01,66
0.88,0.45,0.14,2.29,0.37,0.95,66
0.88,0.45,0.13,2.23,0.46,0.85,66
0.87,0.45,0.13,2.56,0.49,0.76,66
0.87,0.46,0.14,2.96,0.06,0.7,69
0.88,0.46,0.14,2.5,-0.15,0.46,69
0.88,0.46,0.14,1.62,-0.49,0.52,69
0.88,0.46,0.14,1.25,-0.85,0.85,69
0.87,0.45,0.13,1.49,-0.7,0.91,69
0.87,0.45,0.14,2.04,-0.46,0.64,69
0.87,0.46,0.14,1.86,-0.7,0.61,69
0.87,0.46,0.14,0.95,-0.88,0.58,69
0.88,0.46,0.14,0.37,-0.67,0.7,69
0.88,0.46,0.14,0.64,-0.37,0.7,69
0.88,0.46,0.14,1.37,-0.21,0.58,69
0.88,0.46,0.14,1.83,-0.09,0.27,69
0.87,0.46,0.14,1.28,0.06,-0.21,69
0.87,0.46,0.14,0.46,-0.03,-0.76,69
0.87,0.46,0.14,0.12,0.12,-1.07,69
0.88,0.46,0.14,0.4,0.15,-1.31,69
0.88,0.45,0.14,0.85,0.3,-1.31,69
0.88,0.46,0.14,0.76,0.43,-1.19,69
0.88,0.46,0.14,0.15,0.58,-1.01,69
0.87,0.45,0.14,-0.21,0.61,-0.76,69
0.87,0.45,0.13,0.58,0.82,-1.37,69
0.88,0.45,0.14,1.4,0.82,-1.83,69
0.88,0.45,0.14,1.1,0.64,-1.89,69
0.88,0.45,0.14,0.09,0.52,-1.68,69
0.88,0.45,0.13,-0.34,0.49,-1.28,69
0.87,0.44,0.13,0.4,0.49,-0.95,69
0.87,0.45,0.14,1.28,0.52,-0.76,69
0.87,0.45,0.14,1.22,0.34,-0.82,69