1.271728515625,2.125,0.444091796875,43.10975609756098,598.4451219512196,423.9634146341464
2.518310546875,4.802978515625,0.33935546875,11.82926829268293,398.7500000000001,701.5243902439025
5.641357421875,5.385009765625,0.3515625,1.585365853658537,353.2926829268293,497.0426829268293
7.999755859375,-1.5322265625,3.284423828125,-23.75,292.1951219512196,291.7073170731708
1.02392578125,-0.673583984375,2.083740234375,96.70731707317074,76.4939024390244,197.9878048780488
1.781494140625,-0.263427734375,1.825927734375,-95.30487804878049,212.7134146341464,169.4207317073171
1.5869140625,0.19287109375,1.08203125,-180.640243902439,99.60365853658537,-177.5
1.72021484375,1.33154296875,1.685302734375,365.3353658536586,-22.89634146341464,-627.5000000000001
1.33642578125,1.661376953125,0.626220703125,50.94512195121952,-331.8902439024391,-994.2073170731708
0.33154296875,2.464111328125,0.485107421875,-224.969512195122,-90.0609756097561,-999.0243902439025
0.6328125,3.122802734375,0.29052734375,1.341463414634146,-164.8780487804878,998.9939024390245
4.332763671875,4.687744140625,0.701904296875,504.1463414634147,-474.7256097560976,-285.3963414634147
6.55126953125,5.70068359375,1.2900390625,119.1158536585366,-360.1524390243903,-251.7378048780488
7.999755859375,1.667236328125,3.2802734375,19.05487804878049,222.9268292682927,272.0121951219513
-8,-8,-8,133.0487804878049,528.719512195122,998.9939024390245
-0.45361328125,1.70751953125,2.43994140625,206.1280487804878,602.2256097560976,860.5487804878049
1.440673828125,-7.14306640625,2.094970703125,28.59756097560976,274.1463414634147,397.8658536585366
1.72705078125,-2.3408203125,1.92138671875,-106.3719512195122,204.1768292682927,195.2134146341463
4.03662109375,-0.717529296875,1.533935546875,24.45121951219512,145.609756097561,-173.4451219512195
2.711181640625,-1.101806640625,1.79345703125,219.0548780487805,58.41463414634147,-527.4085365853659
3.2177734375,0.776611328125,1.206298828125,388.9634146341464,-999.0243902439025,-977.8963414634147
2.424072265625,1.735595703125,0.352294921875,-127.5304878048781,-308.3841463414635,-958.5975609756099
4.091552734375,5.328857421875,-0.950927734375,191.4024390243902,409.6036585365854,929.939024390244
2.824951171875,3.103515625,1.43505859375,265.7621951219513,-406.9817073170732,-500.2134146341464
7.999755859375,3.231689453125,-0.234130859375,-160.9756097560976,-160.3658536585366,-79.48170731707317
7.4287109375,-0.552734375,2.1904296875,-70.27439024390245,67.89634146341464,661.0670731707318
-8,-3.883056640625,5.27734375,136.0975609756098,445.1219512195123,432.5000000000001
-0.353515625,0.490966796875,0.02587890625,55.64024390243903,261.6463414634147,320.0914634146342
1.836181640625,-0.806884765625,1.58447265625,37.77439024390245,287.5304878048781,273.2926829268293
0.828369140625,-1.874267578125,1.82177734375,-33.14024390243902,223.140243902439,212.9268292682927
1.48486328125,0.537841796875,1.697021484375,58.68902439024391,138.4146341463415,190.8841463414634
1.75146484375,0.712158203125,1.261962890625,-0.09146341463414635,173.9024390243902,20.39634146341464
1.237060546875,0.8701171875,0.977294921875,160.2439024390244,55.45731707317074,-356.829268292683
1.174560546875,0.91064453125,0.801513671875,318.5670731707318,-887.1036585365855,-654.6951219512196
1.289306640625,1.591552734375,0.189208984375,-71.12804878048782,-999.0243902439025,-750.5487804878049
1.900146484375,4.03173828125,-1.45703125,695.8231707317074,998.9939024390245,998.9939024390245
2.859619140625,3.89306640625,-0.183837890625,89.66463414634147,-547.3475609756098,-339.6036585365854
4.875,2.76171875,-0.682373046875,-485.0000000000001,12.89634146341464,-148.4451219512195
6.87255859375,3.052978515625,-1.769775390625,-427.9878048780488,67.89634146341464,378.0182926829269
-8,4.597412109375,7.999755859375,198.8719512195122,170.9756097560976,363.5060975609757
0.677490234375,2.9404296875,-1.11376953125,120.2439024390244,326.3719512195122,349.0243902439025
0.765869140625,-0.0615234375,1.170654296875,51.15853658536586,245,334.2073170731708
-0.433837890625,-3.209716796875,1.5361328125,-60.27439024390245,238.8414634146342,280.2743902439025
1.161865234375,-0.132080078125,1.5556640625,-100.1524390243902,132.1646341463415,204.4207317073171
1.675537109375,0.616943359375,1.23974609375,-365.8536585365854,174.2378048780488,137.1341463414634
1.65185546875,0.934814453125,0.8349609375,228.0487804878049,385.7926829268293,-498.5670731707318
1.357666015625,0.9521484375,0.49951171875,130.609756097561,-895.7621951219513,-869.6646341463415
1.49755859375,2.4541015625,0.0244140625,-730.3048780487806,-751.219512195122,-917.6219512195123
2.41162109375,4.494140625,-1.51416015625,-85.39634146341464,192.5914634146342,770.7926829268293
2.306396484375,4.102783203125,1.56103515625,-66.46341463414635,1.981707317073171,-585.3963414634147
4.41455078125,4.2978515625,-0.242431640625,32.71341463414635,7.865853658536586,336.9817073170732
7.999755859375,1.710693359375,-2.511474609375,171.6463414634146,124.4207317073171,406.1585365853659
-8,-7.741455078125,3.331787109375,123.4451219512195,-151.4634146341463,530.4878048780488
1.180419921875,0.030517578125,-0.671142578125,210.8231707317073,103.9024390243902,518.75
1.688232421875,-3.216064453125,0.140869140625,289.4512195121952,95.94512195121952,426.9207317073171
-0.361572265625,-2.6328125,0.988037109375,153.4146341463415,195.640243902439,347.4085365853659
2.275146484375,-0.536376953125,1.53662109375,-58.17073170731708,202.4390243902439,224.0853658536585
1.861572265625,-0.03125,1.0634765625,-253.4451219512195,207.7439024390244,87.50000000000001
2.01025390625,0.8134765625,0.819580078125,299.0243902439025,317.3170731707318,-423.079268292683
1.536376953125,1.314697265625,0.789306640625,331.6463414634147,-661.4939024390244,-811.1585365853659
1.147216796875,2.195556640625,0.36376953125,-105.4878048780488,-893.9329268292684,-968.1097560975611
1.843994140625,4.106689453125,-0.501953125,687.8658536585366,341.7682926829269,993.8109756097562
2.90185546875,3.44921875,0.690185546875,339.7256097560976,-570.7012195121952,-337.5304878048781
3.847412109375,3.1611328125,0.32421875,-971.4329268292684,76.18902439024392,-113.9024390243902
7.999755859375,2.24658203125,-1.49658203125,-235.609756097561,-17.19512195121951,395.3963414634147
-8,-8,6.415283203125,361.3719512195123,4.75609756097561,197.3475609756098
1.2109375,4.010009765625,-0.638427734375,74.05487804878049,291.7073170731708,337.469512195122
1.06103515625,0.790771484375,-0.43896484375,40.54878048780488,279.4207317073171,290.1524390243903
-1.188232421875,-2.990966796875,0.34375,25.76219512195122,257.5,295.1219512195122
0.62548828125,-0.14794921875,2.25634765625,-10.76219512195122,234.359756097561,250.5792682926829
1.326904296875,0.42529296875,1.61328125,-79.93902439024392,169.9085365853659,138.780487804878
1.306884765625,0.404052734375,1.021240234375,-21.98170731707317,346.7073170731708,-246.7987804878049
1.169677734375,0.64111328125,0.68798828125,304.6341463414635,-447.3475609756098,-703.9634146341464
1.358642578125,1.044677734375,0.44140625,-143.6280487804878,-999.0243902439025,-938.1707317073171
1.90087890625,4.326416015625,-0.787353515625,133.9024390243902,-221.6463414634146,462.0731707317074
2.650146484375,3.95654296875,-0.310791015625,339.2682926829269,-240.7012195121951,-656.3414634146342
2.7802734375,3.230224609375,0.185546875,-549.6646341463415,101.25,109.359756097561
5.30517578125,4.43994140625,-1.261962890625,-309.6951219512196,142.2560975609756,424.6036585365854
-2.260498046875,-8,-3.40869140625,205.8536585365854,111.0365853658537,191.0365853658537
2.812255859375,6.538330078125,1.3310546875,66.00609756097562,189.5121951219512,351.9817073170732
-0.129150390625,0.7177734375,0.195556640625,80.82317073170732,208.5365853658537,346.219512195122
1.046142578125,-2.803466796875,1.6484375,260.6402439024391,149.9390243902439,352.9573170731708
0.865234375,-1.233154296875,1.67138671875,185.3658536585366,176.6463414634146,288.6280487804879
0.968505859375,-0.011962890625,1.434814453125,-37.28658536585366,218.719512195122,197.5609756097561
0.942138671875,0.154541015625,0.887939453125,-44.35975609756098,259.2987804878049,-103.719512195122
1.04248046875,0.696044921875,0.598388671875,164.6341463414634,-288.2926829268293,-651.3414634146342
0.8623046875,1.283447265625,0.360595703125,-242.0426829268293,-999.0243902439025,-707.9573170731708
1.093994140625,3.497802734375,-0.94580078125,-324.2073170731708,-437.8963414634147,-328.3841463414635
2.104248046875,3.875732421875,-1.592041015625,291.9207317073171,-38.14024390243902,-596.7682926829269
2.111572265625,4.3525390625,0.448974609375,-781.3109756097562,166.4939024390244,-50.91463414634147
4.656982421875,3.64599609375,-2.063720703125,-292.7439024390244,64.32926829268293,275.7317073170732
7.999755859375,-8,0.10009765625,474.6341463414635,-69.93902439024392,164.2682926829268
2.384033203125,6.290283203125,1.7099609375,226.7073170731707,42.43902439024391,493.3841463414635
-0.111328125,1.28515625,-0.596923828125,158.140243902439,304.1463414634147,556.4024390243903
0.558837890625,-4.4755859375,0.22216796875,366.5548780487805,213.9329268292683,411.5548780487806
0.568359375,-1.88818359375,1.786376953125,258.6890243902439,390.1829268292684,353.5060975609757
1.48779296875,-0.3134765625,1.698486328125,2.408536585365854,394.8780487804879,211.859756097561
1.726806640625,-0.2861328125,0.62890625,318.6585365853659,341.0365853658537,-223.9634146341464
2.130126953125,0.856689453125,0.35888671875,289.6951219512196,-781.829268292683,-714.5121951219513
1.84033203125,1.431396484375,-0.092041015625,-496.1585365853659,-999.0243902439025,-971.6158536585367
2.612060546875,3.731201171875,-1.44677734375,-603.1402439024391,-209.6341463414634,559.1463414634147
2.78173828125,2.850830078125,-1.31787109375,-146.25,143.3536585365854,-274.0548780487805
3.9794921875,3.7216796875,1.03955078125,-262.9878048780488,393.7804878048781,-215.9756097560976
7.999755859375,6.516357421875,-4.329833984375,-86.12804878048782,183.0182926829268,-115.9756097560976
7.999755859375,-8,-2.276611328125,90.94512195121952,-216.6463414634146,320.7926829268293
1.834228515625,3.8388671875,0.080322265625,40.91463414634147,68.07926829268294,610.2134146341464
-0.3203125,0.569091796875,-0.7978515625,248.6280487804878,29.9390243902439,621.189024390244
-1.817138671875,-3.85888671875,1.136962890625,660.7621951219513,-44.26829268292683,471.5548780487806
1.0478515625,-1.43115234375,1.709716796875,599.969512195122,210.2743902439024,435.609756097561
0.798828125,-1.240234375,1.222900390625,68.9939024390244,266.6463414634147,80.03048780487805
1.348388671875,-0.95849609375,0.76904296875,-253.4756097560976,495.1829268292684,-199.6341463414634
1.610595703125,0.357666015625,0.6298828125,379.4817073170732,-545.2134146341464,-838.5975609756098
1.58544921875,1.486083984375,0.4296875,258.0487804878049,-999.0243902439025,-998.0182926829269
1.9384765625,4.44775390625,-0.905029296875,367.1341463414635,145.5487804878049,532.5914634146342
2.711181640625,2.9716796875,-1.156005859375,426.7987804878049,-365.0914634146342,-228.8109756097561
2.926025390625,3.222412109375,0.21337890625,-689.969512195122,-105.3048780487805,-195.5487804878049
4.743896484375,4.476318359375,-2.107421875,-999.0243902439025,-23.8719512195122,144.2073170731707
5.7529296875,-8,-1.54248046875,56.34146341463415,-238.3231707317073,500.2134146341464
-2.806640625,4.142822265625,-0.16455078125,409.6036585365854,-52.6829268292683,495.3658536585367
0.9326171875,2.735107421875,2.11083984375,95.70121951219512,175.1219512195122,564.8475609756098
0.87744140625,-2.24169921875,0.0888671875,-83.26219512195122,207.5609756097561,407.2256097560976
0.6162109375,-2.0830078125,0.61474609375,-293.2621951219513,245.1829268292683,366.3414634146342
1.47216796875,0.260498046875,1.831298828125,-300.2743902439025,143.2317073170732,251.890243902439
1.573486328125,0.502197265625,1.03955078125,71.82926829268294,211.9207317073171,-106.6158536585366
1.40283203125,0.739990234375,0.90380859375,351.0365853658537,-263.5670731707317,-981.5243902439025
1.161376953125,1.0859375,0.716064453125,-602.2560975609757,-729.9085365853659,-999.0243902439025
1.732177734375,3.285400390625,-0.12353515625,672.8353658536586,109.2682926829268,-41.06707317073171
2.8193359375,3.876708984375,0.4970703125,987.6829268292684,-245.3048780487805,-408.9329268292684
4.11474609375,4.757568359375,1.829833984375,-439.969512195122,-311.6463414634147,-5.975609756097562
7.999755859375,3.876953125,-1.54248046875,-477.4085365853659,286.3109756097561,643.2621951219513
7.999755859375,-8,-5.934326171875,150.1829268292683,119.1158536585366,260.2743902439025
-1.41455078125,7.999755859375,0.177978515625,8.323170731707318,14.39024390243903,410.9146341463415
0.71044921875,2.269287109375,1.43896484375,52.95731707317074,79.02439024390245,445.0304878048781
1.03125,-4.519775390625,0.411865234375,202.0121951219512,138.4756097560976,401.3719512195123
1.979248046875,-1.41650390625,2.03173828125,118.0182926829268,189.6036585365854,239.1158536585366
1.75439453125,-0.3505859375,1.46728515625,-181.4634146341463,310.579268292683,-62.59146341463416
2.1416015625,-0.012939453125,1.171875,175.4268292682927,582.8353658536586,-583.6585365853659
1.86767578125,0.793212890625,1.249755859375,422.2560975609757,-594.8780487804879,-886.829268292683
1.919677734375,1.88134765625,0.748779296875,-445.7926829268293,-829.7560975609757,-964.2073170731708
3.864013671875,4.973388671875,-0.7646484375,998.9939024390245,-93.14024390243904,-361.7682926829269
3.3994140625,2.36279296875,0.279541015625,-536.9512195121952,-54.93902439024391,18.75
3.971435546875,3.44482421875,0.410888671875,-920.6097560975611,-238.4146341463415,140.4268292682927
0.4677734375,-8,-6.8984375,213.9634146341464,-7.804878048780489,278.079268292683
1.87890625,4.142333984375,-0.130859375,238.7804878048781,80.54878048780489,348.719512195122
-1.727294921875,3.544921875,0.065185546875,-184.0548780487805,223.3231707317073,370.7317073170732
1.087890625,-3.427978515625,0.64013671875,42.6219512195122,217.3475609756098,432.1951219512196
0.336669921875,-2.41552734375,1.748779296875,-61.82926829268293,355.9146341463415,334.939024390244
1.876708984375,-0.04345703125,2.740478515625,-274.2682926829269,380.1524390243903,311.0975609756098
1.791259765625,-0.806396484375,1.498291015625,-462.439024390244,426.0060975609757,262.1341463414635
1.8818359375,0.034423828125,1.201904296875,-770.2743902439025,319.6951219512196,22.46951219512195
1.647216796875,0.7421875,0.8076171875,-576.219512195122,471.9512195121952,-174.9085365853659
1.50244140625,0.899658203125,0.14599609375,-179.359756097561,908.3841463414635,-584.359756097561
1.7802734375,3.285400390625,0.390625,276.25,376.0975609756098,-999.0243902439025
3.108154296875,4.755615234375,0.4169921875,-890.579268292683,-247.7743902439025,981.0060975609757
5.172119140625,2.619140625,-1.229248046875,-382.2256097560976,605.579268292683,78.90243902439025
4.384033203125,0.63037109375,-1.23388671875,259.8780487804878,-491.9512195121952,547.8658536585366
5.162109375,-1.498291015625,-2.9150390625,66.40243902439025,-506.2500000000001,-38.47560975609756
-5.968017578125,-8,-8,315.6402439024391,-361.6158536585366,146.859756097561
0.086181640625,0.363037109375,-2.426025390625,361.9512195121952,-365.7926829268293,172.1646341463415
0.30126953125,-1.917724609375,-1.511962890625,331.4024390243903,-202.7439024390244,214.7256097560976
2.211669921875,-1.61865234375,-2.6044921875,206.0670731707317,-49.51219512195122,254.6341463414634
1.282470703125,-0.715576171875,-1.341064453125,125.0304878048781,49.23780487804878,182.7134146341463
1.479736328125,0.012939453125,-0.789794921875,19.48170731707317,37.10365853658537,-272.0121951219513
1.391845703125,0.355224609375,-0.447998046875,-539.6646341463415,240.8536585365854,-508.689024390244
0.942138671875,0.912841796875,-0.1005859375,-270.7012195121952,412.7134146341464,-803.4451219512196
0.998291015625,2.38623046875,1.341552734375,-329.5426829268293,-136.7378048780488,-920.9451219512196
1.88330078125,6.106201171875,1.705322265625,-999.0243902439025,386.7073170731708,2.347560975609756
4.015869140625,3.31494140625,-0.70166015625,373.4451219512196,135.640243902439,948.4756097560977
2.873291015625,1.432373046875,-0.81103515625,297.8963414634147,-812.6219512195123,136.0975609756098
7.999755859375,-8,-8,202.9573170731707,-497.9878048780488,238.8719512195122
0.685546875,-0.40234375,-1.63330078125,402.8658536585367,-447.7743902439025,231.9817073170732
-1.24365234375,1.142578125,-1.582275390625,387.469512195122,-324.0243902439025,271.7378048780488
1.68994140625,-1.36083984375,-3.83544921875,-16.67682926829269,-69.29878048780489,418.5365853658537
2.1611328125,-1.748291015625,-2.58251953125,-165.0609756097561,59.29878048780488,75.48780487804879
1.8466796875,0.067138671875,-1.753662109375,-8.628048780487806,-100.1219512195122,-337.8353658536586
2.70654296875,1.578857421875,-1.1806640625,-265.0304878048781,667.469512195122,-574.8780487804878
1.705078125,2.072265625,-0.277587890625,-346.3109756097562,392.9573170731708,-831.5548780487806
1.393310546875,3.216552734375,2.0263671875,-235.1524390243903,-122.6829268292683,-251.3414634146342
3.099609375,4.877685546875,1.685546875,-753.0182926829269,771.2804878048781,-159.8475609756098
4.04150390625,2.1005859375,0.018310546875,998.9939024390245,-493.3841463414635,534.0243902439025
3.537353515625,1.242431640625,-0.615234375,418.6280487804879,-782.8658536585367,328.2621951219513
7.999755859375,-8,-8,117.6829268292683,-140.030487804878,381.6768292682927
0.022705078125,-0.373046875,-4.297119140625,152.8353658536585,-188.3231707317073,338.0487804878049
-0.143798828125,1.64404296875,-2.262451171875,94.72560975609757,-74.20731707317074,355.7012195121952
4.04736328125,0.38037109375,-1.1943359375,24.60365853658537,-18.53658536585366,258.079268292683
0.928955078125,-0.40771484375,-1.16748046875,29.60365853658537,61.92073170731708,-61.06707317073171
1.727783203125,0.530517578125,-0.861328125,-180,103.5670731707317,-412.8963414634147
1.224365234375,1.10205078125,-0.444091796875,60.64024390243903,453.689024390244,-767.2560975609757
1.319580078125,1.794677734375,0.50146484375,211.5548780487805,61.28048780487806,-999.0243902439025
0.94384765625,3.497802734375,1.385986328125,321.3109756097561,66.58536585365854,847.5304878048781
2.582763671875,3.813720703125,0.47216796875,-563.75,263.5975609756098,-281.4634146341464
3.36181640625,1.515380859375,-0.32275390625,-149.5121951219512,9.847560975609756,403.6280487804879
3.703857421875,2.302490234375,-0.250244140625,499.5731707317074,-378.1707317073171,213.8109756097561
-8,-8,7.999755859375,288.719512195122,-239.1463414634146,303.3231707317074
-0.01513671875,2.570068359375,-0.031494140625,28.41463414634147,-18.01829268292683,411.4329268292684
0.630859375,-3.9833984375,-0.39892578125,-55.51829268292683,-50.70121951219512,419.6036585365854
1.579345703125,-2.338134765625,-1.29931640625,-193.4756097560976,-21.61585365853659,387.3780487804879
1.55029296875,-0.6064453125,-0.544921875,-246.25,3.414634146341464,289.7256097560976
1.1103515625,-0.057373046875,-0.447021484375,117.6829268292683,-0.5182926829268293,-108.140243902439
1.07763671875,0.424560546875,-0.4326171875,36.12804878048781,287.8658536585366,-523.1402439024391
0.87353515625,0.804443359375,-0.340576171875,-53.26219512195122,547.7439024390244,-705.2743902439025
0.947021484375,1.309814453125,0.910400390625,206.6463414634146,112.3475609756098,-999.0243902439025
1.49755859375,3.154296875,1.9970703125,-870.4573170731708,26.52439024390244,96.79878048780489
3.63134765625,3.77685546875,1.05859375,-549.6036585365854,9.298780487804878,143.6585365853659
3.107666015625,0.35498046875,-0.107421875,635.4878048780488,-568.0182926829269,594.7256097560976
4.611572265625,0.1591796875,-0.923828125,461.5853658536586,-517.2256097560976,-3.201219512195122
1.54248046875,0.0439453125,-3.513671875,222.5914634146342,-126.9817073170732,314.4817073170732
0.116455078125,-2.63134765625,-4.614990234375,141.6158536585366,-156.280487804878,312.1036585365854
0.42529296875,-1.931396484375,-3.2607421875,40.1829268292683,-69.05487804878049,339.939024390244
3.89111328125,-0.9990234375,-1.72021484375,50.1829268292683,24.84756097560976,272.469512195122
0.734375,-0.054443359375,-1.167236328125,45.30487804878049,-32.92682926829269,2.865853658536586
1.429931640625,0.675048828125,-0.6455078125,-346.5853658536586,53.68902439024391,-409.7865853658537
1.0498046875,0.718505859375,-0.582763671875,-214.3292682926829,555.5487804878049,-630.2743902439025
1.21923828125,1.697265625,0.591796875,88.47560975609757,107.8658536585366,-999.0243902439025
0.584716796875,3.882080078125,1.43701171875,561.189024390244,76.55487804878049,517.1036585365854
3.345703125,4.31787109375,0.19482421875,-526.0670731707318,401.4634146341464,-342.3170731707318
3.86181640625,0.906494140625,-0.7548828125,48.20121951219512,-382.9878048780488,694.1463414634147
3.88330078125,1.50244140625,-1.37890625,399.8170731707318,-194.7560975609756,307.4085365853659
-8,-8,7.999755859375,457.7743902439025,-157.3475609756098,171.8292682926829
0.11572265625,-0.843994140625,-0.92822265625,313.2317073170732,17.80487804878049,279.0853658536586
0.963134765625,-1.220947265625,-1.1953125,92.89634146341464,97.6829268292683,317.2256097560976
1.060791015625,-0.935791015625,-1.290771484375,111.0975609756098,171.6463414634146,217.469512195122
1.37060546875,-0.50341796875,-0.91796875,149.6341463414634,205.8536585365854,155.4268292682927
1.26220703125,0.443603515625,-0.216552734375,115.3353658536585,78.75000000000001,-387.5304878048781
0.72314453125,0.18798828125,-0.3505859375,-232.5304878048781,-126.219512195122,-810.9146341463415
0.85888671875,0.978759765625,-0.27685546875,-278.9024390243903,-62.92682926829269,-999.0243902439025
0.73388671875,2.402099609375,0.1572265625,87.95731707317074,213.8719512195122,678.7804878048781
1.798828125,3.873291015625,0.57568359375,-364.4512195121952,157.3170731707317,-455.0000000000001
3.86181640625,3.258544921875,0.229736328125,-466.4024390243903,-204.6036585365854,283.7804878048781
6.907470703125,-0.246337890625,-1.671875,496.4939024390245,-45.0609756097561,209.2073170731707
-8,-8,-0.414306640625,565.4878048780488,-185.0914634146342,324.2378048780488
-1.391357421875,4.266845703125,2.54541015625,129.0853658536585,147.5,395.3353658536586
-0.059814453125,-4.89013671875,-3.16064453125,-8.780487804878049,32.46951219512196,423.5365853658537
0.239990234375,-3.3583984375,-1.78271484375,83.53658536585367,93.38414634146342,421.7987804878049
2.648681640625,-1.124755859375,-0.69482421875,351.0365853658537,127.3475609756098,405.6707317073171
1.61669921875,-0.145751953125,-0.328369140625,614.8475609756098,74.96951219512196,-322.6219512195122
2.13671875,0.246337890625,-0.603515625,-586.7073170731708,-780.4878048780489,-999.0243902439025
2.149658203125,1.345947265625,-0.696533203125,-877.3475609756098,-385.0304878048781,-999.0243902439025
2.2646484375,2.421142578125,-1.556884765625,-268.9939024390244,109.5121951219512,296.0060975609757
1.521728515625,5.415283203125,0.333984375,-614.2987804878049,110.0914634146342,112.8353658536585
4.201416015625,4.210205078125,-1.087158203125,47.10365853658537,-209.6341463414634,417.5000000000001
7.999755859375,0.0576171875,-2.130615234375,812.6219512195123,-265.7926829268293,96.21951219512196
-0.861083984375,-3.18798828125,-3.43017578125,567.0426829268293,-250.0914634146342,361.5243902439025
-1.07861328125,2.382080078125,-0.789306640625,30.36585365853659,-13.8109756097561,434.0548780487806
2.319091796875,-6.425048828125,-1.92919921875,-177.0121951219512,68.38414634146342,436.1585365853659
2.114501953125,-2.280517578125,-1.457763671875,-22.74390243902439,151.890243902439,413.5365853658537
2.36181640625,0.02978515625,-0.214111328125,436.9207317073171,78.14024390243902,296.4634146341464
1.580322265625,0.5224609375,-0.474609375,547.3475609756098,130.1524390243902,-333.4756097560976
1.605712890625,0.608154296875,-0.877685546875,-353.0182926829269,-373.8414634146342,-999.0243902439025
1.611572265625,1.498779296875,-0.148681640625,-273.7804878048781,-151.1890243902439,-999.0243902439025
1.70703125,3.140625,-0.5390625,708.5060975609757,179.1768292682927,998.9939024390245
2.318359375,4.74462890625,0.31005859375,189.359756097561,55.88414634146342,-542.8963414634147
3.915283203125,3.338623046875,-0.48779296875,-501.3414634146342,-19.48170731707317,859.6036585365855
6.255859375,-0.141845703125,-1.1748046875,142.8658536585366,-100.5792682926829,320.7317073170732
-8,-8,2.98974609375,74.17682926829269,-26.82926829268293,391.0060975609757
2.448486328125,3.513916015625,1.849365234375,-203.3841463414634,44.51219512195122,388.2317073170732
0.730712890625,-3.89990234375,1.4931640625,-309.6646341463415,-41.85975609756098,376.7378048780488
1.2060546875,-2.244140625,0.412109375,-185.0609756097561,-53.65853658536586,265.3658536585366
1.6767578125,-0.4912109375,0.197265625,-197.5,-75.03048780487805,-9.146341463414634
1.0576171875,0.31787109375,-0.099853515625,-430.4268292682927,-125.1524390243903,-344.1768292682927
0.938720703125,0.100830078125,-0.52587890625,-176.4939024390244,807.9573170731708,-419.6951219512196
1.249755859375,1.155029296875,0.083984375,-0.8841463414634148,757.0731707317074,-746.219512195122
1.3359375,3.369384765625,1.842529296875,-866.9817073170733,-679.6341463414635,991.4939024390245
4.2509765625,3.31005859375,0.18115234375,-485.8841463414635,726.3719512195123,-159.0243902439024
4.62744140625,0.587158203125,-0.87109375,908.1402439024391,-179.359756097561,183.2012195121951
3.580078125,-0.789794921875,-0.415771484375,221.2804878048781,-731.5853658536586,247.2865853658537
-8,-8,-8,229.5121951219512,-281.6158536585366,293.2621951219513
-1.457275390625,-0.277587890625,-4.00390625,513.2317073170732,-266.3109756097561,279.1158536585366
0.52880859375,-0.1962890625,-1.170166015625,456.3109756097562,24.87804878048781,353.3231707317074
1.5146484375,-2.38818359375,-1.9951171875,350.0000000000001,204.8780487804878,299.2987804878049
1.406005859375,-1.580810546875,-1.429931640625,484.6341463414635,287.1036585365854,230.7621951219512
2.03173828125,0.166015625,-1.167236328125,582.5,39.35975609756098,-232.8658536585366
1.817626953125,0.82275390625,-1.04296875,191.2804878048781,-711.0060975609757,-656.0060975609757
1.85693359375,1.9814453125,-0.875,191.4329268292683,-975.0304878048781,-779.7256097560976
1.80419921875,2.9423828125,-1.55810546875,521.3414634146342,998.9939024390245,440.9756097560976
1.28564453125,3.424072265625,-0.8681640625,-95.97560975609757,-999.0243902439025,-346.859756097561
3.053466796875,1.5859375,-1.568115234375,-418.5060975609757,727.9268292682927,313.0487804878049
5.5693359375,0.594482421875,-1.4267578125,144.7256097560976,19.9390243902439,312.5609756097561
-8,-8,7.999755859375,217.1646341463415,257.469512195122,203.8719512195122
2.080322265625,4.482666015625,-2.465087890625,44.57317073170732,425.8536585365854,253.75
-0.0859375,-0.750732421875,2.59033203125,130.4878048780488,333.0182926829269,251.8292682926829
0.528076171875,-1.69140625,1.4326171875,191.1585365853659,252.1036585365854,232.6829268292683
1.47314453125,-0.3955078125,1.386962890625,94.35975609756099,237.4390243902439,80.2439024390244
0.867919921875,-0.752197265625,0.262939453125,-48.78048780487806,186.6158536585366,-62.71341463414635
0.930419921875,-0.45556640625,-0.132080078125,87.46951219512196,-743.3231707317074,-436.5548780487806
1.07470703125,-0.218017578125,-0.6044921875,117.8963414634146,-915.1524390243903,-422.469512195122
2.179443359375,1.078369140625,-2.513671875,202.3780487804878,-999.0243902439025,-282.5914634146342
0.598876953125,1.365966796875,-2.67333984375,-181.4329268292683,275.3048780487805,99.11585365853659
3.142578125,1.489990234375,-2.662841796875,18.6890243902439,103.8414634146342,-242.6219512195122
3.453125,0.27197265625,-2.0380859375,-65.51829268292684,339.0853658536586,569.5121951219513
4.744873046875,-0.1689453125,0.2275390625,134.6341463414634,449.4817073170732,216.6463414634146
-7.268310546875,-2.9814453125,3.80810546875,-71.28048780487805,444.6951219512196,4.939024390243903
0.636474609375,0.921142578125,0.5869140625,54.60365853658537,452.5304878048781,143.719512195122
2.52294921875,-0.061767578125,1.943359375,151.3719512195122,376.6463414634147,115.6707317073171
0.40625,-0.204345703125,2.36279296875,-66.21951219512195,509.0243902439025,4.329268292682928
1.225341796875,-0.440673828125,0.663818359375,8.780487804878049,-349.4207317073171,-241.219512195122
1.050537109375,-0.665771484375,-0.2744140625,-34.11585365853659,-999.0243902439025,-345.8231707317074
1.57763671875,-0.18408203125,-1.763671875,238.9939024390244,-999.0243902439025,-234.6951219512195
2.5859375,0.781982421875,-3.9453125,-212.9573170731707,998.9939024390245,264.1463414634147
1.5986328125,0.513427734375,-3.76123046875,-61.06707317073171,-922.0731707317074,-190.5792682926829
3.013916015625,0.395751953125,-2.5966796875,-96.3719512195122,365.0914634146342,186.8292682926829
4.73828125,-0.01904296875,-1.824462890625,203.4146341463415,409.7865853658537,280.579268292683
-8,-5.504150390625,7.999755859375,53.96341463414635,463.3841463414635,15.03048780487805
7.718994140625,-0.429931640625,3.303466796875,25.76219512195122,440.3353658536586,57.98780487804878
3.353515625,-0.649169921875,1.416748046875,101.0365853658537,419.7256097560976,71.79878048780489
0.29248046875,-0.556884765625,2.030029296875,30.09146341463415,409.969512195122,55.70121951219512
0.98291015625,-0.171142578125,0.6708984375,-131.1585365853659,413.719512195122,83.26219512195122
0.941650390625,-0.424072265625,-0.257568359375,55.73170731707317,-687.9268292682927,-370.579268292683
0.80908203125,-0.1689453125,-0.888916015625,-33.14024390243902,-999.0243902439025,-447.3170731707318
1.9638671875,0.74072265625,-2.26904296875,371.4634146341464,-999.0243902439025,-273.6280487804878
0.427978515625,-0.02392578125,-2.7939453125,-93.75000000000001,-999.0243902439025,-203.3841463414634
2.1923828125,1.04638671875,-2.9521484375,-163.3841463414634,716.7987804878049,-11.61585365853659
2.981689453125,0.07568359375,-3.15673828125,-56.09756097560976,-101.7073170731707,403.8719512195123
7.999755859375,-2.4609375,7.999755859375,191.890243902439,548.5670731707318,112.5
1.00537109375,0.242431640625,-3.302978515625,32.7439024390244,518.75,40.85365853658537
-2.171142578125,0.51025390625,2.478271484375,100.1219512195122,468.079268292683,89.69512195121952
3.19482421875,-1.533203125,1.560546875,109.2682926829268,462.5609756097562,99.08536585365854
0.4091796875,-0.138427734375,2.3232421875,-95.85365853658537,474.0548780487806,50.54878048780488
0.938720703125,-0.43017578125,0.583251953125,-63.90243902439025,135.9451219512195,112.4390243902439
1.275634765625,-0.525634765625,-0.37353515625,-35.1219512195122,-962.8048780487806,-370.8231707317074
1.26171875,-0.296142578125,-1.209228515625,-76.06707317073172,-999.0243902439025,-426.9817073170732
3.806396484375,1.045654296875,-3.2041015625,518.109756097561,-361.0060975609757,-226.4939024390244
0.30712890625,-0.792236328125,-3.31689453125,-76.03658536585367,-999.0243902439025,-200.2439024390244
2.970947265625,0.776123046875,-2.541748046875,-179.2987804878049,455.9756097560976,160.2743902439024
3.867431640625,-0.56689453125,-3.047119140625,73.26219512195122,-510.5182926829269,271.1280487804878
7.999755859375,6.090576171875,7.999755859375,317.5609756097561,402.9573170731708,220.8536585365854
1.48388671875,0.995849609375,-4.356201171875,15.70121951219512,760.1524390243903,-121.3719512195122
-0.43505859375,1.10693359375,1.845947265625,53.59756097560976,473.7500000000001,-53.78048780487806
3.440673828125,-1.1513671875,1.166748046875,134.0853658536585,561.219512195122,-33.53658536585366
1.387939453125,-0.69384765625,1.6962890625,37.34756097560976,440.0000000000001,-53.90243902439025
0.502685546875,-0.67236328125,0.415283203125,-82.95731707317074,465.1829268292684,-11.40243902439025
1.11083984375,-0.753173828125,-0.565185546875,-3.231707317073171,-942.7439024390245,-385.2134146341464
0.756591796875,-0.431884765625,-0.744140625,-4.75609756097561,-999.0243902439025,-293.6280487804879
1.907958984375,0.298095703125,-2.49755859375,724.5121951219513,260.579268292683,-294.969512195122
0.847900390625,-0.498291015625,-3.52880859375,-362.7439024390244,-999.0243902439025,-169.0548780487805
2.83642578125,0.607421875,-3.8447265625,-427.5304878048781,521.6463414634147,-63.01829268292683
3.863525390625,-0.936767578125,-3.717041015625,-45.27439024390245,-512.8963414634147,288.9939024390244
7.999755859375,7.999755859375,7.999755859375,487.6524390243903,348.9024390243903,325.1219512195122
7.999755859375,1.6767578125,1.67724609375,27.31707317073171,533.8414634146342,-116.1890243902439
-2.456298828125,1.000732421875,1.798828125,36.61585365853659,439.6951219512196,24.45121951219512
3.307861328125,-2.029541015625,0.7177734375,202.5609756097561,566.5243902439025,-40.88414634146342
0.865478515625,-0.50537109375,1.8095703125,3.170731707317073,911.9512195121952,-56.46341463414635
0.8603515625,-0.284912109375,0.79052734375,67.40853658536587,158.3536585365854,0.3658536585365854
0.768310546875,-0.840576171875,-0.92724609375,-104.2073170731707,-968.4146341463415,-319.2682926829269
1.222412109375,-0.342529296875,-2.162841796875,65.09146341463415,-999.0243902439025,-207.9573170731707
2.636474609375,0.859130859375,-3.421142578125,853.2926829268293,998.9939024390245,-171.7682926829268
0.67236328125,-1.142333984375,-4.03271484375,-281.7073170731708,-999.0243902439025,-202.1951219512195
3.285888671875,-0.00537109375,-3.1123046875,-623.4146341463415,385.3658536585366,36.79878048780488
4.657470703125,-1.23974609375,-2.855712890625,-253.9939024390244,-203.3841463414634,165.4573170731707
-8,7.999755859375,7.999755859375,439.6036585365854,346.0060975609757,209.1768292682927
4.609619140625,1.327880859375,-1.039306640625,22.71341463414634,463.9634146341464,84.60365853658537
-0.44287109375,1.15478515625,3.00439453125,10.21341463414634,461.3109756097562,134.9390243902439
2.6572265625,-3.6982421875,0.487060546875,120.8231707317073,656.3414634146342,109.4512195121951
1.281005859375,-0.517333984375,1.66845703125,-59.08536585365854,854.1768292682927,287.2560975609757
0.739990234375,-0.293212890625,0.383544921875,190.2743902439024,-490.2743902439025,-437.5304878048781
0.904052734375,-0.4609375,-1.179443359375,-144.4207317073171,-999.0243902439025,-447.1036585365854
2.197021484375,1.32958984375,-2.7109375,406.3719512195123,-999.0243902439025,-356.189024390244
0.65283203125,0.6123046875,-3.413818359375,148.9939024390244,240.0609756097561,269.6341463414635
2.9296875,2.0244140625,-2.58984375,-259.9390243902439,-488.9634146341464,84.42073170731707
3.994384765625,0.07080078125,-2.16748046875,-935.3963414634147,-64.42073170731707,-105.1829268292683
7.378173828125,-1.376708984375,-5.8701171875,205.3963414634146,279.7560975609757,232.6524390243903
-6.564208984375,1.008544921875,2.24609375,325.8231707317074,335.8841463414635,187.3170731707317
4.1650390625,3.958984375,2.959228515625,-56.40243902439025,383.0487804878049,96.95121951219514
2.550537109375,-1.0986328125,0.158447265625,-11.70731707317073,454.1463414634147,185
0.22705078125,-2.92431640625,1.50634765625,130.3353658536585,474.969512195122,218.1707317073171
0.988525390625,-0.571044921875,1.470947265625,90.2439024390244,513.5060975609756,256.1280487804878
0.88623046875,-0.70654296875,0.039794921875,227.469512195122,145.030487804878,40.1219512195122
0.777099609375,-0.678466796875,-0.831298828125,-185.5487804878049,-656.7378048780488,-366.2804878048781
0.996337890625,0.15478515625,-1.246337890625,-177.469512195122,-992.3170731707318,-440.0304878048781
2.31591796875,0.977294921875,-2.51953125,406.3719512195123,-999.0243902439025,-292.8658536585366
0.99365234375,1.264892578125,-2.256103515625,13.53658536585366,-454.7865853658537,145.6707317073171
2.916748046875,0.612060546875,-2.299560546875,-14.29878048780488,-656.5243902439025,-47.19512195121952
3.21435546875,-0.33935546875,-0.909912109375,-315.6707317073171,320.3048780487805,411.9817073170732
7.999755859375,-5.739013671875,7.999755859375,158.5670731707317,448.6280487804879,192.4085365853659
-4.459228515625,0.77490234375,4.217041015625,203.6585365853659,445.7317073170732,-24.54268292682927
3.26025390625,1.491455078125,0.801025390625,104.6646341463415,528.75,-9.054878048780489
2.431884765625,-0.652099609375,1.131591796875,81.03658536585367,597.8658536585366,17.86585365853659
-0.073486328125,-1.286865234375,1.541748046875,130.9146341463415,770.0609756097562,163.5670731707317
0.93212890625,-0.286865234375,0.531494140625,194.969512195122,-497.439024390244,-348.2012195121952
0.945556640625,-0.521240234375,-0.732666015625,-180.4878048780488,-999.0243902439025,-425.6402439024391
2.042236328125,0.559814453125,-2.275146484375,427.6829268292684,-999.0243902439025,-199.3292682926829
1.3662109375,-0.132568359375,-3.876953125,-112.6829268292683,-13.50609756097561,218.9634146341464
2.85595703125,0.80908203125,-3.194091796875,-289.9390243902439,-217.5304878048781,125.0609756097561
3.60107421875,-0.632568359375,-2.689453125,-443.5975609756098,14.14634146341464,-13.01829268292683
6.2138671875,-0.749755859375,-5.238525390625,336.3414634146342,-145.1219512195122,247.3475609756098
-7.75634765625,-1.50390625,3.50244140625,246.3109756097561,623.109756097561,32.07317073170732
1.523681640625,1.275634765625,-0.3935546875,-106.3414634146342,483.4756097560976,40.27439024390245
1.278076171875,-1.369384765625,-0.20703125,15.30487804878049,484.7865853658537,102.9573170731707
1.916015625,-2.602294921875,1.34423828125,153.109756097561,625.9451219512196,120.3353658536585
1.317626953125,0.02294921875,1.12255859375,73.8719512195122,831.9512195121952,229.6341463414634
0.911865234375,-0.55712890625,-0.13818359375,217.5914634146342,-315.7926829268293,-246.7987804878049
1.277099609375,-0.6884765625,-1.091796875,-206.1585365853659,-999.0243902439025,-391.6158536585366
1.786376953125,0.49462890625,-2.069091796875,192.2256097560976,-999.0243902439025,-331.2804878048781
3.106201171875,0.972412109375,-3.7099609375,367.9268292682927,998.9939024390245,243.109756097561
2.0615234375,1.5380859375,-3.096923828125,89.42073170731709,-999.0243902439025,-234.8475609756098
3.392333984375,0.16943359375,-2.45556640625,-357.7743902439025,293.5060975609757,255.0304878048781
4.987060546875,-0.946533203125,-2.109375,-180.8231707317073,-436.8902439024391,531.4329268292684
-8,0.8349609375,7.999755859375,506.7682926829269,293.1402439024391,-31.89024390243903
5.147705078125,0.21875,1.774169921875,301.5853658536586,780.9756097560976,-112.5609756097561
-0.898193359375,2.097412109375,1.445068359375,77.95731707317074,964.4817073170733,-148.8719512195122
2.382568359375,-3.18359375,0.010498046875,-123.75,998.9939024390245,-52.92682926829269
1.68115234375,-0.353515625,-0.148193359375,343.8109756097562,19.29878048780488,-100.0609756097561
1.00439453125,-0.030517578125,-0.825927734375,-81.46341463414635,-917.3170731707318,-141.0975609756098
1.01318359375,-0.00146484375,-1.851806640625,-50.2439024390244,-999.0243902439025,-235.0609756097561
3.174072265625,0.699951171875,-3.210205078125,498.5975609756098,-999.0243902439025,-97.65243902439025
1.528076171875,0.888916015625,-2.99267578125,59.66463414634147,-376.7073170731708,277.5304878048781
3.4833984375,-0.129150390625,-2.767822265625,-26.49390243902439,-451.7073170731708,216.1280487804878
4.040771484375,-0.731689453125,-1.620849609375,-576.4634146341464,-176.9817073170732,38.23170731707317
7.999755859375,-5.404541015625,7.999755859375,257.1646341463415,491.4024390243903,221.7682926829268
-3.236083984375,0.218994140625,0.66748046875,128.9939024390244,633.0182926829269,4.26829268292683
2.191650390625,1.215576171875,2.619140625,-60.94512195121952,516.4024390243903,93.53658536585367
3.325927734375,-2.336669921875,-0.271728515625,-164.7560975609756,583.5670731707318,109.390243902439
1.124755859375,-0.759521484375,1.462646484375,-176.0060975609756,516.7682926829269,152.3780487804878
0.91162109375,0.019287109375,1.28125,-186.7073170731707,449.939024390244,130.3048780487805
1.28369140625,-0.348876953125,-0.100341796875,-188.4756097560976,-396.3719512195123,-593.5060975609757
1.10205078125,-0.049072265625,-0.775146484375,-522.7134146341464,-646.1280487804879,-797.2560975609757
2.160888671875,1.46533203125,-2.263671875,-263.9939024390244,-602.9573170731708,-854.6646341463415
-0.053955078125,0.574951171875,-2.61181640625,998.9939024390245,182.8353658536585,569.6951219512196
2.7470703125,3.120361328125,-1.940673828125,306.829268292683,-725.2439024390245,-326.219512195122
3.09033203125,1.5107421875,-1.073486328125,-685.3963414634147,-115.2743902439024,928.2317073170733
7.999755859375,-5.217529296875,-2.2578125,129.5121951219512,534.5426829268293,423.5975609756098
-8,-8,6.5556640625,326.2804878048781,-24.20731707317074,279.8475609756098
1.943115234375,4.306640625,0.127685546875,264.6951219512196,346.2804878048781,361.0670731707318
2.941162109375,-2.947265625,-0.675048828125,17.40853658536586,349.5426829268293,379.0853658536586
-0.0927734375,-2.326904296875,0.31494140625,-106.6158536585366,316.6463414634147,241.219512195122
1.521240234375,-1.020263671875,0.451416015625,24.78658536585366,381.4939024390245,54.23780487804878
1.240234375,0.096435546875,0.33154296875,262.6829268292683,-70.42682926829269,-429.4207317073171
0.612060546875,0.110595703125,-0.1171875,-159.2073170731707,-587.5,-841.7682926829269
1.71484375,1.230712890625,-0.933349609375,-397.9268292682927,-469.969512195122,-999.0243902439025
1.32177734375,1.9189453125,-1.0654296875,401.9512195121952,6.280487804878049,4.725609756097562
1.744140625,3.20751953125,0.14990234375,426.9207317073171,-234.8170731707317,-345.9451219512196
3.39306640625,2.738525390625,-0.64990234375,56.4939024390244,-207.4085365853659,30.33536585365854
5.22021484375,0.403564453125,-1.313720703125,-62.80487804878049,383.3536585365854,802.1036585365854
4.262451171875,-8,3.985595703125,2.195121951219512,251.7682926829268,221.0060975609756
-1.212158203125,1.4169921875,2.510498046875,107.3170731707317,230.5182926829268,175.1524390243902
4.541259765625,-1.68701171875,0.308837890625,227.4085365853659,260.9146341463415,134.969512195122
0.621826171875,-0.58740234375,-0.022705078125,344.969512195122,196.9817073170732,39.69512195121951
1.02685546875,-0.786865234375,0.048583984375,449.6646341463415,60.00000000000001,-11.58536585365854
1.522216796875,-0.184326171875,-0.51416015625,430.8536585365854,-128.140243902439,42.89634146341464
0.99267578125,0.47705078125,-0.440185546875,404.5121951219513,-325.0000000000001,60.2439024390244
0.708740234375,0.292724609375,-0.533203125,139.4512195121951,-321.9512195121952,27.59146341463415
0.35302734375,0.579345703125,-0.11083984375,-456.1280487804879,-661.4939024390244,-268.9939024390244
-0.011474609375,0.153076171875,0.271240234375,-178.4451219512195,344.329268292683,81.34146341463415
0.478271484375,0.3017578125,0.041259765625,-403.109756097561,-518.5670731707318,-547.0731707317074
1.248046875,0.777099609375,-0.505615234375,-999.0243902439025,-96.61585365853659,-136.7987804878049
0.7548828125,0.635498046875,-0.255615234375,-466.0060975609757,191.4329268292683,401.4634146341464
-8,-8,7.999755859375,709.2073170731708,-3.871951219512196,318.9634146341464
2.84814453125,7.739501953125,2.130126953125,255.640243902439,-173.5670731707317,378.9634146341464
0.97265625,1.08447265625,-3.549560546875,26.00609756097561,-66.70731707317074,387.6829268292684
-0.103271484375,-5.943603515625,-3.917236328125,66.79878048780489,-93.62804878048782,291.8902439024391
1.185302734375,-1.716064453125,-0.05126953125,132.5609756097561,-4.420731707317073,199.0853658536585
1.49169921875,-1.024658203125,0.595947265625,195.4573170731707,-36.95121951219512,192.2256097560976
0.26953125,-1.166259765625,0.398681640625,320.7012195121952,-52.80487804878049,242.7439024390244
0.228271484375,-0.885498046875,0.229736328125,438.2317073170732,-94.42073170731709,200.7926829268293
-0.2275390625,-0.6337890625,0.489990234375,583.6280487804878,20.54878048780488,43.41463414634147
-0.1962890625,-0.493896484375,0.275634765625,569.2682926829269,249.6036585365854,-40.30487804878049
-0.170166015625,-0.1982421875,0.24365234375,268.4451219512196,-344.1158536585366,-107.5609756097561
-0.590576171875,-0.05224609375,0.167724609375,-703.9634146341464,366.219512195122,-163.9634146341463
0.114013671875,0.288330078125,-0.3935546875,-999.0243902439025,-70.09146341463415,152.5
-1.310791015625,0.686767578125,0.236328125,-999.0243902439025,-64.05487804878049,451.5548780487806
-0.80224609375,0.9794921875,2.568359375,-363.5975609756098,-230.3048780487805,48.96341463414635
-0.20556640625,2.021728515625,1.511962890625,709.939024390244,-558.6585365853659,57.28658536585366
0.5791015625,2.843505859375,-3.276123046875,982.7134146341464,-306.2804878048781,95.1219512195122
0.401123046875,0.196044921875,-5.3388671875,998.9939024390245,-60.33536585365854,213.3536585365854
-1.068603515625,-2.392333984375,-1.11962890625,910.7926829268293,128.3536585365854,311.9512195121952
0.97265625,-0.03564453125,-0.990478515625,326.5243902439025,-17.25609756097561,167.3475609756098
0.929931640625,1.163330078125,-0.48583984375,-371.7987804878049,-95.60975609756099,-213.140243902439
0.93310546875,1.29931640625,-0.50439453125,-766.9817073170732,-112.8963414634146,-371.6768292682927
-0.132568359375,3.10888671875,-1.209716796875,-874.0548780487806,-37.89634146341464,-564.6341463414635
-0.9755859375,1.753662109375,0.558349609375,-828.9634146341464,398.5060975609757,-999.0243902439025
-0.2666015625,2.028564453125,0.211181640625,-705.0000000000001,458.0487804878049,-999.0243902439025
-0.029052734375,1.57861328125,-0.86083984375,305.0609756097561,449.1158536585367,-531.859756097561
0.947998046875,1.3056640625,-0.145263671875,312.7439024390244,261.4634146341464,70
2.402099609375,3.802734375,-0.174072265625,451.9512195121952,-328.7500000000001,16.76829268292683
6.13330078125,2.663330078125,-0.87548828125,525.5487804878049,87.25609756097562,378.8109756097562
2.57373046875,0.12255859375,-1.5244140625,115.4268292682927,463.9024390243903,885.0914634146342
-0.177490234375,-8,5.54638671875,-88.59756097560977,258.2012195121952,475.0914634146342
-0.312744140625,0.300048828125,-1.478515625,-261.829268292683,32.77439024390245,280.9451219512196
4.865234375,-1.650146484375,2.134521484375,-231.6768292682927,33.20121951219512,183.5365853658537
0.35791015625,-0.075439453125,0.54296875,295.609756097561,-73.44512195121952,-104.9085365853659
0.740234375,-0.352783203125,0.197021484375,523.2012195121952,184.4512195121951,-426.859756097561
1.092529296875,-0.11865234375,0.0185546875,85.85365853658537,-505.579268292683,-791.5243902439025
1.2685546875,1.358154296875,-0.17431640625,-109.6646341463415,-851.8902439024391,-999.0243902439025
3.05810546875,2.9638671875,-1.2958984375,792.8963414634147,652.0121951219513,998.9939024390245
2.2822265625,3.374755859375,-0.32763671875,11.21951219512195,-602.0426829268293,-293.3231707317074
3.219970703125,2.3203125,-0.19384765625,-747.8658536585367,367.3780487804879,72.31707317073172
7.999755859375,1.260498046875,-1.889404296875,-353.0487804878049,405.5182926829269,594.4817073170732
-8,-8,7.999755859375,-4.237804878048781,112.0121951219512,39.51219512195122
2.6474609375,3.132568359375,1.468505859375,289.6951219512196,528.6280487804878,-84.81707317073172
2.1474609375,-0.541259765625,0.43212890625,-164.2073170731707,-148.9024390243902,-632.5000000000001
0.31640625,-1.417236328125,-0.05419921875,673.9024390243903,16.98170731707317,440.3353658536586
1.642578125,3.936279296875,-0.653564453125,645.6402439024391,-509.2378048780488,-521.7378048780488
0.832275390625,4.593017578125,-1.619384765625,-610.3658536585366,-434.1158536585367,348.0182926829269
0.732421875,2.072998046875,-1.88427734375,-100.5487804878049,726.4939024390245,545.2743902439025
-7.080810546875,-8,2.04541015625,-52.50000000000001,230.9451219512195,295.609756097561
3.590087890625,5.16162109375,2.639892578125,-1.554878048780488,112.1951219512195,347.9573170731708
2.530029296875,-4.115966796875,0.131103515625,457.5304878048781,221.9817073170732,-302.8963414634147
0.0576171875,-2.99267578125,0.927490234375,-274.4512195121952,-660.3048780487806,-707.1341463414635
2.106201171875,1.21044921875,0.439208984375,998.9939024390245,-122.5914634146342,215.0304878048781
2.568115234375,3.23291015625,-2.752197265625,973.9939024390245,-687.7439024390245,268.9939024390244
1.159912109375,5.333251953125,-1.598388671875,-652.9878048780488,-233.2317073170732,358.3536585365854
2.680908203125,1.934814453125,-1.44580078125,-291.1890243902439,-114.7256097560976,183.9024390243902
2.098388671875,-8,6.078369140625,559.5121951219513,387.6524390243903,258.1707317073171
5.163818359375,7.999755859375,0.478759765625,96.15853658536587,436.8902439024391,35.03048780487805
-1.96142578125,0.460693359375,1.337646484375,-259.6341463414635,501.1585365853659,77.5609756097561
4.1435546875,-4.361083984375,0.073974609375,-471.5243902439025,511.3719512195123,95.57926829268294
0.449462890625,-0.628662109375,1.647705078125,-112.7743902439024,445.1219512195123,331.4634146341464
1.715576171875,0.1357421875,0.58349609375,476.3719512195123,-282.5914634146342,-469.7560975609757
1.5634765625,0.23876953125,-0.638427734375,89.54268292682927,-608.4146341463415,-618.719512195122
1.6708984375,1.89697265625,-1.615234375,208.0182926829268,-746.6768292682927,-857.0731707317074
-0.30908203125,1.50048828125,-1.727294921875,998.9939024390245,577.2560975609757,704.0853658536586
2.34521484375,3.90234375,-1.31884765625,15.18292682926829,-527.8353658536586,-11.28048780487805
2.63525390625,1.275634765625,-1.5302734375,-492.8048780487806,555.609756097561,158.1707317073171
4.81103515625,0.20947265625,-0.617919921875,28.04878048780488,178.2621951219512,242.7743902439025
-8,0.02587890625,7.999755859375,199.4817073170732,118.0487804878049,228.9024390243903
4.890380859375,1.23828125,5.17236328125,130.8231707317073,138.8109756097561,211.25
1.611083984375,-1.4208984375,0.5419921875,87.98780487804879,183.5975609756098,171.890243902439
0.598876953125,-1.05615234375,0.521240234375,122.2865853658537,212.9268292682927,135.9451219512195
0.917724609375,-0.38525390625,0.643310546875,116.1890243902439,320.8231707317074,38.26219512195122
0.796875,-0.2958984375,0.312255859375,140.2743902439024,-188.719512195122,-308.9634146341464
0.57861328125,0.181884765625,-0.088623046875,242.5304878048781,-857.0121951219513,-315.1219512195122
0.653076171875,0.6708984375,-0.973876953125,249.5121951219512,-999.0243902439025,-327.7134146341464
1.41650390625,1.28955078125,-1.692138671875,17.53048780487805,764.969512195122,152.6219512195122
1.282470703125,1.8681640625,-2.229248046875,-24.78658536585366,-539.7865853658537,-165
3.021240234375,0.6943359375,-2.613525390625,-428.079268292683,639.4817073170732,339.359756097561
5.019287109375,0.214599609375,-0.468505859375,191.0365853658537,-45.2439024390244,268.9329268292683
-8,-1.972412109375,7.999755859375,202.4390243902439,243.0792682926829,124.8170731707317
2.862060546875,0.7109375,-0.490234375,-15.15243902439025,255.1524390243903,10.09146341463415
1.273681640625,1.315673828125,1.6533203125,-77.46951219512196,380.3048780487805,-35.85365853658537
1.1904296875,-0.541015625,1.1982421875,-2.530487804878049,417.8658536585367,-100.9451219512195
1.197998046875,0.31103515625,0.54736328125,135.0609756097561,-324.4207317073171,-224.0243902439025
1.13720703125,0.444580078125,-0.569580078125,77.04268292682927,-546.5548780487806,-167.8963414634146
1.4716796875,0.670166015625,-1.92236328125,249.2987804878049,-745.4268292682927,1.25
-0.029541015625,0.466796875,-1.751220703125,631.7987804878049,442.7439024390245,132.8963414634146
1.230712890625,0.442626953125,-2.10791015625,-507.2865853658537,-328.2621951219513,143.5670731707317
2.19580078125,-0.591796875,-1.693359375,-2.987804878048781,611.3719512195122,-89.48170731707317
3.9677734375,-1.456298828125,1.316650390625,112.6219512195122,-774.2987804878049,-5.335365853658537
-8,7.999755859375,7.999755859375,422.7134146341464,-999.0243902439025,16.92073170731707
3.28076171875,0.682373046875,1.11083984375,-226.4939024390244,324.4512195121952,238.0487804878049
0.393310546875,2.3671875,-4.444091796875,-104.0548780487805,-492.6219512195123,121.4939024390244
1.046142578125,-0.36962890625,-5.01318359375,-50.88414634146342,368.2317073170732,-208.0487804878049
7.999755859375,-0.2412109375,7.999755859375,-110.4573170731707,669.2987804878049,-29.23780487804878
-5.990478515625,-0.44140625,-0.346923828125,-202.8658536585366,346.6463414634147,-65.1219512195122
0.01220703125,-0.020263671875,-0.509033203125,74.17682926829269,373.5060975609757,-32.43902439024391
3.204345703125,-1.2001953125,-0.307861328125,-112.9268292682927,-20.60975609756098,-247.9573170731707
-0.12255859375,-0.668212890625,1.080322265625,323.8414634146342,-999.0243902439025,-139.0243902439024
1.760986328125,-0.261962890625,-0.857421875,313.9329268292683,803.719512195122,-141.9207317073171
2.948486328125,1.311279296875,-3.53369140625,-506.8902439024391,-582.2865853658537,301.0975609756098
-0.123779296875,-0.686767578125,-4.55712890625,-248.5670731707317,310.7317073170732,-139.5426829268293
7.999755859375,-0.203369140625,0.197021484375,406.1585365853659,259.2073170731708,169.8170731707317
-4.5107421875,7.101318359375,5.298583984375,-208.3231707317073,478.6280487804879,-247.4390243902439
0.62939453125,-0.51171875,-1.291015625,-162.4390243902439,484.7256097560976,-36.98170731707317
2.41796875,-1.707275390625,1.25830078125,161.0060975609756,-865.6402439024391,-147.2560975609756
0.6435546875,-0.58740234375,2.638916015625,962.3170731707318,442.9268292682927,208.3841463414634
2.3203125,1.069091796875,-1.29931640625,-311.3719512195122,-511.0060975609757,105.7621951219512
0.767822265625,0.3505859375,-4.675537109375,-177.7743902439024,-172.0731707317073,-142.2560975609756
2.8369140625,-0.97509765625,-5.304443359375,-133.3231707317073,561.1585365853659,128.2012195121951
-8,5.689697265625,7.999755859375,-213.3231707317073,641.2804878048781,64.60365853658537
-1.971923828125,-1.239013671875,-2.67236328125,38.26219512195122,454.0548780487806,49.69512195121952
1.781982421875,0.9609375,1.97900390625,44.87804878048781,-748.8109756097562,-303.9634146341464
2.267822265625,0.063232421875,2.226318359375,688.4756097560976,-999.0243902439025,-70.1219512195122
2.519775390625,0.5634765625,-0.31298828125,-69.60365853658537,-395.0304878048781,51.67682926829269
3.18115234375,2.3642578125,-5.2744140625,-550.1219512195122,-136.6768292682927,221.9817073170732
2.312255859375,-0.161865234375,-6.630126953125,25.30487804878049,362.2256097560976,139.5121951219512
7.999755859375,-8,7.999755859375,11.79878048780488,469.7865853658537,-77.16463414634147
0.128662109375,-0.618408203125,-2.75244140625,-123.5670731707317,683.109756097561,-5.24390243902439
5.48779296875,-0.83837890625,1.191650390625,239.4207317073171,-908.1097560975611,-139.6341463414634
1.10107421875,-0.925048828125,1.269287109375,890.6402439024391,-210.9451219512195,104.4512195121951
2.06494140625,1.4482421875,-1.787109375,-410.6707317073171,-749.7256097560976,158.2012195121951
0.654296875,0.627197265625,-5.260498046875,87.89634146341464,363.4451219512196,101.7682926829268
2.338134765625,-0.655517578125,-5.261962890625,-97.92682926829269,483.1707317073171,-9.695121951219512
7.999755859375,3.744384765625,7.999755859375,-157.6524390243902,454.0853658536586,-212.9573170731707
0.267578125,-2.501708984375,-3.0068359375,-46.76829268292683,-28.75,-184.1463414634146
3.113037109375,0.291015625,1.843505859375,281.6768292682927,-999.0243902439025,-11.06707317073171
0.9794921875,-0.18603515625,1.250732421875,34.20731707317074,392.3780487804879,-112.6524390243902
3.436279296875,1.012939453125,-4.316650390625,-194.4512195121951,-795.1524390243903,56.4939024390244
1.6474609375,-0.78076171875,-4.922607421875,-68.10975609756098,648.109756097561,308.0182926829269
6.805908203125,-0.447509765625,1.62744140625,-27.5609756097561,421.9817073170732,-114.6951219512195
-3.998291015625,3.20703125,5.9921875,13.56707317073171,424.1158536585367,-227.8353658536585
5.5615234375,-0.622314453125,0.52490234375,57.95731707317074,-530.3963414634147,-265.1524390243903
0.713623046875,-0.127197265625,2.1318359375,683.719512195122,-146.7378048780488,86.4329268292683
1.2646484375,0.7119140625,-0.96630859375,-198.1707317073171,-999.0243902439025,7.865853658536586
1.40283203125,1.162109375,-5.04248046875,51.3109756097561,-508.2621951219513,-60.36585365853659
2,-0.918212890625,-4.2001953125,-134.390243902439,955.8536585365855,682.0121951219513
1.7744140625,-3.0087890625,7.999755859375,-145.9756097560976,709.1158536585366,-97.40853658536587
1.94140625,-2.787353515625,-1.701904296875,68.78048780487805,466.8902439024391,-134.4512195121951
3.288330078125,3.90478515625,1.49462890625,56.4329268292683,6.951219512195123,-258.5975609756098
4.234130859375,-0.21044921875,0.345947265625,126.5548780487805,-999.0243902439025,-243.2926829268293
2.20849609375,-0.20068359375,1.157470703125,214.1463414634146,858.5060975609757,184.8475609756098
4.18212890625,2.216064453125,-4.96533203125,-103.5670731707317,-860.2439024390245,95.79268292682927
1.759765625,0.175537109375,-4.468017578125,-333.689024390244,619.329268292683,265
3.484619140625,-0.7041015625,-1.705322265625,-3.871951219512196,442.5914634146342,100.9451219512195
-5.8369140625,0.144775390625,7.999755859375,64.75609756097562,500.6707317073171,-108.6280487804878
2.23291015625,0.300537109375,1.225341796875,42.34756097560976,-15.24390243902439,-367.1341463414635
1.2255859375,-0.53759765625,1.904541015625,100,-891.8902439024391,-240.1524390243903
1.041748046875,-0.273681640625,0.255615234375,559.5731707317074,521.3109756097562,320.1524390243903
3.517333984375,1.910400390625,-4.027587890625,-467.0121951219513,-659.7865853658537,-83.47560975609757
2.102783203125,1.0859375,-3.991455078125,-785.6402439024391,666.7073170731708,292.9573170731708
3.648681640625,-0.41455078125,-1.431640625,261.219512195122,117.6829268292683,429.2378048780488
-8,1.51513671875,7.999755859375,293.3841463414635,306.8902439024391,219.1463414634146
3.096435546875,1.529052734375,1.6484375,116.3109756097561,189.6951219512195,-299.5426829268293
0.11962890625,-2.4375,1.195068359375,-11.58536585365854,-653.9939024390244,-478.3231707317074
1.403076171875,-0.336181640625,0.25048828125,581.7073170731708,248.3841463414634,412.1951219512196
3.38232421875,2.819580078125,-3.081298828125,23.32317073170732,-725.9451219512196,-362.5609756097562
1.590576171875,2.56201171875,-2.96435546875,-810.7317073170733,247.1341463414634,359.7560975609757
2.344482421875,0.79052734375,-1.999755859375,-89.26829268292684,222.7134146341464,432.3170731707318
-8,-8,7.999755859375,147.9573170731707,161.9512195121951,214.1158536585366
0.07373046875,3.6767578125,-0.7763671875,57.46951219512196,272.1036585365854,-25.36585365853659
3.88671875,-1.50732421875,0.996337890625,24.9390243902439,-65.64024390243902,-536.3719512195122
1.18115234375,-1.465576171875,0.665771484375,228.8414634146342,-521.5548780487806,-423.3536585365854
2.319091796875,2.366455078125,-0.6513671875,606.9817073170732,-126.1890243902439,335.6402439024391
1.93701171875,3.21826171875,-2.741455078125,-267.5609756097561,-464.2073170731708,65.97560975609757
1.728759765625,1.7578125,-1.790771484375,-578.2317073170732,505.7012195121952,514.0243902439025
3.4365234375,-0.73876953125,1.2099609375,141.6768292682927,174.8780487804878,350.9146341463415
-4.316162109375,-3.9365234375,5.49658203125,311.5853658536586,269.7865853658537,224.2682926829268
2.710205078125,1.237060546875,1.88134765625,293.3841463414635,184.7256097560976,-202.7439024390244
-0.43603515625,-2.993896484375,1.24658203125,98.23170731707317,-542.5914634146342,-375.8841463414635
1.48779296875,0.205810546875,0.30029296875,300.579268292683,-785.7317073170732,-138.2317073170732
2.847900390625,2.72900390625,-2.376953125,84.29878048780489,-254.359756097561,115.7012195121951
1.784423828125,2.44287109375,-2.2646484375,-218.6280487804878,-573.3841463414635,173.3841463414634
1.736328125,0.660400390625,-1.420166015625,-18.8109756097561,797.8048780487806,527.6524390243903
7.999755859375,-1.847412109375,7.999755859375,32.46951219512196,709.6951219512196,136.3109756097561
-3.388916015625,1.719970703125,1.11181640625,103.3231707317073,447.8353658536586,-133.2317073170732
0.916748046875,-1.082275390625,0.63037109375,110.7621951219512,-419.5426829268293,-405.4878048780488
1.452880859375,-0.08349609375,0.6806640625,94.96951219512196,-992.6219512195123,-271.9817073170732
1.665771484375,1.104736328125,-1.005126953125,549.7256097560976,481.0060975609757,498.9634146341464
2.4091796875,1.442626953125,-3.53759765625,-273.3231707317074,-683.9329268292684,-96.92073170731709
2.377685546875,1.423095703125,-2.778564453125,-234.0243902439025,650.6707317073171,225.0304878048781
3.644287109375,-1.33203125,0.5927734375,-119.3292682926829,917.9878048780489,425.3658536585367
-8,-0.812744140625,7.999755859375,91.70731707317074,382.8963414634147,-50.64024390243903
1.215087890625,0.43994140625,1.0302734375,89.48170731707317,-209.969512195122,-355.3353658536586
1.55078125,-0.977294921875,1.309326171875,205.7317073170732,-999.0243902439025,-285.3658536585366
2.2060546875,1.99609375,-0.94580078125,998.9939024390245,522.7439024390244,624.0243902439025
4.835693359375,2.626953125,-3.220458984375,-277.0121951219513,-899.3902439024391,-107.8658536585366
2.615478515625,1.96630859375,-3.23974609375,-212.0121951219512,165,45.64024390243903
3.135498046875,-0.276611328125,-1.3037109375,-295.4878048780488,998.9939024390245,74.35975609756099
-8,3.44970703125,7.999755859375,25.09146341463415,455.1219512195123,69.54268292682927
0.83642578125,1.09912109375,1.1943359375,189.0548780487805,215.2439024390244,-87.53048780487806
3.53662109375,-1.858642578125,1.50146484375,145.3658536585366,-870.579268292683,-285.8231707317074
2.0810546875,-0.186767578125,0.0498046875,653.719512195122,-633.8414634146342,68.75
2.6123046875,1.710205078125,-2.99560546875,-132.3475609756098,-460.1829268292684,224.4207317073171
1.145263671875,1.7490234375,-2.86669921875,-160.8536585365854,-579.7256097560976,178.109756097561
2.69482421875,0.546142578125,-1.734130859375,-168.8109756097561,523.079268292683,-1.189024390243903
7.999755859375,-8,7.999755859375,-78.23170731707317,708.689024390244,-112.2256097560976
-3.4453125,3.25537109375,-1.36669921875,165.9756097560976,478.0487804878049,-153.4146341463415
2.47216796875,-0.263427734375,1.57275390625,111.5243902439024,-69.11585365853659,-389.7865853658537
1.830322265625,-1.30419921875,0.9619140625,294.1768292682927,-957.8963414634147,-43.68902439024391
1.3447265625,0.08984375,-0.552490234375,3.689024390243903,-3.445121951219512,221.9207317073171
2.717041015625,0.73876953125,-3.05224609375,-131.1585365853659,-647.1341463414635,131.5548780487805
1.38330078125,0.771484375,-2.529541015625,-160.030487804878,410.609756097561,20.0609756097561
7.999755859375,0.53955078125,6.83642578125,-78.44512195121952,663.4146341463415,103.9634146341463
-3.613037109375,1.2421875,1.8076171875,32.98780487804878,471.3109756097562,-81.85975609756099
1.111328125,0.078125,1.3759765625,52.04268292682927,279.2987804878049,-144.2682926829268
2.264892578125,-2.159912109375,2.086181640625,81.4939024390244,-886.3414634146342,-141.4939024390244
1.430908203125,-0.606689453125,0.640869140625,690.3658536585366,-385.0304878048781,258.9939024390244
3.154296875,1.03125,-3.406494140625,-218.9329268292683,-529.8170731707318,92.6829268292683
0.90771484375,0.924072265625,-2.9228515625,-179.1158536585366,-434.4817073170732,11.40243902439025
2.12158203125,0.102294921875,-1.599609375,-293.2621951219513,846.5548780487806,96.46341463414635
7.999755859375,-8,7.999755859375,-55.33536585365854,504.8780487804879,71.28048780487805
-2.15234375,0.44189453125,-0.7880859375,203.4451219512195,364.5426829268293,-50.97560975609757
2.68212890625,-0.31884765625,1.405029296875,83.75000000000001,-241.6158536585366,-324.1463414634147
0.44140625,-0.49462890625,1.23779296875,254.5731707317073,-999.0243902439025,-148.6280487804878
1.423828125,0.90673828125,-0.724853515625,1.798780487804878,87.98780487804879,129.0853658536585
2.38623046875,1.43603515625,-2.8388671875,-104.0243902439024,-815.3963414634147,-24.96951219512195
1.77880859375,0.891357421875,-2.519775390625,-5.000000000000001,337.8353658536586,255.4268292682927
6.52978515625,0.83935546875,2.156982421875,-61.67682926829269,627.2865853658537,-141.3719512195122
-5.35205078125,1.608154296875,3.44580078125,-33.50609756097561,521.7378048780488,-231.4939024390244
3.931396484375,-0.146240234375,0.67041015625,-3.201219512195122,-29.57317073170732,-355.4268292682927
1.0634765625,-0.5517578125,1.26513671875,437.7439024390245,-999.0243902439025,-156.8292682926829
1.0380859375,-0.386962890625,0.0146484375,-82.34756097560977,-87.71341463414635,174.0548780487805
2.873779296875,0.97900390625,-3.38330078125,-118.0792682926829,-387.8353658536586,-95.97560975609757
1.75927734375,-0.01806640625,-4.244873046875,-302.3475609756098,230.2134146341464,324.3902439024391
7.999755859375,-4.915283203125,7.999755859375,80.97560975609757,764.5731707317074,19.81707317073171
-4.602783203125,-0.9033203125,-0.10107421875,54.63414634146342,492.5609756097562,-88.35365853658537
4.395263671875,1.33251953125,4.140869140625,24.17682926829269,-688.0487804878049,-297.5
3.321044921875,-2.20947265625,1.289306640625,722.0731707317074,-563.5975609756098,69.08536585365854
1.65966796875,1.15478515625,-0.421875,-147.2865853658537,-390.0609756097562,122.2560975609756
3.5751953125,1.638916015625,-5.1259765625,-569.7865853658537,142.3170731707317,-131.890243902439
2.892333984375,-0.264404296875,-4.911376953125,-283.5060975609757,181.7682926829268,297.8353658536586
7.999755859375,-8,7.999755859375,309.5426829268293,433.2317073170732,237.6524390243903
-2.2099609375,-0.355712890625,-2.000244140625,67.7439024390244,459.4817073170732,126.0060975609756
0.54833984375,0.343505859375,2.31298828125,71.85975609756098,-246.2804878048781,-319.4207317073171
1.615234375,-3.494384765625,-0.14208984375,156.25,-999.0243902439025,-209.6951219512195
1.479248046875,1.9169921875,-0.617919921875,115.8231707317073,445.8841463414635,127.3475609756098
3.293701171875,1.596435546875,-4.0634765625,-65.27439024390245,-732.6219512195123,-339.2987804878049
1.44189453125,0.81640625,-3.35888671875,-576.4329268292684,372.1036585365854,174.2073170731707
3.04638671875,-0.539794921875,-1.6162109375,-13.56707317073171,545.8841463414635,579.7560975609757
-4.232421875,1.399169921875,4.777099609375,126.4939024390244,245.8841463414634,75.1219512195122
5.2509765625,0.673095703125,2.479248046875,-97.77439024390245,268.6280487804878,136.0365853658537
4.235107421875,-1.50439453125,0.86181640625,-238.0487804878049,191.25,54.02439024390245
-0.817138671875,-2.300537109375,0.8876953125,-215.5487804878049,131.0365853658537,-12.07317073170732
1.106689453125,0.03173828125,0.4052734375,317.0426829268293,127.3475609756098,199.7865853658537
0.9150390625,-0.138427734375,0.169921875,429.7560975609757,-259.8780487804878,-54.78658536585366
0.4833984375,-0.04931640625,-0.14404296875,-7.469512195121952,-840.3353658536586,-323.9024390243903
0.85693359375,0.50830078125,-1.333984375,445.5487804878049,670.609756097561,354.4817073170732
1.79736328125,1.92431640625,-1.80615234375,-117.0121951219512,-999.0243902439025,-266.3109756097561
1.070068359375,1.899169921875,-1.413818359375,-120.7926829268293,316.219512195122,308.6585365853659
1.92431640625,0.419921875,-0.929931640625,98.65853658536587,-101.9512195121951,328.3841463414635
-8,-4.38818359375,7.999755859375,383.4756097560976,211.9817073170732,126.2804878048781
3.08544921875,2.88916015625,-3.456787109375,-88.78048780487806,445.9451219512196,-32.6219512195122
1.81396484375,0.043701171875,2.916015625,-113.2926829268293,445.3963414634147,47.31707317073171
0.91943359375,-1.692626953125,1.5166015625,43.78048780487805,397.0731707317074,94.63414634146342
0.600341796875,-0.42529296875,2.5390625,74.72560975609757,359.0548780487805,97.6829268292683
0.999755859375,-0.5830078125,1.5224609375,87.89634146341464,339.4512195121952,25.42682926829269
1.03662109375,-1.03759765625,0.404296875,105.8536585365854,432.2256097560976,-58.65853658536586
1.120849609375,-0.582275390625,-0.080078125,208.2317073170732,-191.1585365853659,-359.0243902439025
1.15234375,-0.36474609375,-0.448974609375,-35.42682926829269,-998.8719512195123,-662.3170731707318
1.9501953125,0.122314453125,-1.582763671875,192.469512195122,-999.0243902439025,-634.2378048780488
2.64111328125,1.09033203125,-3.0166015625,762.0426829268293,998.9939024390245,675.5487804878049
1.45166015625,1.313720703125,-2.388427734375,-301.9817073170732,-756.0975609756098,222.9878048780488
3.4365234375,0.502685546875,-2.315673828125,-491.1585365853659,835.4573170731708,24.02439024390244
7.48486328125,-0.36376953125,-0.66552734375,121.4024390243903,140.7926829268293,329.359756097561
-8,0.95361328125,7.999755859375,225.3963414634146,253.5365853658537,291.1280487804879
6.262939453125,1.20361328125,1.20068359375,-33.35365853658537,332.1341463414635,175.0304878048781
-0.779052734375,-1.84375,2.456298828125,-74.17682926829269,253.109756097561,156.9512195121951
0.207275390625,-1.61083984375,1.408447265625,36.09756097560976,135.7317073170732,163.3536585365854
0.797607421875,-0.65087890625,1.15185546875,110.2134146341463,50.0609756097561,126.9207317073171
0.885986328125,-0.459228515625,0.236083984375,65.85365853658537,44.32926829268293,30.76219512195122
0.7060546875,-0.285888671875,-0.28271484375,58.44512195121952,-93.59756097560977,-167.7743902439024
0.61376953125,-0.218505859375,-0.481689453125,21.40243902439025,-445.0609756097562,-508.5975609756098
0.87158203125,0.289794921875,-0.87255859375,-60.36585365853659,-760.2134146341464,-648.1402439024391
1.23046875,0.800048828125,-1.261474609375,3.140243902439025,-999.0243902439025,-625.2439024390244
1.317138671875,0.66162109375,-1.342041015625,441.0670731707318,-1.76829268292683,405.0914634146342
2.382568359375,0.779296875,-1.470947265625,70.67073170731707,-802.1341463414635,73.71951219512196
2.90869140625,0.176513671875,-1.34326171875,-729.0243902439025,43.59756097560976,592.7743902439025
4.977294921875,0.06787109375,-0.758544921875,834.0243902439025,210.9756097560976,357.8353658536586
-6.3974609375,-0.60595703125,4.95166015625,400.3353658536586,310.8841463414635,-95.94512195121952
7.76220703125,5.503173828125,3.60546875,-374.8780487804879,489.4817073170732,-157.0426829268293
1.73388671875,-2.814697265625,0.935302734375,-180.0609756097561,518.5365853658537,-22.83536585365854
-0.343505859375,-0.468994140625,1.50146484375,156.4329268292683,374.0243902439025,80.57926829268294
1.07470703125,0.784912109375,1.857666015625,118.2926829268293,357.5000000000001,23.41463414634147
1.30078125,-0.57666015625,-0.046875,27.37804878048781,406.5243902439025,-105.3963414634146
1.25244140625,-0.955322265625,-0.82421875,-14.05487804878049,161.7987804878049,-256.9817073170732
1.2431640625,-0.228515625,-0.537841796875,102.8963414634146,-531.5853658536586,-369.4817073170732
1.33154296875,-0.12451171875,-1.0986328125,90.48780487804879,-970.0000000000001,-448.4756097560976
0.982666015625,0.257568359375,-1.840087890625,240.3963414634146,-999.0243902439025,-263.6585365853659
0.91357421875,0.65869140625,-2.274169921875,278.4451219512196,204.390243902439,434.8475609756098
1.50244140625,0.450927734375,-1.82958984375,27.07317073170732,-932.5304878048781,-1.280487804878049
1.8046875,0.242919921875,-0.831787109375,-75.51829268292684,934.0243902439025,382.0426829268293
7.89599609375,-0.603515625,0.18310546875,-21.3109756097561,883.4756097560977,363.689024390244
-5.947998046875,2.052734375,6.214111328125,74.14634146341464,272.3475609756098,79.78658536585367
4.04541015625,0.288818359375,1.815673828125,-15.09146341463415,323.0487804878049,127.1341463414634
0.0703125,-0.09130859375,2.560546875,-3.26219512195122,319.939024390244,158.6280487804878
1.154296875,-1.107177734375,1.10693359375,180.2134146341463,223.9634146341464,157.5609756097561
1.01904296875,-0.921142578125,0.609130859375,143.2317073170732,130.030487804878,44.35975609756098
1.204833984375,-0.198486328125,-0.162353515625,71.85975609756098,59.75609756097562,-33.38414634146342
0.85693359375,-0.37646484375,-0.759521484375,128.140243902439,-323.7804878048781,-239.7865853658537
0.9541015625,-0.192626953125,-0.728271484375,22.77439024390244,-777.0121951219513,-453.6280487804879
1.42333984375,0.263916015625,-1.209228515625,-139.4817073170732,-999.0243902439025,-542.5609756097562
1.67822265625,0.601806640625,-1.4228515625,821.6768292682927,699.4512195121952,372.1951219512196
1.751708984375,0.57666015625,-1.389892578125,-122.3475609756098,-999.0243902439025,-189.3292682926829
2.6630859375,0.123046875,-1.5341796875,-252.4390243902439,744.0853658536586,44.78658536585366
4.8310546875,-0.71533203125,-1.172607421875,-42.92682926829269,269.7865853658537,298.2317073170732
-8,-5.1298828125,7.999755859375,299.1768292682927,82.89634146341464,128.8109756097561
2.784912109375,2.47314453125,-3.78759765625,-5.51829268292683,318.4146341463415,52.80487804878049
2.35302734375,0.27197265625,1.166015625,-142.9878048780488,314.939024390244,54.66463414634147
0.107421875,-0.89990234375,1.2392578125,-80.64024390243902,252.3170731707317,51.70731707317074
0.481689453125,-0.478515625,1.790283203125,-32.01219512195122,205.5182926829268,61.15853658536586
0.760986328125,-0.2138671875,1.086669921875,-53.71951219512196,165.0304878048781,5.27439024390244
0.407958984375,-0.55029296875,0.294677734375,-73.68902439024392,128.6280487804878,-82.7439024390244
0.559814453125,-0.41162109375,-0.0029296875,85.54878048780489,-25.42682926829269,-117.7743902439024
0.6455078125,-0.356201171875,-0.254638671875,82.89634146341464,-621.1280487804879,-353.5060975609757
0.947021484375,-0.06494140625,-0.654052734375,-46.98170731707317,-999.0243902439025,-463.0182926829269
1.410888671875,0.526611328125,-1.522705078125,798.9939024390245,998.9939024390245,518.4756097560976
1.783447265625,0.99755859375,-1.822998046875,-114.6341463414634,-999.0243902439025,-13.62804878048781
1.701416015625,0.85888671875,-1.49853515625,-396.3719512195123,381.4939024390245,196.5853658536585
3.582275390625,0.098388671875,-1.054443359375,-242.5609756097561,501.6158536585367,240.8841463414634
-8,-1.229248046875,7.999755859375,219.359756097561,208.2621951219512,198.2926829268293
3.722412109375,1.521484375,0.857421875,43.96341463414635,316.189024390244,220.7012195121951
2.213134765625,0.18701171875,2.367919921875,-143.719512195122,314.0243902439025,180.8231707317073
0.093994140625,-2.303955078125,1.25048828125,-103.2926829268293,226.1280487804878,152.2865853658537
0.669677734375,-1.44970703125,1.37255859375,14.57317073170732,162.8353658536585,120.1829268292683
1.0361328125,-0.501220703125,0.701416015625,163.5670731707317,118.8719512195122,76.06707317073172
0.703857421875,-0.370361328125,-0.16015625,278.0487804878049,-220.0304878048781,-223.5670731707317
1.07666015625,-0.217041015625,-0.50732421875,-234.8170731707317,-852.5304878048781,-722.3780487804879
1.523681640625,0.333251953125,-1.14306640625,-476.9512195121952,-999.0243902439025,-918.0182926829269
2.845458984375,1.606689453125,-2.017578125,998.9939024390245,671.829268292683,756.0060975609757
2.367431640625,1.575439453125,-1.983154296875,-488.7500000000001,-352.4085365853659,125.5182926829268
3.516845703125,1.450927734375,-1.703369140625,-678.3231707317074,514.8170731707318,311.4634146341464
7.747314453125,-0.20849609375,-2.4755859375,375.6402439024391,14.39024390243903,218.6280487804878
-8,1.91796875,7.999755859375,193.8109756097561,379.6341463414635,291.5243902439025
1.89013671875,3.5498046875,0.075927734375,-251.1585365853659,507.5304878048781,220.2439024390244
-2.079833984375,-2.3232421875,1.3779296875,-292.5,298.719512195122,144.390243902439
0.10693359375,-2.4326171875,2.277099609375,200.3353658536585,348.9634146341464,274.5426829268293
1.4169921875,-0.813232421875,1.359375,519.2073170731708,46.98170731707317,-154.6951219512195
1.825439453125,-0.373046875,0.003173828125,23.99390243902439,-679.6951219512196,-509.8475609756098
3.28955078125,0.700927734375,-1.505126953125,-417.0731707317074,-999.0243902439025,-845.4878048780489
2.8583984375,1.8681640625,-2.421630859375,500.7012195121952,-84.90853658536587,-219.1768292682927
1.681640625,2.805419921875,-1.830322265625,765.609756097561,-624.969512195122,101.4939024390244
1.63134765625,1.5107421875,-0.753173828125,-419.8780487804879,-273.9634146341464,338.8414634146342
3.6552734375,0.969482421875,-1.436279296875,-364.3902439024391,-64.75609756097562,522.8658536585366
7.999755859375,-8,4.625732421875,173.2926829268293,718.689024390244,296.9207317073171
1.216796875,6.01513671875,-2.593017578125,119.3292682926829,275.5182926829269,117.9268292682927
-0.381591796875,1.53564453125,0.226318359375,-20.45731707317074,260,76.25
4.716064453125,-0.968994140625,-0.400390625,5.030487804878049,286.4939024390244,117.9878048780488
-0.78857421875,-0.4033203125,0.594970703125,141.3414634146341,251.6158536585366,82.01219512195122
0.638427734375,-0.039306640625,0.543701171875,276.4329268292683,205.1829268292683,-80.82317073170732
0.705322265625,0.121337890625,-0.21142578125,171.859756097561,-209.6951219512195,-440.8231707317074
0.59326171875,0.325927734375,-0.623779296875,-127.5304878048781,-641.2500000000001,-533.0182926829269
1.189208984375,0.918701171875,-1.1044921875,-304.6951219512196,-680.6707317073171,-715.609756097561
0.35791015625,0.746826171875,-1.039306640625,658.9634146341464,488.2317073170732,703.2317073170732
1.171142578125,1.849853515625,-0.489501953125,555.609756097561,-498.5365853658537,-186.5243902439024
1.5517578125,0.86474609375,-0.61962890625,-557.3170731707318,23.84146341463415,748.0182926829269
5.283935546875,-0.1298828125,-0.3564453125,99.93902439024392,414.6341463414635,419.8475609756098
-8,-7.9423828125,5.166259765625,185,153.0487804878049,256.5548780487805
1.841552734375,3.821533203125,3.125244140625,-0.4878048780487805,310.3048780487805,226.3414634146342
3.59033203125,-1.533447265625,1.22314453125,-185.9756097560976,333.2012195121952,139.4512195121951
0.29345703125,-1.195556640625,1.267578125,147.0426829268293,422.7439024390245,313.3231707317074
1.182861328125,-0.33740234375,0.855712890625,584.969512195122,61.73780487804878,-324.0243902439025
1.177490234375,0.150390625,0.047119140625,-50.88414634146342,-506.6463414634147,-498.4756097560976
1.488525390625,1.3837890625,-1.186279296875,-229.969512195122,-736.7682926829269,-732.1036585365854
1.482421875,1.09375,-2.3271484375,34.51219512195122,-600.2743902439025,-859.0853658536586
1.2578125,2.614990234375,-0.810302734375,986.0060975609757,668.4451219512196,764.6646341463415
1.7568359375,1.421875,-0.71630859375,-132.469512195122,-403.5670731707318,95.97560975609757
2.614990234375,0.2548828125,-1.389892578125,-745.3658536585367,-125.1524390243903,524.8475609756098
4.93603515625,-0.2431640625,-0.76806640625,364.6036585365854,283.5060975609757,404.5426829268293
-7.8623046875,-3.41650390625,7.371826171875,330.5182926829269,131.25,169.8170731707317
-0.203369140625,3.402587890625,1.12890625,-60.2439024390244,284.8780487804879,132.3780487804878
4.193115234375,-1.94189453125,-0.017822265625,-151.1280487804878,303.9329268292683,118.6585365853659
-1.292724609375,-0.78564453125,1.010498046875,-69.72560975609757,302.2560975609757,89.63414634146342
0.730224609375,0.209716796875,0.978759765625,169.5731707317073,289.8170731707318,105.5182926829268
0.648681640625,-0.059814453125,0.189208984375,323.9939024390244,-61.28048780487806,-307.5304878048781
0.588134765625,0.197509765625,-0.4677734375,40.33536585365854,-478.6280487804879,-481.9512195121952
1.116455078125,0.8759765625,-0.992431640625,-119.0548780487805,-708.3841463414635,-665.0914634146342
1.009521484375,0.754150390625,-1.24267578125,300.2743902439025,405.6402439024391,326.0060975609757
1.134765625,1.662109375,-0.667236328125,517.469512195122,-591.0365853658537,-126.1890243902439
1.608154296875,1.03857421875,-0.639892578125,-590.9756097560976,-363.5365853658537,291.3719512195122
2.390380859375,0.118408203125,-0.54296875,-104.2987804878049,421.4939024390245,641.4634146341464
0.848876953125,-8,3.81640625,293.5670731707318,95.82317073170732,190.7012195121951
-0.5546875,4.296875,0.713623046875,45.45731707317074,276.4024390243903,212.6219512195122
2.427734375,-0.222412109375,0.359619140625,-100.609756097561,441.9207317073171,252.2256097560976
-1.622314453125,-2.692138671875,0.909912109375,-33.75,292.1646341463415,193.6890243902439
0.471923828125,-0.545166015625,1.750732421875,121.4939024390244,278.079268292683,196.6158536585366
1.002685546875,-0.43212890625,0.876708984375,389.5121951219513,146.859756097561,-33.84146341463415
0.98095703125,-0.211181640625,0.056396484375,119.359756097561,-377.6524390243903,-487.2865853658537
1.27099609375,0.490478515625,-0.498046875,-271.1280487804878,-775.3353658536586,-665.1829268292684
2.056640625,1.538330078125,-1.34814453125,-301.5243902439025,-725.6707317073171,-878.9634146341464
0.635986328125,1.5615234375,-1.13134765625,728.8414634146342,871.0365853658537,998.9939024390245
1.594970703125,2.051513671875,-0.38232421875,541.829268292683,-565.0609756097562,-224.5731707317073
2.30517578125,1.203857421875,-0.943115234375,-452.4085365853659,149.2073170731707,854.3902439024391
5.60498046875,-1.0400390625,-1.489990234375,144.2073170731707,568.75,496.4329268292684
-8,-7.388916015625,4.169921875,78.59756097560977,295.1829268292683,272.9878048780488
0.8564453125,3.46044921875,4.8359375,-6.189024390243903,346.3414634146342,241.0975609756098
1.38330078125,-4.095703125,1,-122.1646341463415,367.0426829268293,93.90243902439025
1.175537109375,-0.452880859375,1.585205078125,373.689024390244,180.5487804878049,-270.4573170731708
1.302490234375,-0.462646484375,0.864013671875,190.3048780487805,-465.4268292682927,-584.4817073170732
2.1435546875,0.8349609375,-0.2548828125,-10.42682926829268,-836.3414634146342,-699.0548780487806
3.36181640625,2.384521484375,-2.26806640625,402.2865853658537,-314.7865853658537,-475.3658536585367
1.4970703125,2.681640625,-1.251953125,489.5731707317074,-577.0121951219513,-101.0365853658537
2.44775390625,1.83984375,-0.787353515625,-781.6768292682927,116.859756097561,202.469512195122
3.5068359375,0.2177734375,-1.802734375,-568.5365853658537,599.4207317073171,508.0487804878049
7.999755859375,-8,7.999755859375,113.3841463414634,-12.37804878048781,274.3902439024391
-1.396728515625,2.531982421875,-1.797607421875,-51.98170731707317,255.5792682926829,340.9756097560976
2.918701171875,-0.804931640625,-0.73681640625,-19.17682926829269,193.3536585365854,260.0914634146342
-2.205322265625,-3.43212890625,0.862060546875,241.4634146341464,171.1585365853659,184.6646341463415
0.966552734375,-1.15869140625,1.72802734375,292.9573170731708,-110.3353658536585,-316.9512195121952
1.251953125,-0.061279296875,1.044921875,-6.158536585365854,-593.4451219512196,-566.9817073170732
1.5791015625,1.196533203125,-0.3603515625,152.3475609756098,-744.4512195121952,-599.329268292683
2.29833984375,2.7412109375,-2.237060546875,532.1646341463415,625.579268292683,583.9939024390244
1.5712890625,2.7890625,-1.380859375,190.8841463414634,-829.5121951219513,-368.4146341463415
2.1767578125,1.08837890625,-1.389404296875,-481.1585365853659,250.1524390243903,617.8963414634147
3.466796875,-0.677490234375,-0.822021484375,94.26829268292684,469.3902439024391,696.4024390243903
-8,-8,7.999755859375,177.4390243902439,217.8658536585366,167.4085365853659
4.164306640625,3.101318359375,2.648193359375,-90.76219512195122,408.2012195121952,174.4817073170732
5.328369140625,-1.62109375,1.8857421875,-240.1829268292683,433.4451219512196,66.00609756097562
0.73828125,-1.1796875,1.5029296875,413.079268292683,252.8353658536586,-191.7682926829268
1.43115234375,-0.1728515625,1.163818359375,132.9878048780488,-525.0304878048781,-558.4146341463415
1.96533203125,0.788818359375,-0.333251953125,-195.0304878048781,-892.8048780487806,-668.8414634146342
3.8876953125,2.5771484375,-2.922607421875,323.109756097561,-331.8902439024391,-496.2804878048781
1.101806640625,2.6162109375,-1.89794921875,461.859756097561,-421.829268292683,96.55487804878049
2.199951171875,1.727783203125,-1.056640625,-135.030487804878,-41.06707317073171,185.0609756097561
2.99462890625,0.15087890625,-1.43505859375,-468.3841463414635,910.6097560975611,649.359756097561
7.999755859375,-8,7.999755859375,-117.5609756097561,366.6768292682927,332.8353658536586
-3.133544921875,0.68505859375,-0.518310546875,-31.1890243902439,219.8780487804878,116.1280487804878
0.113525390625,0.662841796875,0.768798828125,-127.9268292682927,286.5548780487805,161.6463414634146
1.791015625,-0.06103515625,0.61181640625,352.8963414634147,204.6646341463415,187.4085365853659
1.03515625,-1.13916015625,0.845458984375,226.890243902439,-273.0182926829269,-394.3902439024391
1.455810546875,0.365234375,0.12451171875,-76.25,-699.0853658536586,-533.8414634146342
2.036376953125,1.672607421875,-1.55859375,317.3475609756098,-862.2560975609757,-491.4329268292684
1.2412109375,1.82080078125,-2.12353515625,501.5853658536586,520.9756097560976,379.329268292683
1.865966796875,1.97998046875,-1.3720703125,-94.02439024390245,-990.5487804878049,-328.4756097560976
2.515380859375,0.21826171875,-1.73095703125,-231.7682926829268,552.9268292682927,615.1829268292684
4.437744140625,-0.79931640625,-0.189453125,213.5975609756098,533.689024390244,752.2865853658537
-8,-0.929443359375,7.999755859375,139.2378048780488,159.4207317073171,47.13414634146342
3.504150390625,1.199462890625,1.52978515625,-163.109756097561,365.6707317073171,56.18902439024391
3.15283203125,-1.67822265625,0.386474609375,-61.82926829268293,346.8902439024391,-24.45121951219512
0.933349609375,-0.40380859375,1.079833984375,153.5365853658537,-155.4878048780488,-451.0365853658537
1.35546875,0.02490234375,0.537353515625,-295.579268292683,-618.2621951219513,-593.4451219512196
2.20751953125,1.361083984375,-1.161865234375,27.89634146341464,-646.6768292682927,-537.8658536585366
2.106201171875,1.3330078125,-2.4140625,505.2439024390245,-14.20731707317073,215.1524390243903
2.2099609375,1.910888671875,-1.936767578125,-42.92682926829269,-514.359756097561,-73.62804878048782
3.072998046875,0.343017578125,-2.029052734375,-606.2804878048781,739.1158536585367,350.8536585365854
7.999755859375,-4.729248046875,6.48974609375,62.13414634146342,356.5853658536586,508.1402439024391
-4.8759765625,2.078369140625,5.1591796875,66.3719512195122,226.7378048780488,197.7743902439024
2.0263671875,2.143798828125,1.84033203125,-88.01829268292684,273.4756097560976,228.75
1.922119140625,-2.698974609375,1.165283203125,198.9024390243903,231.3109756097561,120.7012195121951
1.064453125,-1.3994140625,1.135986328125,-16.70731707317074,-250.7926829268293,-488.7500000000001
1.46826171875,-0.078125,0.3720703125,-228.140243902439,-533.9939024390244,-686.9512195121952
2.26318359375,1.82861328125,-1.24365234375,207.0426829268293,-611.9817073170732,-626.3109756097562
1.578857421875,2.431396484375,-2.00634765625,859.4817073170733,-25.27439024390244,459.2378048780488
