0.3203125,0.82080078125,0.369140625,260.5487804878049,-162.5,-362.7439024390244
7.999755859375,-8,4.99853515625,235.4878048780488,-88.38414634146342,307.469512195122
-2.3681640625,2.086181640625,1.30810546875,-320.2743902439025,132.4390243902439,121.2804878048781
0.143798828125,-2.043701171875,-0.246337890625,-23.56707317073171,197.4390243902439,123.2317073170732
3.83447265625,-8,3.1865234375,477.0731707317074,302.8658536585366,240.5487804878049
0.942626953125,0.940185546875,1.86376953125,327.3475609756098,112.9878048780488,-199.5731707317073
0.1826171875,-0.79052734375,0.37646484375,162.1036585365854,-135.9756097560976,-471.3414634146342
0.642333984375,-2.200927734375,-0.024169921875,92.86585365853659,-302.9573170731708,-484.0853658536586
0.352294921875,1.051025390625,-0.79833984375,-192.1036585365854,103.1707317073171,159.2378048780488
-0.8251953125,2.905517578125,-1.017578125,-58.07926829268293,140.1219512195122,180.5487804878049
-0.088623046875,1.580810546875,0.1416015625,-103.0487804878049,148.9939024390244,295
7.999755859375,-8,7.999755859375,226.5548780487805,101.890243902439,212.6219512195122
-2.123291015625,-0.359130859375,-0.00146484375,316.5853658536586,39.32926829268293,-59.20731707317074
1.477783203125,-1.572265625,0.522705078125,94.05487804878049,-139.4512195121951,-160.640243902439
0.595458984375,-0.5654296875,-1.00390625,-271.9512195121952,-394.3902439024391,-292.1646341463415
0.137451171875,0.67578125,-1.049072265625,123.0792682926829,31.28048780487805,-135.9451219512195
-0.919921875,0.96923828125,-0.1591796875,-233.2012195121951,54.87804878048781,6.310975609756098
-0.6708984375,1.940185546875,-0.651123046875,-326.1280487804879,71.3109756097561,282.2256097560976
-1.56640625,1.94970703125,-0.724365234375,-473.8719512195123,68.50609756097562,359.2987804878049
5.8310546875,-7.283203125,3.205078125,-393.2012195121952,-50.97560975609757,280.5487804878049
-1.579833984375,-4.021728515625,-0.12890625,-121.219512195122,-184.8475609756098,162.2256097560976
1.224853515625,-1.028564453125,-0.016845703125,177.9573170731707,58.38414634146342,-214.7865853658537
-0.072265625,0.177734375,-0.5556640625,-64.14634146341464,23.01829268292683,-613.7804878048781
-0.28076171875,-0.190673828125,-0.66357421875,134.6951219512195,176.7682926829268,-341.6158536585366
1.037109375,-0.677490234375,0.430908203125,32.01219512195122,-10.30487804878049,55.85365853658537
1.172119140625,3.4189453125,1.22705078125,-149.1463414634146,140.7317073170732,-41.67682926829269
1.363525390625,2.482421875,1.466796875,177.2560975609756,114.6341463414634,193.5060975609756
3.88525390625,2.27294921875,-5.3896484375,96.12804878048782,123.9024390243903,271.3719512195122
0.677001953125,-0.98828125,3.736083984375,131.25,92.71341463414635,237.7134146341464
-0.1904296875,-6.136474609375,-0.368408203125,-47.92682926829269,97.01219512195122,52.43902439024391
0.94091796875,-1.0888671875,0.80615234375,-185.3963414634146,89.14634146341464,-254.390243902439
0.2177734375,-1.384033203125,-1.13720703125,121.7682926829268,146.9817073170732,-511.2804878048781
0.221435546875,0.986572265625,-0.711669921875,256.6768292682927,-250.640243902439,-631.5243902439025
0.298583984375,1.89892578125,-0.704833984375,232.8353658536585,187.8963414634146,427.7134146341464
1.21875,2.15380859375,0.418701171875,-480.579268292683,-200.9756097560976,251.25
0.272216796875,1.11474609375,-1.181396484375,-300.9756097560976,156.3109756097561,19.75609756097561
0.704833984375,-1.968994140625,5.323486328125,-70.85365853658537,-270.0609756097561,110.1219512195122
-1.0341796875,1.1689453125,-0.279296875,-30.82317073170732,-290.0914634146342,157.0121951219512
0.247802734375,0.042236328125,1.54248046875,-37.22560975609756,92.34756097560977,4.085365853658537
-0.27490234375,-1.4091796875,-0.624755859375,16.06707317073171,-32.25609756097561,-493.5975609756098
0.408203125,-0.147216796875,-0.2919921875,560.609756097561,266.3719512195122,185.9756097560976
1.436279296875,1.253173828125,0.501708984375,137.8658536585366,-8.810975609756099,129.1768292682927
-0.05029296875,2.16796875,-0.03662109375,-253.6585365853659,143.780487804878,-4.420731707317073
0.53857421875,1.4013671875,1.08251953125,-8.932926829268293,145.0609756097561,232.8658536585366
0.228515625,-2.468017578125,1.962646484375,-44.17682926829269,65.85365853658537,439.4207317073171
-0.552001953125,0.45458984375,3.869384765625,-105.4268292682927,-29.05487804878049,-125.640243902439
-0.2763671875,-4.274658203125,0.387451171875,50.70121951219512,-57.46951219512196,-554.6951219512196
0.382568359375,-1.25537109375,0.243408203125,68.53658536585367,-2.042682926829269,-785.7317073170732
0.326904296875,0.185546875,0.01123046875,-502.9573170731708,83.96341463414635,352.3475609756098
0.331787109375,2.5009765625,-0.8212890625,-67.5,-175.7317073170732,349.7560975609757
0.958740234375,2.77783203125,-0.1884765625,185.6707317073171,-134.2378048780488,35.33536585365854
0.48779296875,0.9072265625,-0.134521484375,187.8353658536585,127.4085365853659,95.70121951219512
0.098388671875,2.33447265625,-1.739501953125,-16.67682926829269,122.1036585365854,232.6524390243903
-0.29052734375,-0.83447265625,0.39404296875,-175.9146341463415,37.86585365853659,203.7804878048781
0.452880859375,-1.58251953125,0.471435546875,-121.4024390243903,38.50609756097561,240.1219512195122
0.469970703125,-1.313720703125,0.2392578125,-173.2926829268293,53.71951219512196,-74.75609756097562
-0.57666015625,-0.782470703125,0.52734375,-100.9451219512195,40.67073170731707,-646.9817073170732
-0.05810546875,-0.569091796875,0.057373046875,82.71341463414635,100.0304878048781,-883.9024390243903
0.073486328125,0.04736328125,0.167724609375,76.98170731707317,287.1951219512196,194.390243902439
0.093017578125,3.650390625,0.442626953125,236.1890243902439,-287.2560975609757,622.2560975609757
0.65380859375,3.110107421875,0.25927734375,377.8353658536586,-367.4085365853659,214.0548780487805
1.19140625,2.0400390625,0.607177734375,305.9451219512196,186.6768292682927,-62.40853658536586
2.341064453125,-4.5458984375,2.681884765625,58.62804878048781,316.1280487804879,268.4756097560976
-0.405517578125,-0.55029296875,1.349609375,-112.4390243902439,81.95121951219512,264.1158536585366
-0.801025390625,-1.89990234375,0.5859375,-119.8170731707317,8.932926829268293,270.2134146341464
1.280029296875,-1.14794921875,0.24755859375,-89.42073170731709,4.969512195121951,301.7378048780488
-0.829833984375,-0.92626953125,0.837646484375,-103.1707317073171,29.17682926829269,-43.84146341463415
-0.2607421875,-0.222412109375,0.144287109375,-249.0548780487805,-369.6036585365854,-992.9573170731708
0.112548828125,-0.327880859375,0.3447265625,-136.0975609756098,66.12804878048782,-556.9817073170732
0.03759765625,0.068115234375,0.1572265625,105.5792682926829,156.7987804878049,-353.3841463414635
0.2724609375,3.56689453125,0.34228515625,-60.45731707317074,28.8719512195122,369.4512195121952
0.628173828125,3.47265625,-1.75390625,80.1829268292683,-152.6829268292683,385.9451219512196
3.069091796875,1.235595703125,-0.5615234375,343.2621951219513,-145.8841463414634,319.2073170731708
0.387939453125,0.015869140625,-0.45556640625,388.8719512195123,-125.7012195121951,89.23780487804879
0.0732421875,-5.517578125,0.798828125,137.7134146341463,273.2926829268293,252.6219512195122
-0.305419921875,-2.4873046875,3.095947265625,1.310975609756098,419.2378048780488,147.9573170731707
-0.658935546875,-1.148193359375,0.136474609375,11.52439024390244,286.0365853658537,50.91463414634147
1.2744140625,-0.19140625,0.94287109375,124.6646341463415,14.42073170731707,47.95731707317074
0.3603515625,-0.2314453125,0.651611328125,247.5304878048781,-200.4573170731707,-38.47560975609756
-0.354736328125,-0.48583984375,0.7451171875,296.4634146341464,-189.969512195122,-215.3963414634146
-0.177490234375,-0.74609375,-0.001953125,303.0487804878049,325.0609756097561,-318.6280487804879
-0.77587890625,-0.512939453125,0.345703125,247.4390243902439,431.4939024390245,-205.0609756097561
-0.403076171875,-0.22216796875,-0.052734375,174.2682926829268,-484.0243902439025,206.5243902439024
-0.1162109375,0.059326171875,-0.179931640625,19.75609756097561,-683.0487804878049,60.57926829268293
0.25048828125,-0.15380859375,-0.471435546875,-76.85975609756099,-627.6829268292684,-310.5487804878049
-0.624755859375,3.880615234375,-0.992919921875,-500.3963414634147,310.6707317073171,110
-0.38671875,0.27001953125,-1.41015625,-349.2073170731708,411.219512195122,37.31707317073171
0.15966796875,1.10107421875,-0.988037109375,-20.94512195121951,-282.9878048780488,48.26219512195122
0.347900390625,0.267578125,-0.0283203125,53.44512195121952,-83.56707317073172,377.2865853658537
0.059814453125,-1.8349609375,0.575927734375,100.0914634146341,365.0000000000001,162.2256097560976
-0.359619140625,-0.499267578125,-1.926513671875,11.98170731707317,240.3963414634146,171.3414634146341
0.158447265625,-0.577392578125,0.087158203125,-138.3536585365854,103.719512195122,99.23780487804879
0.59375,-0.82373046875,0.6181640625,-191.25,81.55487804878049,-31.89024390243903
0.02734375,-0.544921875,1.12744140625,-153.140243902439,-1.981707317073171,-10.51829268292683
-0.247314453125,-0.25439453125,1.314453125,-76.21951219512196,-78.53658536585367,67.04268292682927
-0.254638671875,-0.419921875,0.99658203125,-2.225609756097561,-54.39024390243903,70.91463414634147
-0.082275390625,-0.384765625,-0.011962890625,-3.292682926829269,-55.30487804878049,49.90853658536586
-0.2138671875,-0.547119140625,0.671875,-18.38414634146342,-45.0609756097561,40.76219512195122
-0.041259765625,-0.704833984375,0.507568359375,-68.8719512195122,68.26219512195122,11.3719512195122
-0.15576171875,-0.061279296875,0.226318359375,-107.1036585365854,165.4268292682927,1.524390243902439
-0.0673828125,0.004150390625,0.234619140625,-143.8719512195122,248.4756097560976,23.14024390243902
-0.129150390625,-0.220703125,0.4296875,-117.9573170731707,9.481707317073171,-366.5548780487805
-0.071044921875,-0.08154296875,0.202880859375,-4.115853658536586,-234.0548780487805,-756.9207317073171
0.089599609375,0.039306640625,-0.079345703125,116.1890243902439,-287.3475609756098,-955.0914634146343
-0.19921875,2.2470703125,-0.83740234375,-62.59146341463416,174.2378048780488,347.5000000000001
-0.365478515625,1.57666015625,-0.426513671875,-34.48170731707317,45.39634146341464,823.2926829268293
0.0546875,1.707763671875,-0.299072265625,-59.90853658536586,154.8780487804878,374.1158536585366
3.079345703125,-1.374755859375,1.5458984375,60.1829268292683,175.5182926829268,243.3231707317073
0.728759765625,2.00244140625,-4.491455078125,75.15243902439025,156.5853658536585,282.9878048780488
-0.79443359375,0.390869140625,-0.256103515625,38.9939024390244,65.45731707317074,64.08536585365854
-0.5439453125,-1.131591796875,-0.576171875,13.04878048780488,-19.20731707317074,-22.34756097560976
0.217041015625,-0.190185546875,-0.000244140625,29.9390243902439,-123.6890243902439,-70.70121951219512
0.25732421875,-0.6826171875,0.104736328125,7.042682926829269,-160.7317073170732,-81.55487804878049
-0.04248046875,-0.322998046875,0.4462890625,-33.29268292682927,-162.6829268292683,-124.0853658536585
-0.30224609375,-0.963134765625,0.24365234375,-38.90243902439025,-116.6768292682927,-77.22560975609757
-0.11083984375,-0.650390625,0.26708984375,-36.09756097560976,45.27439024390245,97.95731707317074
-0.330322265625,-0.718505859375,0.4296875,-11.21951219512195,128.8719512195122,212.3170731707317
-0.23291015625,-0.92333984375,0.333740234375,-0.6097560975609757,117.0121951219512,191.4024390243902
-0.1640625,-0.83837890625,0.469970703125,-10.1219512195122,21.92073170731707,176.4329268292683
-0.00732421875,-0.39306640625,0.138671875,-58.9939024390244,27.4390243902439,170.640243902439
-0.127197265625,-0.15673828125,-0.005615234375,-50.36585365853659,211.7987804878049,-8.963414634146343
-0.0537109375,0.029541015625,0.032470703125,69.60365853658537,-55.42682926829269,-179.2987804878049
-1.02783203125,0.0546875,0.615966796875,97.04268292682927,85.45731707317074,96.15853658536587
-1.130859375,0.0048828125,0.6005859375,64.87804878048782,101.5853658536585,230.4573170731707
-2.93359375,-0.810791015625,0.058837890625,70.54878048780489,77.83536585365854,285.6707317073171
-0.521240234375,-1.99658203125,0.6533203125,32.89634146341464,39.32926829268293,216.7378048780488
-1.48974609375,-1.150634765625,0.468505859375,-85.70121951219512,-6.067073170731708,114.5426829268293
-1.06298828125,-0.73193359375,0.484619140625,-138.4146341463415,-25.64024390243903,48.71951219512196
-0.75732421875,-0.44580078125,0.32763671875,-161.219512195122,-54.45121951219512,-2.5
-0.7099609375,0.0634765625,0.281005859375,-127.1646341463415,-221.6158536585366,-290.3963414634147
-0.532470703125,-0.216064453125,-0.25,-73.8719512195122,-247.8353658536586,-751.5548780487806
-0.078125,0.1044921875,-0.41357421875,-302.2560975609757,-42.65243902439025,-999.0243902439025
-0.009765625,0.28369140625,-0.602783203125,-341.189024390244,-128.1707317073171,-999.0243902439025
0.127197265625,2.377685546875,-1.0087890625,211.0975609756098,392.2560975609757,-240.5487804878049
0.9140625,3.999755859375,-0.813720703125,254.4207317073171,24.78658536585366,799.0853658536586
1.23291015625,3.611083984375,-0.36865234375,157.2256097560976,-100.609756097561,736.9207317073171
6.067138671875,-2.426513671875,-0.554931640625,162.4390243902439,65.0609756097561,311.6158536585366
3.791259765625,-2.419677734375,2.171875,145.5182926829268,386.4329268292684,381.0365853658537
0.36572265625,2.072265625,-2.101806640625,10.64024390243902,360.5487804878049,12.01219512195122
-0.52734375,0.4248046875,-0.072265625,-17.07317073170732,72.34756097560977,-113.1707317073171
1.074951171875,-0.61865234375,0.46044921875,8.536585365853659,-160.7926829268293,-74.90853658536587
0.73681640625,-0.411865234375,1.24462890625,59.84756097560976,-425.7317073170732,-55.09146341463415
-0.424560546875,-0.07763671875,0.828857421875,244.7560975609756,-477.9878048780488,-108.3841463414634
-0.30078125,-0.260498046875,0.342529296875,534.969512195122,-136.280487804878,-455.0609756097562
-0.594482421875,-0.08935546875,0.656494140625,517.5,111.2804878048781,46.03658536585366
-0.52734375,-0.28369140625,1.125244140625,405.2743902439025,267.0731707317074,264.6036585365854
-0.964599609375,-2.501708984375,0.249755859375,188.0487804878049,-62.50000000000001,-273.8109756097561
1.255615234375,-1.675048828125,0.301025390625,112.4085365853659,-426.7987804878049,-557.5914634146342
1.176513671875,-0.009033203125,1.14990234375,395.1524390243903,-57.86585365853659,-694.6951219512196
0.117431640625,0.464111328125,1.149658203125,216.7987804878049,53.23170731707317,-217.9878048780488
0.14111328125,4.203369140625,1.376708984375,466.2804878048781,-676.9207317073171,-563.0487804878049
0.98779296875,3.667236328125,0.609375,-12.19512195121951,445.7012195121952,-236.1890243902439
1.764892578125,1.25537109375,-0.271484375,-287.8048780487805,57.01219512195122,538.6280487804878
2.88330078125,-4.158447265625,3.141845703125,-405.3353658536586,277.0426829268293,686.4329268292684
3.1865234375,-0.055908203125,2.364013671875,-473.4451219512196,244.390243902439,23.78048780487805
-2.302490234375,4.61376953125,0.407958984375,-690.9146341463415,70.70121951219512,-277.1951219512196
0.807373046875,-0.067626953125,0.19091796875,-725.4573170731708,-133.2317073170732,0.7317073170731708
0.607421875,1.012451171875,0.670654296875,-500.4268292682927,-220.2439024390244,74.26829268292684
0.355712890625,0.224609375,0.947509765625,-242.8963414634146,-140.4268292682927,14.32926829268293
0.477783203125,1.0634765625,0.565673828125,57.50000000000001,164.0548780487805,-320.8536585365854
-0.246337890625,-0.596435546875,1.58154296875,-83.07926829268294,274.969512195122,-66.28048780487805
-0.2255859375,-0.755859375,1.212890625,-105.0304878048781,209.359756097561,25.70121951219512
-0.74658203125,-2.750244140625,1.720458984375,-17.46951219512195,139.9390243902439,167.5304878048781
-0.03466796875,-2.03662109375,2.26513671875,95.09146341463415,128.75,393.9329268292684
-0.598388671875,-1.295166015625,2.32666015625,60.91463414634147,690.0000000000001,276.6463414634147
-0.61474609375,-0.716552734375,1.547119140625,206.859756097561,314.0853658536586,-403.4756097560976
-0.55908203125,0.005615234375,2.206298828125,355.8841463414635,209.2682926829268,-820.4573170731708
0.0849609375,0.616455078125,0.261474609375,273.6280487804878,605.3963414634147,235.0609756097561
0.207763671875,0.74658203125,-0.95263671875,112.7134146341463,-327.5304878048781,352.6829268292683
-1.406005859375,-6.172119140625,-8,122.5914634146342,-537.2560975609756,253.2926829268293
1.11669921875,-0.447021484375,0.8701171875,87.83536585365854,-440.7621951219513,94.35975609756099
-0.980712890625,0.657958984375,0.55615234375,-50.45731707317074,-106.1585365853659,41.03658536585366
-0.126708984375,-0.11962890625,-0.01953125,-189.7560975609756,-82.6219512195122,-119.5121951219512
-0.4501953125,-0.529052734375,-0.22314453125,-284.1463414634147,-177.7134146341463,-73.56707317073172
0.116455078125,-0.312255859375,-0.208740234375,-202.7743902439024,-484.5731707317074,268.2621951219513
-1.2060546875,-0.086181640625,1.010498046875,-56.89024390243903,-511.7682926829269,365.8231707317074
-0.502197265625,-0.8740234375,0.1474609375,-55.1829268292683,-336.5548780487805,318.4756097560976
-0.772216796875,-1.333740234375,0.683349609375,-116.219512195122,-126.0060975609756,136.0975609756098
-0.2685546875,-1.749755859375,0.30859375,-141.219512195122,-54.17682926829269,66.00609756097562
0.0361328125,-1.88818359375,0.18408203125,82.34756097560977,-222.4085365853659,105.5182926829268
-0.47998046875,-1.51806640625,0.424072265625,148.3536585365854,-444.5121951219513,402.7439024390245
-0.492431640625,-1.300048828125,-0.106201171875,-4.908536585365854,-90.60975609756099,244.7865853658537
-0.91845703125,-1.84228515625,-0.183837890625,216.7682926829268,-93.8719512195122,998.9939024390245
-2.9296875,-1.53466796875,0.448486328125,-75.70121951219512,281.7987804878049,-269.1463414634147
-0.724365234375,-1.239501953125,0.2236328125,-155.0914634146341,-7.835365853658537,-125.1219512195122
1.74267578125,-3.955078125,-0.73583984375,-89.87804878048782,-0.274390243902439,-305.7317073170732
7.999755859375,-2.468994140625,1.372802734375,31.49390243902439,10.60975609756098,-689.1158536585366
1.35009765625,-1.17919921875,-1.21826171875,551.6158536585366,98.38414634146342,672.6524390243903
0.2861328125,-0.03857421875,0.095703125,442.1951219512196,-685.1219512195123,-522.0731707317074
-1.046875,-0.64208984375,-0.1884765625,-240.609756097561,926.2804878048781,-611.9817073170732
4.2998046875,-1.93505859375,3.77978515625,-362.7743902439025,288.5060975609757,-807.2560975609757
-0.218505859375,-0.61181640625,1.42578125,-45.30487804878049,-118.2621951219512,-796.219512195122
4.456298828125,0.347900390625,0.510498046875,243.4756097560976,-828.0182926829269,-583.4756097560976
-0.662841796875,-0.34326171875,-1.459716796875,313.719512195122,351.5243902439025,479.2987804878049
-1.35986328125,7.999755859375,-0.171875,195.7926829268293,-22.25609756097561,316.1280487804879
-0.0849609375,0.68701171875,-0.9169921875,33.9329268292683,173.4756097560976,-98.8719512195122
7.999755859375,-8,7.43017578125,-195.1524390243903,178.6585365853659,305.9146341463415
-0.2265625,0.091064453125,0.58447265625,-198.8109756097561,128.75,384.6341463414635
-2.770751953125,-3.966796875,-0.45751953125,-97.56097560975611,160.1219512195122,317.4085365853659
1.113037109375,-1.534912109375,0.760009765625,-41.4939024390244,165.8231707317073,203.5670731707317
0.2021484375,-0.1201171875,0.893310546875,-61.85975609756098,176.7682926829268,-332.3780487804879
0.0078125,-0.634521484375,0.236083984375,-34.72560975609756,-386.5853658536586,-566.7987804878049
-0.053955078125,-0.24267578125,-0.020263671875,-13.17073170731707,-493.5670731707318,-869.8475609756098
-0.188720703125,1.30029296875,-0.126708984375,23.71951219512195,186.890243902439,-525.3048780487806
-0.952392578125,2.667724609375,-1.15380859375,-129.5121951219512,260.8841463414635,619.0243902439025
-0.498291015625,3.75146484375,-0.789794921875,216.219512195122,-122.2560975609756,542.6829268292684
1.312255859375,3.756103515625,-0.53271484375,366.1585365853659,-280.2134146341464,147.0121951219512
7.999755859375,-2.20556640625,1.216796875,173.2012195121951,284.329268292683,166.2804878048781
-0.45263671875,1.74365234375,-4.654296875,-133.6890243902439,443.5975609756098,161.1585365853659
-2.324951171875,-2.324951171875,-1.068603515625,-234.359756097561,358.8414634146342,10.1219512195122
1.564208984375,-0.377685546875,1.772705078125,-219.4817073170732,208.7804878048781,-34.84756097560976
1.032470703125,0.284912109375,1.174560546875,-187.4085365853659,123.1707317073171,-50.09146341463415
-0.311279296875,-0.078369140625,0.67431640625,-35.03048780487805,173.8414634146341,-205.9146341463415
-0.368408203125,-0.029052734375,0.197998046875,201.8292682926829,-92.5609756097561,-221.9207317073171
-0.288818359375,-0.067626953125,0.060302734375,-33.68902439024391,52.01219512195122,-378.3841463414635
-0.236328125,-0.137939453125,-0.52734375,-88.29268292682927,337.1341463414635,-826.0670731707318
-1.16162109375,-0.160888671875,-0.87841796875,7.225609756097562,-264.7865853658537,-869.3902439024391
-0.124755859375,0.337158203125,-0.506103515625,-121.1890243902439,-71.67682926829269,925.2439024390245
0.794921875,3.036865234375,0.175048828125,194.6951219512195,130.3963414634146,887.469512195122
0.93115234375,2.26123046875,-0.089111328125,189.4207317073171,-334.3902439024391,-258.1707317073171
7.999755859375,-8,0.186767578125,126.5243902439024,-458.719512195122,-60.39634146341464
-1.705322265625,-1.413818359375,1.853759765625,131.890243902439,-301.5853658536586,279.359756097561
-3.54443359375,-2.50732421875,0.355712890625,177.5,39.17682926829269,130.1524390243902
0.02197265625,-1.094482421875,-0.663330078125,112.5304878048781,111.1280487804878,217.5609756097561
1.53271484375,-1.972900390625,0.140625,50.70121951219512,108.6890243902439,255.8231707317073
0.231689453125,-1.4755859375,-0.5048828125,23.38414634146342,118.0792682926829,168.2926829268293
0.27294921875,-0.898193359375,-0.177490234375,18.10975609756098,115.8536585365854,136.3109756097561
0.2666015625,-0.6982421875,0.05078125,-84.05487804878049,-441.5548780487806,89.54268292682927
-0.148681640625,-0.134521484375,-0.095703125,-162.7439024390244,-737.1036585365854,436.4634146341464
-0.10400390625,-0.03173828125,-0.012939453125,-218.2012195121951,-83.8719512195122,587.8048780487806
-0.021484375,0.032470703125,-0.016357421875,-244.969512195122,345.9146341463415,-50.21341463414635
-0.98876953125,0.357177734375,-0.01953125,-182.1646341463415,43.29268292682927,-229.2682926829268
-0.396240234375,0.47021484375,1.1640625,-111.3719512195122,12.07317073170732,-233.2926829268293
-0.215576171875,1.089599609375,0.851806640625,-61.55487804878049,-54.11585365853659,-796.6768292682927
-1.57568359375,0.4453125,0.32763671875,-23.62804878048781,-13.56707317073171,-999.0243902439025
-0.412841796875,0.274169921875,-0.40576171875,441.829268292683,417.2560975609757,379.0853658536586
-0.199462890625,0.466552734375,-0.185546875,326.3414634146342,291.9207317073171,798.689024390244
0.271484375,2.37109375,0.37255859375,51.18902439024391,-464.9085365853659,552.2865853658537
0.884521484375,3.445068359375,0.031494140625,-69.90853658536587,140.6707317073171,84.14634146341464
0.898193359375,-0.429443359375,-3.35009765625,-80.33536585365854,279.6951219512196,54.90853658536586
-5.38720703125,0.858154296875,5.866943359375,-54.54268292682927,159.4512195121951,23.8109756097561
-1.0439453125,-2.835205078125,-0.412841796875,11.61585365853659,59.05487804878049,14.78658536585366
0.598876953125,-1.609375,0.641357421875,16.73780487804878,-51.12804878048781,42.37804878048781
-0.133544921875,-0.86474609375,0.9619140625,-3.231707317073171,-124.9085365853659,52.13414634146342
-0.0927734375,-0.85791015625,0.6201171875,3.902439024390244,-93.50609756097562,-12.04268292682927
0.0556640625,-1.068603515625,0.915283203125,23.26219512195122,75.33536585365854,-15.91463414634146
-0.0029296875,-0.751953125,0.87939453125,20.94512195121951,159.4817073170732,9.085365853658537
-0.05908203125,-0.536376953125,0.593505859375,15.03048780487805,110.609756097561,-8.475609756097562
0.30322265625,-0.755615234375,0.82275390625,22.37804878048781,10.97560975609756,-86.3109756097561
0.31201171875,-0.614501953125,0.62548828125,40.1829268292683,59.84756097560976,-183.2012195121951
-0.012451171875,-0.651123046875,0.387451171875,41.52439024390245,225.3353658536585,-265.2134146341464
-0.339111328125,-0.625,0.470458984375,29.02439024390244,319.969512195122,-277.4390243902439
-0.2626953125,-0.603271484375,0.203125,-53.47560975609757,133.6280487804878,-101.2804878048781
-0.199462890625,-0.619384765625,-0.0556640625,91.3109756097561,-188.3841463414634,-216.4329268292683
-0.420654296875,-0.431884765625,-0.029296875,148.75,-197.1951219512195,-502.3780487804879
-0.25439453125,-0.00634765625,-1.004638671875,-383.1402439024391,-533.8719512195122,-172.0731707317073
-0.99365234375,1.769287109375,-0.38916015625,-256.6158536585366,257.8048780487805,302.2256097560976
-0.13232421875,1.177490234375,-0.8681640625,223.6585365853659,39.17682926829269,257.1646341463415
-0.011962890625,0.871337890625,-0.117919921875,326.859756097561,-39.17682926829269,209.4207317073171
2.7529296875,-6.28662109375,-1.32763671875,201.6158536585366,-71.79878048780489,279.6341463414635
-1.093994140625,-3.03955078125,3.02294921875,62.10365853658537,-81.95121951219512,285.4573170731708
-0.002685546875,0.15380859375,-0.09423828125,33.78048780487805,-80.42682926829269,273.5670731707318
0.17578125,-0.8466796875,0.458740234375,10.30487804878049,-79.17682926829269,241.0060975609756
0.37158203125,-1.22314453125,1.045654296875,-43.20121951219512,-74.93902439024392,-57.37804878048781
0.158447265625,-0.885986328125,0.2734375,-366.9817073170732,-243.2012195121951,-414.8170731707318
0.16162109375,-0.65087890625,-0.13037109375,-100.7012195121951,-219.3292682926829,-709.6646341463415
-0.001708984375,-0.14794921875,0.03466796875,25.88414634146342,298.3231707317074,-410.3658536585367
-0.2431640625,0.85107421875,-0.15478515625,74.35975609756099,675.609756097561,758.7804878048781
-0.172607421875,3.436767578125,-1.5234375,-123.6280487804878,-700.4268292682927,-213.0487804878049
0.725830078125,2.830322265625,-0.458740234375,24.02439024390244,-330.8536585365854,225.9756097560976
6.513671875,-1.47802734375,7.999755859375,87.95731707317074,341.3109756097562,328.079268292683
-1.0576171875,-0.522705078125,0.102783203125,-41.82926829268293,309.1463414634147,292.9573170731708
0.1884765625,0.546630859375,-0.96337890625,-362.2865853658537,359.359756097561,-8.536585365853659
2.76123046875,-1.318603515625,0.66845703125,-564.9085365853659,139.0548780487805,-976.8597560975611
-0.37158203125,-0.8681640625,0.564453125,-339.9085365853659,-160.4878048780488,-248.719512195122
0.317626953125,0.602783203125,0.642333984375,23.47560975609756,-416.7987804878049,290.2439024390244
0.581787109375,3.251220703125,2.291015625,-502.2256097560976,865.8231707317074,-199.4207317073171
0.044921875,3.4833984375,1.338134765625,-97.86585365853659,-270.6402439024391,123.719512195122
1.523193359375,1.372802734375,1.79443359375,77.40853658536587,-999.0243902439025,-122.3475609756098
3.648681640625,4.906982421875,-8,270.1524390243903,298.2926829268293,115.1219512195122
0.170166015625,0.96533203125,-1.87451171875,159.2987804878049,162.2560975609756,68.26219512195122
-0.012939453125,-0.370361328125,-2.1943359375,-93.96341463414635,-53.75000000000001,-192.3780487804878
7.999755859375,-1.704345703125,-1.989013671875,-139.2378048780488,-22.04268292682927,-108.8414634146342
0.041748046875,0.30419921875,-0.354248046875,-121.1585365853659,173.7804878048781,-338.8414634146342
0.25244140625,0.93408203125,0.990234375,57.92682926829269,-146.25,-232.469512195122
-0.45361328125,3.126220703125,1.861083984375,-440.1829268292684,219.6646341463415,434.6646341463415
-0.520751953125,3.51513671875,1.633056640625,-194.359756097561,72.40853658536587,-267.5
0.6474609375,0.423583984375,0.579833984375,-100.2134146341463,-157.2865853658537,-30
1.902587890625,-0.190673828125,2.732421875,93.81097560975611,-369.4512195121952,129.2378048780488
-4.261962890625,-7.18798828125,-1.60888671875,166.9817073170732,-409.7865853658537,202.2256097560976
-0.59326171875,-0.00390625,-1.7431640625,370.3658536585366,-158.2317073170732,190.2743902439024
-0.85498046875,-1.178955078125,-0.488037109375,522.3170731707318,-51.15853658536586,272.2560975609757
0.047607421875,-1.23095703125,-0.814697265625,518.3536585365854,-138.719512195122,240.1524390243903
0.558349609375,-0.437255859375,-2.16357421875,421.2804878048781,264.7560975609757,-151.3414634146341
1.6318359375,-2.18701171875,-1.0537109375,-67.46951219512195,418.7804878048781,-603.8414634146342
0.038330078125,0.07568359375,-0.211669921875,-184.8780487804878,392.2865853658537,-897.6524390243903
0.8720703125,7.999755859375,0.912109375,-154.0243902439024,34.60365853658537,921.7378048780489
0.02978515625,3.242919921875,0.834228515625,161.8292682926829,81.89024390243904,772.6829268292684
0.8603515625,3.410888671875,2.053466796875,394.6341463414635,-249.1768292682927,-3.50609756097561
7.999755859375,-8,-3.80908203125,344.1463414634147,-242.7439024390244,42.43902439024391
-0.498046875,0.36865234375,-2.721923828125,247.5609756097561,-209.1158536585366,32.5
-5.262939453125,-4.743408203125,-1.01611328125,80.1219512195122,234.0243902439025,67.34756097560977
-0.010498046875,-3.756591796875,-0.594482421875,-80.33536585365854,485.4878048780488,268.8414634146342
0.090087890625,-0.542236328125,0.272216796875,-284.1768292682927,-263.8719512195122,292.5609756097561
-0.2626953125,-0.26953125,0.40869140625,-210.3048780487805,-206.4939024390244,-87.80487804878049
0.3681640625,0.12255859375,-0.199951171875,-13.93292682926829,-214.5426829268293,-606.25
-1.891357421875,1.85205078125,-1.266845703125,153.0182926829268,-298.3536585365854,-999.0243902439025
-0.608154296875,1.1142578125,-1.173095703125,754.0853658536586,272.3170731707318,330.6402439024391
-0.300048828125,1.636962890625,-1.201416015625,-228.9329268292683,177.7743902439024,684.7865853658537
-0.1875,1.156982421875,-0.14111328125,-439.1768292682927,332.3780487804879,594.2682926829269
0.201171875,1.702880859375,-0.154296875,-280.1829268292683,550.1524390243903,381.829268292683
0.58154296875,1.1650390625,-0.8916015625,-58.68902439024391,-233.9024390243903,125.9146341463415
0.05078125,-0.61962890625,0.181884765625,-79.14634146341464,-251.4939024390244,495.2743902439025
0.89892578125,-2.001953125,0.9072265625,-99.96951219512196,114.8475609756098,-4.054878048780489
-1.356201171875,1.1494140625,-0.2666015625,-0.1219512195121951,121.7378048780488,93.29268292682927
0.58203125,-0.4931640625,0.24755859375,138.109756097561,-126.4024390243903,-41.70731707317074
1.18701171875,-0.125732421875,0.292236328125,-67.43902439024392,152.5914634146341,-309.5426829268293
0.620849609375,-0.298583984375,-0.015380859375,9.207317073170733,140.1829268292683,-610.579268292683
0.29833984375,-0.311279296875,0.086669921875,240.1524390243903,-195.7926829268293,-662.0426829268293
0.306884765625,1.047119140625,-0.0546875,41.76829268292683,211.6158536585366,203.4756097560976
0.6328125,2.044677734375,-0.346435546875,269.0548780487805,-338.5670731707318,18.50609756097561
2.14013671875,2.64501953125,-0.306396484375,106.7378048780488,-327.6829268292683,262.1646341463415
1.639892578125,-2.538818359375,0.25146484375,79.26829268292684,78.84146341463415,209.9085365853659
-5.392333984375,-1.7509765625,2.146728515625,34.54268292682927,337.0426829268293,241.4939024390244
0.316650390625,-0.9619140625,0.33740234375,-81.67682926829269,640.4268292682927,238.9939024390244
0.6240234375,-0.100830078125,0.873291015625,-10.67073170731707,34.20731707317074,-178.2317073170732
0.316650390625,-0.424560546875,-0.38720703125,52.31707317073171,-154.6951219512195,-135.5792682926829
1.06201171875,0.49267578125,0.557861328125,-103.5365853658537,-154.4207317073171,-47.13414634146342
-0.844970703125,0.820068359375,1.120849609375,-277.8048780487805,232.0731707317073,2.530487804878049
-0.477294921875,-0.5703125,0.4970703125,-364.0853658536586,912.3780487804879,-675.0914634146342
-0.042236328125,0.68115234375,1.18505859375,-353.9329268292683,472.2256097560976,-690.2439024390245
-0.2099609375,0.66845703125,0.718505859375,-317.5914634146342,127.2256097560976,278.2317073170732
0.7509765625,2.519287109375,0.854736328125,-265.0914634146342,-99.96951219512196,246.3109756097561
-0.164794921875,3.894287109375,0.01416015625,-117.0121951219512,-572.5609756097562,29.9390243902439
6.459228515625,-0.154541015625,0.1123046875,46.95121951219512,-189.6646341463415,130.5182926829268
-0.91943359375,-1.251953125,2.921630859375,92.77439024390245,-69.26829268292684,-5.24390243902439
0.0224609375,0.97021484375,-0.62060546875,-7.225609756097562,-230.1524390243903,-144.969512195122
1.03857421875,-1.241455078125,-2.79248046875,30.03048780487805,-65.1219512195122,-234.6646341463415
1.09375,0.855712890625,-1.474365234375,-89.17682926829269,-77.22560975609757,-406.3719512195123
-0.120849609375,0.459716796875,-1.0712890625,-139.390243902439,-111.4939024390244,-346.5243902439025
0.464599609375,0.702880859375,-1.53076171875,10.57926829268293,160.8841463414634,-438.689024390244
0.08056640625,0.921875,-0.554443359375,854.5121951219513,-158.2317073170732,-45.15243902439025
-0.280517578125,1.694580078125,0.781494140625,71.52439024390245,173.8719512195122,48.04878048780488
0.318359375,1.062255859375,1.701171875,-239.4817073170732,-440.3048780487806,45.82317073170732
-0.451416015625,0.197021484375,2.282470703125,308.8109756097561,-489.9085365853659,113.5365853658537
7.999755859375,0.337646484375,-8,65.70121951219512,-3.780487804878049,162.0731707317073
-2.340087890625,-0.29345703125,2.326904296875,-35.73170731707317,-63.53658536585367,88.56707317073172
0.71923828125,-4.550048828125,-2.79052734375,-93.07926829268294,-79.14634146341464,-15.67073170731707
1.39794921875,-1.68701171875,-1.08203125,-37.89634146341464,146.280487804878,-340.3658536585366
0.11767578125,-0.083251953125,0.045654296875,106.0365853658537,545.5182926829269,-470.579268292683
-0.61328125,2.04345703125,1.47509765625,-240.5792682926829,-92.53048780487806,-95.15243902439025
-0.73193359375,3.511474609375,2.517822265625,224.2987804878049,-412.3780487804879,-7.621951219512196
0.195068359375,1.850341796875,1.20947265625,273.2926829268293,165.7926829268293,139.969512195122
0.43603515625,4.700439453125,2.96533203125,-2.347560975609756,-80.79268292682927,54.93902439024391
0.4208984375,0.50537109375,-0.356201171875,-94.87804878048782,-124.5731707317073,165.0304878048781
4.28857421875,-0.451416015625,-2.028076171875,-49.90853658536586,88.14024390243904,167.3170731707317
0.45849609375,-0.845947265625,-0.1484375,52.10365853658537,32.37804878048781,22.16463414634147
0.896728515625,-0.361572265625,-0.1240234375,-118.2317073170732,138.5365853658537,3.079268292682927
1.406005859375,-0.691650390625,-0.679931640625,-21.1890243902439,176.9512195121951,-56.18902439024391
0.798583984375,-0.864013671875,-0.332763671875,376.0670731707318,105.0609756097561,-496.1585365853659
0.566650390625,0.376953125,0.035400390625,-273.719512195122,148.6280487804878,-261.0670731707317
0.018310546875,2.656005859375,1.301025390625,-292.8353658536586,3.353658536585366,-71.21951219512196
-1.105224609375,2.6220703125,1.634033203125,80.54878048780489,-475.3963414634147,136.7378048780488
7.218505859375,-8,-0.794677734375,238.109756097561,-30.03048780487805,239.5121951219512
-0.359130859375,-2.660888671875,-2.925537109375,82.59146341463415,61.92073170731708,236.7378048780488
1.259765625,-1.327392578125,-1.71533203125,42.98780487804878,81.79878048780489,256.2804878048781
3.874755859375,-2.030517578125,-0.375244140625,50.39634146341464,26.12804878048781,292.8048780487805
1.004638671875,-0.960205078125,0.00927734375,34.35975609756098,-115.9756097560976,575.0609756097562
0.260498046875,-0.322265625,0.3193359375,40.39634146341464,586.9817073170732,243.6280487804878
-0.148193359375,0.01025390625,0.3486328125,400.9451219512196,235.3353658536585,-197.2560975609756
-0.27978515625,0.34033203125,0.32373046875,521.3719512195122,-159.1158536585366,-734.8780487804879
-0.294677734375,1.24755859375,-0.07568359375,281.3719512195122,480.579268292683,-513.3841463414634
-1.32763671875,1.706298828125,0.145751953125,143.9024390243902,-485.1524390243903,651.6158536585366
-0.16943359375,1.842529296875,-0.1435546875,-94.96951219512196,13.75,-256.9817073170732
0.675537109375,3.977294921875,-0.423095703125,-54.81707317073171,141.9207317073171,-9.451219512195124
7.999755859375,-8,7.999755859375,-9.573170731707318,72.34756097560977,683.8414634146342
-7.786376953125,3.628173828125,-3.10400390625,25.82317073170732,294.2987804878049,503.5060975609757
0.64453125,-1.665771484375,0.515869140625,-82.37804878048782,63.20121951219513,-99.66463414634147
2.77734375,-5.451416015625,-0.66845703125,-82.80487804878049,-263.079268292683,-250.7621951219512
1.11474609375,-0.84912109375,0.993408203125,-264.6646341463415,-254.3292682926829,-481.0060975609757
-0.25390625,0.372802734375,-0.25,-21.40243902439025,50.48780487804878,-559.6646341463415
-0.45849609375,0.954345703125,-1.19140625,289.4207317073171,-351.1585365853659,221.6158536585366
0.05078125,2.834228515625,-0.731201171875,163.0792682926829,-23.6890243902439,-165.0914634146341
1.130859375,2.093994140625,-0.95654296875,-26.49390243902439,260.2439024390244,139.8780487804878
7.999755859375,-8,-0.7705078125,-67.46951219512195,558.9939024390244,786.5548780487806
-1.26171875,-8,-0.293701171875,34.45121951219512,81.89024390243904,-383.4451219512196
1.158447265625,0.63623046875,2.698486328125,126.9512195121951,295,-244.5731707317073
2.42822265625,-0.39501953125,0.8330078125,-24.57317073170732,47.83536585365854,-626.9207317073171
1.0302734375,0.372314453125,1.1181640625,-696.859756097561,-85.27439024390245,89.42073170731709
0.84814453125,3.53564453125,-0.82666015625,496.3109756097562,-190.5487804878049,125.0609756097561
0.980712890625,3.755615234375,-0.0439453125,205.2743902439024,-116.3109756097561,333.109756097561
-0.19287109375,0.58642578125,-0.829345703125,-121.0060975609756,-103.7804878048781,225.3963414634146
-2.53515625,-5.108642578125,-7.510498046875,35.39634146341464,-201.6768292682927,2.560975609756098
-0.21533203125,-0.64111328125,-1.416748046875,-36.25,-194.4817073170732,-341.0060975609757
0.785400390625,0.15625,-1.966064453125,279.1158536585366,-74.78658536585367,-600.4878048780488
-0.23486328125,1.8759765625,-0.86572265625,442.8963414634147,-697.5609756097562,140.4268292682927
0.656494140625,4.459228515625,-0.410400390625,-150.5487804878049,434.5121951219513,-154.7560975609756
0.367431640625,3.37646484375,0.8515625,-88.26219512195122,316.5243902439025,300.609756097561
7.51904296875,-8,1.959228515625,-228.4756097560976,159.2073170731707,255.2134146341464
0.72119140625,-4.45947265625,-0.010986328125,-178.7804878048781,84.90853658536587,-122.6524390243903
0.02685546875,0.23828125,0.668212890625,122.5914634146342,-98.29268292682927,-743.0182926829269
0.02392578125,0.15234375,-0.424560546875,-131.7682926829268,-806.9817073170733,566.3109756097562
-0.694580078125,2.235595703125,-0.205322265625,89.48170731707317,389.939024390244,461.189024390244
-1.9755859375,3.9150390625,-0.9267578125,181.25,-241.1585365853659,477.1951219512196
-0.127197265625,2.41455078125,-0.5498046875,-118.9024390243903,153.1707317073171,-53.62804878048781
2.255859375,2.750732421875,-3.38720703125,-340.7621951219513,145.030487804878,268.3231707317074
0.865478515625,-2.056396484375,0.975341796875,-259.359756097561,9.481707317073171,-106.6463414634146
3.031005859375,-0.574951171875,0.952392578125,-152.4085365853659,37.01219512195122,-19.45121951219512
1.86572265625,-0.802001953125,1.283203125,-157.5914634146341,85.91463414634147,-97.6219512195122
0.406005859375,-1.05859375,0.189453125,-378.3231707317074,-88.47560975609757,-254.2987804878049
0.664306640625,-0.342041015625,-0.206298828125,49.05487804878049,324.6341463414635,-637.5000000000001
0.00830078125,0.0439453125,-0.270263671875,197.9573170731707,21.76829268292683,-220.9146341463415
-0.9462890625,2.767578125,0.645263671875,-738.7500000000001,173.7804878048781,246.890243902439
-0.718505859375,3.091796875,0.107177734375,459.359756097561,-117.3170731707317,-297.6219512195122
0.775390625,1.3251953125,1.015380859375,400.2743902439025,-41.4329268292683,-299.359756097561
-2.555419921875,7.999755859375,7.999755859375,185.6707317073171,262.5304878048781,421.9512195121952
-3.87890625,-5.481689453125,-6.47802734375,-125.9756097560976,25.85365853658537,-5.701219512195123
0.00244140625,0.103271484375,-0.150146484375,3.597560975609757,-8.048780487804878,145.1219512195122
1.57470703125,-0.883056640625,-0.48876953125,-50.00000000000001,-106.0670731707317,190.609756097561
-0.44140625,0.591064453125,-2.662109375,-74.66463414634147,9.969512195121952,208.5365853658537
1.822998046875,-1.478515625,-1.108154296875,-47.53048780487806,118.2926829268293,219.2073170731707
1.343505859375,-1.767822265625,-0.5791015625,-210.1829268292683,32.92682926829269,226.3414634146342
0.744140625,-0.546875,0.350830078125,20.36585365853659,735.0609756097562,-438.1707317073171
0.226318359375,-0.06640625,0.717529296875,-458.1707317073171,-507.9878048780488,-231.4024390243903
-0.945556640625,3.174072265625,2.120849609375,-69.08536585365854,401.7987804878049,391.7987804878049
-0.333740234375,4.333740234375,2.028076171875,167.7743902439024,-44.14634146341464,6.280487804878049
-0.496826171875,1.91259765625,-0.176025390625,-2.713414634146342,-526.189024390244,-49.14634146341464
4.635498046875,6.466064453125,4.46728515625,-49.60365853658537,-455.1524390243903,20.88414634146342
-1.9658203125,-0.69189453125,0.365966796875,86.21951219512196,-222.2865853658537,148.2012195121951
-0.40966796875,0.853271484375,0.098876953125,3.26219512195122,-212.4085365853659,102.2560975609756
-0.336181640625,0.9326171875,-2.8876953125,60.06097560975611,51.09756097560976,67.04268292682927
1.406494140625,-1.94873046875,-2.12158203125,-119.5731707317073,102.2256097560976,-246.3719512195122
-0.077392578125,-1.319580078125,-0.569580078125,669.5426829268293,343.719512195122,-629.5121951219513
0.14111328125,-0.10986328125,0.41162109375,-502.7743902439025,170.7621951219512,336.0365853658537
-1.361083984375,4.6962890625,4.488525390625,182.6524390243902,-148.6890243902439,-343.2926829268293
0.730712890625,3.158203125,2.717529296875,188.9634146341463,-102.2560975609756,-428.4756097560976
7.999755859375,-8,7.999755859375,66.46341463414635,-4.847560975609756,231.4939024390244
-2.260498046875,2.817138671875,-6.14794921875,-99.54268292682927,47.40853658536586,247.7439024390244
0.878173828125,-0.591796875,0.22021484375,-55.73170731707317,-63.84146341463416,293.3231707317074
1.351806640625,-1.407958984375,-0.757568359375,-77.31707317073172,113.8109756097561,208.2317073170732
3.8779296875,-0.201904296875,-1.21826171875,-110.3658536585366,50.91463414634147,240.1829268292683
1.783203125,-2.104248046875,-0.9462890625,-25.18292682926829,148.780487804878,-270.609756097561
1.3271484375,-0.5703125,-0.068115234375,-335.4573170731708,59.93902439024391,-484.5731707317074
0.50634765625,2.537841796875,1.445068359375,-105.1219512195122,426.2500000000001,619.0853658536586
-2.306396484375,6.008544921875,2.82568359375,219.4512195121951,-222.9573170731707,-234.1158536585366
0.1376953125,3.5302734375,0.1904296875,199.7865853658537,-272.8658536585366,-34.08536585365854
1.949462890625,7.999755859375,1.0302734375,88.26219512195122,-130.1829268292683,-102.0426829268293
-6.912841796875,-6.220703125,-1.50634765625,-120.0304878048781,-17.22560975609756,208.8414634146342
0.043212890625,0.99560546875,-0.423095703125,82.53048780487805,-35.76219512195122,112.5
-0.4013671875,3.034423828125,-0.783935546875,120.609756097561,36.76829268292683,96.46341463414635
5.745361328125,0.42919921875,-1.91357421875,-165.6707317073171,-255.8536585365854,489.0853658536586
0.820556640625,-1.30029296875,-0.618408203125,-183.7804878048781,990.8841463414635,-66.58536585365854
0.538818359375,-0.468994140625,0.162841796875,631.2804878048781,84.51219512195122,-615.8841463414635
-0.35302734375,0.203369140625,0.81005859375,-307.6219512195122,19.51219512195122,210.0304878048781
-0.804931640625,4.1875,1.77880859375,-24.69512195121952,171.9512195121951,-10.36585365853659
-2.947021484375,2.777099609375,1.19091796875,82.83536585365854,-220.7621951219512,-115.4878048780488
0.633544921875,-2.9384765625,-2.76611328125,6.890243902439025,29.42073170731707,27.6829268292683
2.173095703125,1.09228515625,-2.342041015625,-31.12804878048781,-188.5365853658537,152.469512195122
-0.81298828125,-2.266357421875,-1.40576171875,39.05487804878049,-369.2682926829269,161.0060975609756
1.19677734375,-1.65478515625,-1.64697265625,327.9878048780488,-195.2743902439024,93.81097560975611
0.885986328125,-1.87255859375,-2.97216796875,79.93902439024392,-96.98170731707317,-80.03048780487805
-0.143798828125,-1.866455078125,-2.94482421875,140.2439024390244,80.76219512195122,-117.4390243902439
0.90673828125,-1.692138671875,-1.59814453125,59.78658536585366,194.5731707317073,-782.2865853658537
0.812255859375,0.521240234375,0.723876953125,143.0182926829268,310.0304878048781,-614.6646341463415
-0.979736328125,4.18017578125,3.427978515625,256.0060975609757,-33.90243902439025,181.0975609756098
-0.324951171875,4.52880859375,2.451416015625,-27.37804878048781,88.32317073170732,0.3048780487804879
2.028076171875,4.84375,0.53515625,-55.73170731707317,-16.46341463414634,64.08536585365854
-4.192626953125,4.975341796875,6.819580078125,-132.7134146341463,-149.2682926829268,-91.95121951219512
3.03271484375,-2.216064453125,0.335205078125,-25.39634146341464,38.41463414634147,21.79878048780488
0.361328125,-0.72607421875,0.131103515625,-96.34146341463415,-37.43902439024391,170.8536585365854
0.440185546875,-1.816650390625,0.139892578125,-44.02439024390245,-55.70121951219512,139.3292682926829
0.7607421875,-0.22998046875,-0.949951171875,16.40243902439024,89.60365853658537,94.08536585365854
2.81689453125,-0.742919921875,-1.53564453125,-224.2987804878049,-147.0121951219512,168.0182926829268
1.289306640625,-0.42431640625,-0.361572265625,-49.96951219512196,391.2804878048781,71.52439024390245
1.08642578125,-0.483154296875,-0.112060546875,439.2682926829269,58.59756097560976,-590.3353658536586
-0.382080078125,1.01171875,0.91748046875,-298.1402439024391,270.0304878048781,225.3658536585366
-1.106689453125,3.877197265625,1.859619140625,-15.33536585365854,231.890243902439,244.8170731707317
-1.390380859375,2.345947265625,-0.1103515625,-53.53658536585366,-123.2317073170732,55.97560975609757
7.999755859375,-8,4.599365234375,-197.8048780487805,-514.7560975609756,211.1280487804878
-0.740478515625,-1.950439453125,-3.217041015625,142.1341463414634,-297.5,272.6829268292683
-0.475830078125,-0.60546875,-1.522216796875,543.9634146341464,-257.7743902439025,393.1707317073171
-0.11572265625,-1.062744140625,-0.5439453125,551.5548780487806,-14.69512195121951,372.3475609756098
0.219970703125,-2.732177734375,-3.102294921875,340.5182926829269,343.0182926829269,-68.9939024390244
0.2802734375,-2.01416015625,-2.081298828125,-131.0365853658537,176.6463414634146,-75.45731707317074
1.047607421875,-0.677978515625,-0.364990234375,-88.10975609756099,-161.4939024390244,-824.6646341463415
1.560791015625,1.89599609375,-0.28662109375,436.5853658536586,-58.26219512195122,390.1829268292684
1.72607421875,3.54833984375,-0.35400390625,595.4573170731708,-338.8109756097562,254.2378048780488
-0.66650390625,4.095458984375,0.899169921875,240.5792682926829,36.98170731707317,4.817073170731708
2.090087890625,3.343505859375,-0.7314453125,-198.75,244.969512195122,-68.07926829268294
-0.572021484375,-1.818359375,0.621826171875,-297.8048780487805,13.84146341463415,169.0243902439024
-0.39306640625,-0.744384765625,0.484619140625,-223.2926829268293,229.0853658536585,119.9390243902439
0.482421875,2.771240234375,-0.950927734375,11.70731707317073,107.8048780487805,-91.98170731707317
1.310546875,-1.3212890625,1.36328125,114.5426829268293,-50.45731707317074,-11.49390243902439
1.258056640625,-0.98681640625,1.09326171875,-147.9268292682927,-210.640243902439,-44.45121951219512
-0.035888671875,-0.608154296875,-0.133056640625,-105.640243902439,-203.8109756097561,-47.6829268292683
0.127197265625,-1.18017578125,-0.12353515625,283.9939024390244,-22.77439024390244,-9.725609756097562
-0.925537109375,-0.418701171875,0.166748046875,217.8048780487805,65.54878048780489,124.359756097561
-0.097900390625,-0.957763671875,0.8056640625,16.25,124.7560975609756,50.60975609756098
0.38525390625,-2.3193359375,1.36474609375,278.9329268292683,216.6768292682927,-92.50000000000001
0.607177734375,-1.37060546875,1.17529296875,118.1707317073171,62.22560975609757,15.42682926829268
0.313232421875,-0.248046875,1.23681640625,10.48780487804878,47.89634146341464,-92.71341463414635
0.817626953125,-0.96728515625,0.165283203125,-9.664634146341465,175.1829268292683,-157.1951219512195
0.460205078125,-0.4443359375,-0.123046875,-33.41463414634147,213.0792682926829,-238.5060975609756
-0.3671875,-0.376953125,-0.205322265625,6.859756097560976,9.695121951219512,-238.4451219512195
-0.215576171875,-0.53564453125,-0.501953125,71.4329268292683,-224.4817073170732,-294.7560975609757
-0.40087890625,-0.667724609375,-0.357421875,-4.298780487804878,-320.2134146341464,-327.9268292682927
-0.45849609375,-0.96240234375,-0.14599609375,27.83536585365854,-51.15853658536586,305.5487804878049
-0.733154296875,-1.31494140625,-0.02001953125,294.0243902439025,223.3536585365854,326.6158536585366
-0.93115234375,-1.34423828125,0.479248046875,462.5304878048781,489.359756097561,394.939024390244
-0.08544921875,-1.661865234375,1.53369140625,467.8048780487806,306.5853658536586,676.0060975609757
-0.3291015625,-2.22802734375,1.35400390625,138.5365853658537,-461.7378048780488,267.2560975609757
0.73095703125,-2.05712890625,1.164794921875,-39.87804878048781,579.7865853658537,-148.3536585365854
0.1044921875,-0.90966796875,0.33935546875,-209.1463414634146,229.2073170731707,-185.1829268292683
-0.254150390625,-1.4072265625,-1.047607421875,-123.2317073170732,-75.73170731707317,-124.0548780487805
4.4599609375,-0.12841796875,0.800537109375,-43.32317073170732,-211.5548780487805,-17.68292682926829
-0.3583984375,0.234130859375,1.27685546875,125.8536585365854,-369.5731707317074,-240.0609756097561
-1.209228515625,-0.416015625,1.138671875,87.71341463414635,-619.6951219512196,-303.8719512195122
-0.4326171875,0.923583984375,-0.949951171875,52.59146341463415,-847.8353658536586,-315.2134146341464
-0.175048828125,2.16259765625,-1.200439453125,198.2317073170732,95.27439024390245,441.6768292682927
1.385498046875,1.577880859375,-2.894287109375,7.286585365853659,-148.8719512195122,340.3353658536586
2.545166015625,2.4677734375,-2.542724609375,127.2865853658537,199.7865853658537,-34.72560975609756
4.639892578125,4.430419921875,1.7568359375,-70.1219512195122,389.8475609756098,34.39024390243902
-1.883544921875,2.291748046875,-2.05126953125,57.34756097560976,392.4085365853659,99.81707317073172
-3.199462890625,-1.6435546875,4.10302734375,243.5365853658537,-332.9268292682927,-272.1341463414635
1.916259765625,-1.803955078125,3.1787109375,-160.0914634146341,-239.5731707317073,-338.3536585365854
0.247802734375,-1.140869140625,1.41943359375,-97.6829268292683,-904.4817073170733,-67.98780487804879
0.12744140625,-0.213134765625,-0.320068359375,-498.2012195121952,998.9939024390245,504.9085365853659
0.679443359375,1.489013671875,-6.2880859375,24.45121951219512,-225.7012195121951,330.7317073170732
0.273681640625,1.812255859375,-3.745849609375,274.7256097560976,298.9329268292683,-153.6280487804878
2.159423828125,0.953857421875,-1.79736328125,168.0182926829268,594.4512195121952,159.0548780487805
-6.515380859375,-3.192626953125,3.531494140625,268.1402439024391,-108.3841463414634,194.9085365853659
-1.4140625,-1.859130859375,0.01513671875,-122.7439024390244,73.38414634146342,-437.1646341463415
1.38818359375,-1.087890625,2.435791015625,-213.2012195121951,-805.7621951219513,-136.859756097561
1.033203125,-1.007568359375,-0.390625,237.2560975609756,-233.4146341463415,-321.7073170731708
1.048828125,-1.7685546875,-4.542724609375,-620.1524390243903,-165.640243902439,435.1219512195123
0.777099609375,0.638916015625,-6.06787109375,-155.1829268292683,-213.9939024390244,-253.9634146341464
1.17578125,0.6142578125,-4.881103515625,299.8170731707318,217.1646341463415,157.5914634146341
7.999755859375,-3.79296875,7.999755859375,-183.0792682926829,216.4939024390244,-10.76219512195122
-2.8740234375,1.22314453125,-6.770751953125,133.0792682926829,266.829268292683,-56.34146341463415
1.308837890625,-3.320556640625,1.677978515625,320.9146341463415,196.890243902439,179.1463414634146
-0.553466796875,-0.727783203125,3.97607421875,388.6280487804879,335.0609756097562,329.969512195122
0.545654296875,-1.42626953125,2.703857421875,306.0670731707318,200.5487804878049,-20.91463414634147
-0.08984375,-1.638916015625,1.099365234375,-369.2378048780488,-125,-16.25
0.2919921875,-0.410400390625,0.29638671875,-275.5487804878049,-733.4451219512196,-181.2804878048781
1.114501953125,-1.2548828125,-2.390625,-112.1951219512195,-999.0243902439025,-271.6463414634147
2.007568359375,-1.13671875,-4.143798828125,183.8719512195122,998.9939024390245,879.8170731707318
0.635498046875,-0.549072265625,-5.878662109375,-594.5731707317074,-185.5487804878049,-183.8414634146342
1.659423828125,0.31689453125,-5.1865234375,34.54268292682927,-118.9024390243903,-444.2682926829269
0.22509765625,5.882080078125,-4.10546875,68.8719512195122,459.6951219512196,433.9939024390245
-8,6.85595703125,-2.533935546875,10.24390243902439,28.78048780487805,330.5182926829269
0.152587890625,-0.65234375,-0.059814453125,197.1036585365854,187.0731707317073,171.890243902439
3.5576171875,-2.0595703125,4.682373046875,303.1707317073171,185.0609756097561,203.109756097561
-1.15380859375,-1.161376953125,2.258056640625,266.9817073170732,-205.609756097561,-101.9817073170732
0.45703125,-0.651611328125,1.646728515625,261.1890243902439,161.7682926829268,-392.7134146341464
0.02197265625,-0.3330078125,0.356689453125,-391.0975609756098,-510.6402439024391,-285.4268292682927
0.441162109375,-0.798828125,-0.412841796875,-178.3536585365854,-999.0243902439025,-311.3719512195122
0.6474609375,-0.556396484375,-4.328125,-172.9878048780488,998.9939024390245,998.9939024390245
1.312744140625,0.6181640625,-6.118896484375,3.75,69.32926829268294,-733.2926829268293
1.4677734375,-0.74853515625,-6.14501953125,-336.5548780487805,-71.46341463414635,-359.5121951219513
2.4521484375,0.615478515625,-6.08447265625,-32.04268292682927,493.689024390244,425.8841463414635
-8,7.999755859375,2.813720703125,148.3841463414634,661.3719512195123,520.9146341463415
-0.849609375,5.868896484375,1.24560546875,271.9207317073171,168.5670731707317,51.73780487804878
2.631591796875,-2.82861328125,2.4873046875,186.0365853658537,-244.6646341463415,-381.1280487804879
1.8076171875,-1.251953125,2.48095703125,30.33536585365854,365.7926829268293,11.28048780487805
-0.048828125,-0.439208984375,-0.054443359375,-148.2926829268293,-950.3048780487806,-182.1646341463415
0.154052734375,0.12060546875,-0.15966796875,-186.859756097561,-999.0243902439025,-173.2926829268293
7.999755859375,1.357666015625,-2.411376953125,82.07317073170732,998.9939024390245,955.2743902439025
-0.639404296875,-0.15771484375,-6.306884765625,-206.890243902439,-593.719512195122,48.44512195121952
2.205078125,0.567626953125,-5.17041015625,-233.2926829268293,619.7560975609757,2.408536585365854
3.423095703125,0.2607421875,-5.55419921875,138.8414634146341,138.0182926829268,143.8109756097561
-8,7.999755859375,-2.904296875,420.3048780487806,261.5548780487805,284.8780487804879
1.76123046875,2.25048828125,2.0009765625,391.5243902439025,243.140243902439,56.28048780487806
0.1259765625,-2.66650390625,2.16015625,209.2073170731707,-16.79878048780488,-130.2439024390244
1.634033203125,-1.886962890625,1.9716796875,6.615853658536586,219.359756097561,-233.5060975609756
0.179443359375,-0.3623046875,0.1337890625,-298.0487804878049,-252.469512195122,-172.6524390243902
0.342529296875,-0.46142578125,-0.298095703125,-286.7073170731708,-999.0243902439025,-223.2926829268293
0.85546875,-0.215576171875,-3.334716796875,-118.5060975609756,903.3536585365855,95.1219512195122
1.871337890625,-0.424072265625,-6.3671875,222.0426829268293,-871.8902439024391,-419.8780487804879
0.59423828125,-0.4443359375,-4.333984375,-396.6463414634147,717.5000000000001,-573.2621951219513
2.08837890625,0.48974609375,-5.287109375,-525.9756097560976,-102.7439024390244,388.4146341463415
-8,0.08203125,-8,82.46951219512196,214.359756097561,364.1768292682927
1.242919921875,0.72705078125,-1.90625,338.1707317073171,339.0853658536586,363.2926829268293
-0.236328125,1.384521484375,3.6689453125,292.1951219512196,-62.65243902439025,-197.7439024390244
0.591552734375,-1.51220703125,1.791748046875,-3.201219512195122,705.4268292682927,29.9390243902439
0.3798828125,-0.974609375,-0.025390625,-72.34756097560977,-311.1280487804879,-250.7317073170732
0.555908203125,-1.244873046875,-0.8076171875,-325.0000000000001,-999.0243902439025,-363.3841463414635
1.70849609375,0.007568359375,-6.939208984375,-3.536585365853659,482.5609756097562,-49.17682926829269
0.709716796875,0.692138671875,-6.7783203125,220.7317073170732,-999.0243902439025,133.6585365853659
-0.105712890625,1.735595703125,-6.04150390625,-379.1463414634147,805.1524390243903,61.79878048780488
4.626953125,1.4970703125,-3.879638671875,-55.09146341463415,270.1524390243903,-3.536585365853659
-8,-8,-8,97.95731707317074,289.0243902439025,240.3658536585366
0.396728515625,0.373779296875,-1.39990234375,291.7682926829269,101.5548780487805,135.9146341463415
-0.995361328125,0.470947265625,4.59619140625,563.5060975609757,100.8536585365854,132.4390243902439
1.69091796875,-1.504150390625,1.362548828125,-54.87804878048781,-130.9146341463415,-87.6219512195122
-0.12158203125,-1.177734375,0.96923828125,37.01219512195122,283.8109756097561,2.286585365853659
-0.357666015625,-1.10986328125,-0.33203125,-522.6829268292684,-999.0243902439025,-130
1.000732421875,-2.724365234375,-1.420166015625,-383.4451219512196,-999.0243902439025,-359.9085365853659
1.99267578125,-1.76318359375,-5.498046875,225.4878048780488,-999.0243902439025,271.7073170731708
0.39892578125,0.1083984375,-7.12744140625,-323.4756097560976,717.0121951219513,-664.7256097560976
1.026123046875,-0.1513671875,-7.09765625,-304.1768292682927,-72.65243902439025,261.829268292683
7.999755859375,-2.60009765625,-1.585693359375,-84.69512195121952,90.45731707317074,176.5548780487805
-0.307373046875,-3.609130859375,-8,66.89024390243902,-74.05487804878049,-76.3719512195122
-1.617431640625,1.89306640625,0.900634765625,77.89634146341464,-123.9939024390244,31.76829268292683
0.9423828125,-0.8564453125,2.037353515625,23.6890243902439,-111.0975609756098,-16.00609756097561
-0.363037109375,0.162841796875,0.6279296875,-80.73170731707317,16.40243902439024,46.46341463414635
0.842041015625,-0.909912109375,0.65283203125,-83.9329268292683,28.99390243902439,-68.14024390243902
0.072021484375,0.26806640625,0.513427734375,-279.2378048780488,52.6219512195122,-99.11585365853659
0.2998046875,0.1884765625,0.82275390625,-73.8719512195122,151.890243902439,48.23170731707317
0.671875,-0.3583984375,1.388671875,329.4207317073171,186.1585365853659,109.5731707317073
0.11669921875,0.12451171875,2.573974609375,308.719512195122,124.1768292682927,1.981707317073171
1.248291015625,-0.156005859375,3.430908203125,222.2865853658537,212.0121951219512,-229.8780487804878
0.92431640625,-1.910888671875,2.647705078125,151.6768292682927,624.4207317073171,16.58536585365854
-0.1533203125,-0.43505859375,1.961669921875,189.8475609756098,566.829268292683,-116.4024390243903
-0.865966796875,-0.366455078125,0.685791015625,181.2804878048781,301.3414634146342,72.5
0.968505859375,-0.8642578125,-1.53076171875,42.40853658536586,181.8292682926829,75.67073170731707
0.581787109375,-0.953125,-0.8251953125,-19.29878048780488,126.5548780487805,-60.60975609756098
1.703369140625,-0.43408203125,-0.47900390625,-220.9451219512195,-57.80487804878049,-43.38414634146342
0.056884765625,0.1201171875,-0.66162109375,-159.969512195122,-252.1951219512195,-52.16463414634147
-0.65283203125,-0.405517578125,-0.81494140625,-80.1219512195122,-414.2987804878049,-109.4207317073171
-1.143798828125,0.09423828125,-0.3544921875,-231.1890243902439,-623.8109756097562,-146.3109756097561
-0.343505859375,-0.531982421875,-0.8466796875,-292.1341463414635,-999.0243902439025,-145.6707317073171
0.012939453125,-0.785400390625,-2.48388671875,271.0365853658537,998.9939024390245,525.6707317073171
3.986328125,-0.8544921875,-3.79736328125,16.95121951219512,-603.3536585365854,-91.89024390243904
1.994873046875,-0.9443359375,-3.585205078125,-195.3658536585366,491.7682926829269,-646.1280487804879
4.446533203125,-0.333740234375,-3.276123046875,61.4939024390244,-226.5243902439025,418.9024390243903
-8,7.999755859375,7.999755859375,149.3292682926829,-21.15853658536586,4.451219512195123
0.716064453125,0.775146484375,-2.001953125,-76.73780487804879,138.9329268292683,-167.2256097560976
0.003173828125,1.77734375,0.2060546875,28.50609756097561,76.70731707317074,-68.38414634146342
0.48974609375,0.806884765625,0.601318359375,54.66463414634147,34.48170731707317,-24.45121951219512
0.887939453125,0.643798828125,1.47998046875,-30.27439024390244,62.07317073170732,0.4573170731707317
0.777587890625,0.108154296875,1.169189453125,3.963414634146342,70.39634146341464,-92.16463414634147
0.56298828125,-0.194580078125,0.661865234375,-118.4451219512195,120.5487804878049,-95.03048780487806
0.705322265625,-0.338134765625,0.561767578125,-101.7378048780488,-37.07317073170732,-18.84146341463415
0.678955078125,-1.215576171875,0.4580078125,-39.48170731707317,-126.7073170731707,-3.353658536585366
0.34326171875,-1.02490234375,0.130859375,-146.6463414634146,-203.2621951219512,187.3170731707317
-0.09814453125,-0.6162109375,0.439697265625,-290.0304878048781,-248.9939024390244,325.609756097561
-0.218017578125,-0.402587890625,0.3701171875,-681.1280487804879,195.8536585365854,202.5304878048781
-0.28662109375,0.186279296875,0.4521484375,-999.0243902439025,177.4390243902439,-69.78658536585367
-0.2392578125,0.568359375,0.540771484375,-632.3170731707318,265.3048780487805,-90.0609756097561
-0.537353515625,0.283447265625,1.3349609375,230.1219512195122,136.0060975609756,341.0670731707318
-0.441650390625,1.437255859375,0.208740234375,-492.2256097560976,-177.7439024390244,364.6951219512196
-0.650390625,-3.834228515625,-1.415771484375,-187.3780487804878,284.6646341463415,52.50000000000001
0.913818359375,-5.146484375,0.072021484375,-348.2317073170732,-286.3719512195122,-277.2256097560976
0.39013671875,-3.1689453125,0.298583984375,-179.5121951219512,-48.9329268292683,-208.8719512195122
1.947021484375,-2.080810546875,-0.630126953125,-128.9939024390244,82.89634146341464,-225.1219512195122
-0.5283203125,0.114990234375,0.2939453125,464.3902439024391,517.8048780487806,-882.3170731707318
0.251953125,3.9033203125,-0.62353515625,-356.9817073170732,165.8841463414634,141.4024390243902
1.113525390625,4.71142578125,3.0146484375,-496.1280487804879,147.4085365853659,32.7439024390244
-0.0322265625,2.25048828125,2.07177734375,5.457317073170732,-269.9085365853659,11.82926829268293
7.999755859375,-8,-3.173095703125,78.68902439024392,-387.3475609756098,115.2743902439024
0.02197265625,-0.40625,0.652099609375,115.2743902439024,-208.9329268292683,49.90853658536586
0.595947265625,-0.6376953125,-1.747802734375,190.4573170731707,146.1890243902439,382.9268292682927
2.74609375,-2.4541015625,-0.49755859375,-42.46951219512196,-112.8048780487805,190.1829268292683
0.677490234375,-0.579345703125,-0.763671875,-323.079268292683,356.6768292682927,-280.7012195121952
0.740478515625,0.756103515625,0.51025390625,-169.3292682926829,697.4085365853659,-777.1951219512196
-1.095458984375,2.95703125,1.968017578125,434.7256097560976,68.65853658536587,573.7804878048781
-0.564697265625,4.2880859375,3.009033203125,-106.4024390243902,-124.1768292682927,143.4451219512195
1.148681640625,2.146728515625,-5.087646484375,16.00609756097561,-594.939024390244,140.9451219512195
0.432373046875,0.5458984375,0.438232421875,139.969512195122,88.41463414634147,-26.1890243902439
0.774658203125,7.999755859375,-2.089599609375,9.695121951219512,147.7134146341463,134.2987804878049
0.87109375,-0.27783203125,-2.124755859375,-21.92073170731707,32.40853658536586,78.20121951219512
1.79345703125,-0.499267578125,-0.685546875,-92.40853658536587,-474.6036585365854,102.0731707317073
0.443359375,-0.187255859375,0.01953125,-126.4939024390244,178.8109756097561,243.0792682926829
0.020751953125,-0.20458984375,0.238037109375,251.3109756097561,695.3048780487806,-373.9634146341464
-1.977294921875,-0.393798828125,1.7490234375,824.5731707317074,-999.0243902439025,-608.079268292683
-0.101318359375,3.69091796875,2.114501953125,148.3536585365854,343.719512195122,375.7926829268293
0.56103515625,1.525390625,0.642578125,-43.14024390243903,-335.609756097561,-307.469512195122
-0.544921875,1.024169921875,0.388427734375,-49.72560975609757,-48.47560975609757,139.5121951219512
7.504150390625,7.999755859375,-7.846435546875,36.4939024390244,19.84756097560976,124.6646341463415
-0.50341796875,-3.078369140625,1.291259765625,-106.5243902439024,-0.1219512195121951,117.5304878048781
3.701171875,-3.331298828125,-0.305419921875,121.9817073170732,20.51829268292683,45.33536585365854
0.506103515625,-0.892578125,-0.505859375,19.57317073170732,68.10975609756098,112.5609756097561
0.4990234375,-0.20361328125,-0.181396484375,-35,136.5243902439024,310.3048780487805
0.006103515625,-1.335693359375,-0.80029296875,-181.859756097561,-123.5365853658537,423.689024390244
-0.02880859375,-1.235107421875,-0.377685546875,-16.12804878048781,76.4329268292683,-648.0487804878049
-0.21826171875,-0.081298828125,-0.357666015625,406.2804878048781,-358.4756097560976,-922.9878048780489
-0.324462890625,2.9560546875,0.928955078125,-262.3475609756098,91.21951219512196,605.9146341463415
-0.7109375,3.8876953125,0.606201171875,85.1219512195122,-214.8780487804878,67.22560975609757
0.2646484375,1.958740234375,0.12451171875,28.14024390243903,-43.9939024390244,162.7134146341463
7.999755859375,7.999755859375,-5.57763671875,62.22560975609757,137.3475609756098,15.97560975609756
-0.220458984375,1.580078125,-1.43212890625,57.07317073170732,112.1646341463415,-6.219512195121951
1.08056640625,-0.4521484375,-0.198974609375,-39.75609756097561,-1.981707317073171,-86.95121951219512
0.7861328125,0.0234375,-0.08056640625,-101.25,-61.00609756097562,-102.7439024390244
0.147705078125,0.6181640625,0.245849609375,31.25,-75.42682926829269,-92.65243902439025
0.138916015625,0.3916015625,0.1787109375,-43.53658536585366,77.01219512195122,-79.26829268292684
0.181640625,0.10498046875,-0.027587890625,-68.56707317073172,22.77439024390244,-11.98170731707317
0.46728515625,-0.6826171875,-0.5615234375,-54.81707317073171,13.84146341463415,60.91463414634147
0.840087890625,-1.27099609375,-0.505615234375,-4.329268292682928,-6.676829268292684,78.04878048780489
0.68994140625,-1.471435546875,-0.219970703125,104.2378048780488,-103.6890243902439,115.2134146341463
0.4833984375,-1.89794921875,-0.49560546875,107.3780487804878,-61.12804878048781,98.9939024390244
0.965576171875,-1.874755859375,-0.45263671875,32.71341463414635,-76.61585365853659,137.1646341463415
0.66064453125,-1.5791015625,-0.57958984375,-209.3292682926829,-69.57317073170732,267.4390243902439
0.71240234375,-1.1064453125,-0.433837890625,-213.2926829268293,-14.72560975609756,83.53658536585367
0.3515625,-0.25537109375,0.046142578125,121.1890243902439,352.439024390244,-737.5304878048781
-0.152099609375,1.278076171875,0.32666015625,85.1219512195122,297.1036585365854,-140.8536585365854
-0.802734375,4.276611328125,1.9443359375,-428.1402439024391,-86.21951219512196,-11.76829268292683
-0.072265625,3.34814453125,0.940185546875,-123.9329268292683,-342.3475609756098,678.9939024390244
-0.2724609375,1.795654296875,-0.082275390625,129.6341463414634,-150.3353658536585,118.6890243902439
-1.958984375,3.532958984375,3.979736328125,121.890243902439,-48.20121951219512,147.469512195122
0.41845703125,-0.751708984375,1.167724609375,170.6707317073171,11.1890243902439,151.6768292682927
4.059814453125,-1.409423828125,0.851318359375,207.9268292682927,-64.02439024390245,117.5609756097561
0.912109375,-0.853759765625,0.1015625,170.3353658536585,-13.65853658536586,132.6524390243902
1.40576171875,-1.053466796875,-0.806640625,154.0853658536585,71.67682926829269,167.0731707317073
0.47900390625,-0.5556640625,-0.618896484375,-238.719512195122,16.06707317073171,168.8414634146341
-0.046875,-0.2109375,-0.5498046875,-366.219512195122,122.3475609756098,-173.0792682926829
0.036865234375,1.812744140625,-0.764892578125,-166.7378048780488,457.7134146341464,-593.1707317073171
-0.600341796875,4.609130859375,-0.5185546875,109.0853658536585,568.1402439024391,-632.8048780487806
-0.807861328125,5.4697265625,0.657958984375,437.1951219512196,-118.4756097560976,-282.7439024390244
0.10498046875,2.98046875,1.523681640625,-210.1829268292683,-3.99390243902439,538.1402439024391
2.140625,0.840576171875,1.317138671875,48.62804878048781,-255.1829268292683,62.07317073170732
5.88671875,0.364501953125,0.402099609375,241.4024390243903,89.48170731707317,154.5121951219512
2.728271484375,7.999755859375,1.110107421875,-133.8719512195122,-115.7317073170732,320.0304878048781
-0.032470703125,0.729248046875,-0.876708984375,-258.2621951219513,-125.4573170731707,360.1219512195123
1.395751953125,-0.91357421875,-0.096923828125,60.33536585365854,328.109756097561,-450.4878048780488
0.034423828125,1.0478515625,-0.061279296875,495.3658536585367,-206.7073170731707,-936.2804878048781
-1.061279296875,4.32958984375,1.0322265625,21.49390243902439,185.3353658536585,-116.6768292682927
-0.600830078125,4.93310546875,1.9697265625,-84.32926829268294,-100.640243902439,447.4085365853659
-0.678466796875,1.631103515625,0.5908203125,106.4024390243902,-155.4268292682927,158.6890243902439
7.999755859375,-8,1.174072265625,30.88414634146342,-41.12804878048781,360.3048780487805
2.384033203125,-7.635009765625,1.748779296875,-358.4756097560976,-23.8719512195122,308.9329268292683
0.715576171875,-1.759033203125,-0.814697265625,214.3292682926829,614.6646341463415,-636.8902439024391
0.04443359375,1.9599609375,-0.275390625,662.0121951219513,-999.0243902439025,-535.5487804878049
-0.983642578125,6.42333984375,2.038818359375,-7.682926829268293,265.8841463414635,121.3109756097561
0.273681640625,4.553955078125,-0.356689453125,-113.5060975609756,-30.85365853658537,162.0426829268293
-0.74560546875,1.390869140625,1.36572265625,-11.70731707317073,-157.4390243902439,395.0914634146342
7.999755859375,5.480224609375,-1.84228515625,-178.5975609756098,-125.0609756097561,369.5121951219513
0.919189453125,-1.034912109375,1.644775390625,-206.219512195122,584.939024390244,-99.42073170731709
1.017578125,0.3076171875,0.46435546875,310.609756097561,572.7439024390244,-636.4939024390244
0.004638671875,3.177001953125,0.94921875,23.90243902439025,-218.6585365853659,-700.9146341463415
-0.555908203125,5.397216796875,1.398193359375,-179.4817073170732,231.4024390243903,845.6402439024391
-0.279052734375,1.3603515625,-0.612060546875,-119.7256097560976,-115.1524390243902,165.640243902439
2.578369140625,-8,-8,42.92682926829269,-150.7317073170732,172.6524390243902
2.1103515625,1.216552734375,-4.77685546875,-76.18902439024392,-59.90853658536586,-81.18902439024392
-0.82275390625,4.21630859375,-4.774169921875,83.90243902439025,349.6646341463415,-485.1829268292684
-0.157470703125,3.196533203125,0.265869140625,44.45121951219512,-30.42682926829269,-183.0182926829268
-0.606201171875,3.915283203125,3.68212890625,-232.5914634146342,-29.05487804878049,414.0853658536586
0.07421875,2.42529296875,2.0869140625,51.34146341463415,-418.3536585365854,180.7317073170732
0.81298828125,0.465576171875,0.7587890625,83.8109756097561,148.719512195122,171.7073170731707
-0.012939453125,-1.47509765625,2.529052734375,-131.8292682926829,-206.7073170731707,56.76829268292683
0.19580078125,0.8076171875,-0.6435546875,74.51219512195122,170.9451219512195,-372.8353658536586
2.97998046875,-0.623291015625,0.026123046875,-133.3841463414634,225,-238.8414634146342
-1.160888671875,4.190185546875,2.9521484375,-215.5792682926829,-143.5975609756098,350.2134146341464
-0.736328125,3.32470703125,1.50732421875,-24.08536585365854,-261.6768292682927,-76.09756097560977
0.763671875,0.493896484375,0.855712890625,78.23170731707317,-19.02439024390244,217.8658536585366
0.00732421875,7.999755859375,-0.497802734375,-118.719512195122,-241.4329268292683,276.9207317073171
0.939697265625,-1.71923828125,-0.677490234375,-140.1219512195122,148.4451219512195,-153.8719512195122
2.09716796875,-1.0400390625,-0.255615234375,202.9268292682927,313.5365853658537,-530.609756097561
-0.673828125,2.358642578125,2.316650390625,-20.54878048780488,227.9268292682927,18.8719512195122
-1.00830078125,4.3369140625,2.73486328125,-145.4573170731707,-194.0548780487805,37.31707317073171
0.895263671875,1.31591796875,0.783935546875,235.2134146341464,-198.3841463414634,38.20121951219512
7.999755859375,-0.749755859375,-0.76416015625,-167.1036585365854,-100.2134146341463,382.5914634146342
0.2744140625,-5.6279296875,-1.014892578125,19.23780487804878,148.0487804878049,33.14024390243902
2.452392578125,-2.410888671875,-0.61279296875,433.079268292683,-417.0121951219513,-854.5426829268293
-0.2158203125,7.771728515625,2.482177734375,-19.45121951219512,240.7012195121951,50.1219512195122
-0.77001953125,2.87939453125,2.5576171875,-39.02439024390245,302.2256097560976,527.7439024390244
-0.20703125,1.489990234375,-0.30908203125,80.94512195121952,-279.7560975609757,33.41463414634147
7.999755859375,5.638427734375,-4.008056640625,121.0060975609756,-294.359756097561,370.0000000000001
0.7392578125,-0.061767578125,-3.699462890625,188.4756097560976,4.481707317073171,249.7865853658537
-1.1728515625,-3.044677734375,-1.758056640625,110.6707317073171,10.57926829268293,304.4512195121952
1.28369140625,-2.279052734375,-0.0537109375,-46.67682926829269,-17.28658536585366,347.8963414634147
0.13330078125,1.197998046875,-1.645263671875,-9.878048780487806,-111.8292682926829,144.4512195121951
-0.064208984375,0.444091796875,-0.244873046875,-278.5365853658537,-149.6646341463415,-527.6524390243903
-0.364990234375,2.11474609375,-0.801025390625,534.0243902439025,373.7804878048781,-484.0243902439025
-0.594970703125,2.211669921875,0.188720703125,877.1951219512196,-66.52439024390245,258.0182926829269
-0.011962890625,3.973876953125,2.369384765625,-27.16463414634147,96.85975609756099,526.189024390244
0.317626953125,2.811767578125,0.545166015625,-211.4024390243903,439.7560975609757,201.7682926829268
3.96875,-2.007568359375,-3.12841796875,8.75,-6.76829268292683,308.719512195122
-0.9462890625,3.583740234375,0.01171875,11.34146341463415,64.32926829268293,20.0609756097561
0.68212890625,-0.7138671875,3.292724609375,199.6646341463415,239.6341463414634,-166.1280487804878
-1.28369140625,-0.928466796875,0.897705078125,-285,-172.4390243902439,-725.8231707317074
0.7470703125,-0.03076171875,0.54736328125,122.1341463414634,-43.71951219512196,-3.048780487804879
3.998046875,2.84326171875,-1.090576171875,-35.73170731707317,-244.2682926829268,122.2256097560976
0.71728515625,5.982177734375,-0.058837890625,-254.6951219512195,-11.73780487804878,-250.2743902439025
3.287841796875,3.693115234375,-1.540283203125,-147.2256097560976,-120.5487804878049,62.37804878048781
-6.56103515625,7.999755859375,7.999755859375,25.18292682926829,392.1951219512196,447.5609756097562
-0.459716796875,-2.39111328125,4.219482421875,83.04878048780489,42.07317073170732,178.2621951219512
-0.003173828125,-0.75927734375,0.4365234375,-100.9756097560976,-61.4939024390244,-27.59146341463415
4.799560546875,-3.234130859375,2.082763671875,39.20731707317074,-139.1463414634146,186.7682926829268
0.07666015625,-2.274169921875,-0.553466796875,266.6463414634147,-206.7987804878049,239.6036585365854
-0.3828125,-1.032470703125,0.040283203125,442.5914634146342,-104.5426829268293,164.8475609756098
0.65087890625,-2.098388671875,-0.181884765625,508.4146341463415,51.70731707317074,96.76829268292684
-0.24951171875,-1.033203125,-0.061767578125,324.1463414634147,105.4573170731707,290.3963414634147
-0.04833984375,-0.739501953125,-0.590087890625,27.01219512195122,65.73170731707317,298.3536585365854
-0.01806640625,0.10595703125,-0.453125,-496.3719512195123,-75.91463414634147,199.9390243902439
0.054443359375,0.172607421875,-1.116943359375,-694.969512195122,454.5731707317074,-21.12804878048781
0.091064453125,0.911865234375,-0.177734375,158.6280487804878,269.2682926829269,-609.7865853658537
-0.726318359375,2.005859375,0.644775390625,998.9939024390245,-469.4817073170732,-427.0121951219513
0.19091796875,2.436279296875,-1.2919921875,998.9939024390245,-84.29878048780489,-385.3048780487805
-0.919189453125,-1.52734375,-4.04736328125,-53.26219512195122,189.3292682926829,-317.6829268292683
-1.8134765625,-1.92138671875,1.67333984375,-999.0243902439025,-116.9817073170732,153.3231707317073
0.570068359375,-2.585205078125,-1.333984375,-999.0243902439025,-146.4329268292683,443.2317073170732
-0.130126953125,4.629150390625,7.631591796875,-999.0243902439025,-225.7012195121951,520.609756097561
-3.039794921875,4.257568359375,4.42138671875,998.9939024390245,-330.6707317073171,-56.06707317073171
-0.66357421875,0.202880859375,-1.253662109375,998.9939024390245,90.1829268292683,-45.64024390243903
-0.6982421875,1.181640625,-2.100341796875,998.9939024390245,24.32926829268293,264.4512195121952
-1.232666015625,2.893310546875,-8,410.2134146341464,328.7500000000001,79.08536585365854
-0.338623046875,1.1240234375,-4.601318359375,-999.0243902439025,-90.76219512195122,-194.4512195121951
0.2373046875,2.84814453125,-3.787841796875,-999.0243902439025,-172.1646341463415,3.109756097560976
0.0205078125,2.150390625,-3.093505859375,-999.0243902439025,-224.4512195121951,201.0670731707317
-3.999267578125,4.3232421875,3.709716796875,-571.219512195122,-105.4878048780488,286.6768292682927
0.243408203125,1.66455078125,-2.169677734375,490.0304878048781,-89.14634146341464,320.5182926829269
0.054931640625,1.56640625,-2.12890625,707.8963414634147,-313.5060975609757,-28.35365853658537
-0.393310546875,0.398681640625,-5.526123046875,473.7500000000001,-327.0426829268293,-326.219512195122
3.824462890625,-3.7880859375,2.74755859375,359.4207317073171,-289.9085365853659,-338.5670731707318
0.353515625,0.191650390625,-0.424560546875,254.5121951219512,-225.9756097560976,-406.2500000000001
-0.567626953125,2.6103515625,-1.96484375,-77.13414634146342,47.07317073170732,-708.3536585365854
-0.1337890625,0.96630859375,-0.312255859375,-386.0670731707318,-69.96951219512195,-477.6829268292684
0.005126953125,0.2861328125,-0.1806640625,-516.0060975609756,-419.8780487804879,75.48780487804879
-1.076904296875,1.4267578125,2.679931640625,-406.7682926829269,13.14024390243902,136.7378048780488
-0.61279296875,-0.796630859375,1.410400390625,-424.4817073170732,246.6463414634146,-405.1524390243903
-0.2939453125,-0.828857421875,0.923583984375,1.49390243902439,510.8231707317074,-997.9878048780489
1.265625,-0.990966796875,2.454345703125,-9.603658536585368,-197.1646341463415,401.9512195121952
0.081298828125,0.150390625,-0.103515625,499.6036585365854,80.54878048780489,256.7073170731708
1.232421875,0.701171875,0.96337890625,414.4512195121952,89.78658536585367,173.0792682926829
7.999755859375,-8,-7.607666015625,117.0731707317073,98.47560975609757,406.7073170731708
0.209228515625,-0.672119140625,-0.169189453125,-159.2682926829268,147.2560975609756,404.4817073170732
0.031005859375,-1.162353515625,1.377685546875,-96.85975609756099,276.5243902439025,294.2378048780488
0.566162109375,-1.739501953125,1.297607421875,25.88414634146342,345.609756097561,333.079268292683
0.229248046875,-1.2880859375,1.2841796875,3.109756097560976,323.1402439024391,280.2134146341464
0.131103515625,-1.54931640625,0.515625,-58.14024390243903,-297.3475609756098,-194.1768292682927
0.4150390625,-1.954833984375,-0.073486328125,-118.0487804878049,-529.0853658536586,-457.5609756097562
0.23095703125,-0.25732421875,-0.103515625,-120.640243902439,287.9878048780488,-353.4451219512196
-0.931884765625,1.477783203125,-2.323486328125,-35,-329.2073170731708,-758.9024390243903
-0.42822265625,2.60791015625,-1.0107421875,169.2073170731707,323.5975609756098,-593.0487804878049
1.041259765625,4.0810546875,-1.681396484375,122.4390243902439,-356.4939024390244,921.0365853658537
-0.002197265625,3.2939453125,-0.97802734375,53.14024390243903,98.68902439024392,-621.4024390243903
1.15234375,2.456787109375,-0.719482421875,-204.390243902439,226.3719512195122,2.25609756097561
7.999755859375,-8,4.127197265625,-92.10365853658537,259.8780487804878,493.2926829268293
-8,-8,1.180419921875,26.92073170731707,236.859756097561,770.6707317073171
1.43359375,-1.18798828125,3.192626953125,62.83536585365854,-49.20731707317074,645.579268292683
1.001220703125,0.114990234375,0.833251953125,35.15243902439025,-640.609756097561,-150.4573170731707
1.058349609375,-0.41064453125,0.271240234375,-240.4878048780488,262.8658536585366,-139.9390243902439
-0.085693359375,-0.16748046875,0.232666015625,-81.52439024390245,-265.9756097560976,-302.3170731707318
-1.5693359375,1.2958984375,-2.752197265625,-205.4878048780488,-198.3841463414634,-731.4024390243903
1.72607421875,2.0625,-1.90478515625,138.75,147.0426829268293,-633.9329268292684
-0.111572265625,2.21435546875,-3.305419921875,537.9878048780488,-999.0243902439025,722.4085365853659
0.31982421875,3.555908203125,-1.687744140625,-262.9268292682927,904.329268292683,-375.4268292682927
1.00634765625,1.126220703125,-0.597900390625,-677.9878048780488,468.1707317073171,63.90243902439025
7.999755859375,-8,4.44384765625,-157.3475609756098,-241.25,783.4756097560976
-6.411376953125,-6.165771484375,3.7314453125,-15.82317073170732,47.59146341463415,-19.9390243902439
0.74658203125,0.066650390625,1.6005859375,-63.14024390243903,304.2682926829269,223.3841463414634
2.057861328125,-2.348876953125,0.8369140625,158.0487804878049,70.0609756097561,-101.3719512195122
1.3056640625,1.788330078125,0.287841796875,-23.96341463414634,-47.13414634146342,-572.6829268292684
1.350341796875,2.0390625,-0.9443359375,63.50609756097562,24.78658536585366,-334.0548780487805
-0.03955078125,3.354248046875,-0.951904296875,-266.4939024390244,-390.1524390243903,-289.8780487804879
0.918701171875,4.404296875,-0.5009765625,-195.4573170731707,66.28048780487805,344.1768292682927
1.965087890625,0.4794921875,0.13525390625,-7.042682926829269,-137.8353658536585,225.0914634146342
-8,-6.60009765625,7.999755859375,-327.3780487804879,-12.86585365853659,-158.780487804878
3.688720703125,-7.3857421875,1.852783203125,-796.0975609756098,184.8170731707317,-435.2134146341464
0.982666015625,-0.6044921875,0.850341796875,-113.3231707317073,340.1219512195122,-298.3841463414635
1.81201171875,1.287841796875,0.292236328125,-18.59756097560976,299.969512195122,-350.7926829268293
0.90966796875,3.313232421875,0.37841796875,360.0304878048781,-177.8353658536585,142.4390243902439
-0.322021484375,4.28759765625,1.500244140625,-125,-59.26829268292683,-38.38414634146342
0.461669921875,1.556640625,1.44970703125,21.09756097560976,-590.1829268292684,254.1768292682927
-0.91357421875,-2.221923828125,-0.136474609375,237.1951219512195,327.8353658536586,23.93292682926829
0.256591796875,3.710693359375,-1.285888671875,57.43902439024391,-286.219512195122,395.4268292682927
1.350830078125,-0.40966796875,-0.45654296875,-377.8353658536586,-49.72560975609757,85.09146341463415
3.8095703125,-0.255615234375,-1.254638671875,-80.82317073170732,998.9939024390245,-524.2987804878049
-1.614013671875,4.8486328125,4.71240234375,-37.6829268292683,10.51829268292683,87.22560975609757
-1.760498046875,4.833251953125,3.5078125,-255.0914634146342,56.3719512195122,251.25
1.078125,1.889404296875,0.529052734375,37.80487804878049,-277.0121951219513,2.347560975609756
-6.213623046875,-8,-8,14.66463414634146,-129.3292682926829,128.4146341463415
-0.39697265625,3.00341796875,-0.642822265625,-123.140243902439,-82.77439024390245,194.6341463414634
0.904296875,-2.06298828125,-2.25732421875,111.9207317073171,679.7865853658537,-128.719512195122
1.11083984375,0.53466796875,0.962890625,284.2073170731708,-360.5182926829269,-549.1768292682927
-1.15283203125,3.333740234375,4.895263671875,-61.21951219512196,-100.3963414634146,32.31707317073171
0.087646484375,2.185546875,3.368408203125,172.1646341463415,-87.80487804878049,222.7134146341464
-0.12939453125,1.18505859375,-0.0537109375,83.04878048780489,320.8231707317074,127.4085365853659
2.517333984375,7.999755859375,-3.330078125,-61.31097560975611,-247.9878048780488,261.5548780487805
0.485107421875,-2.221923828125,-6.143798828125,-174.6951219512195,196.4024390243903,-196.1280487804878
1.096435546875,-2.37109375,0.75,286.5548780487805,83.50609756097562,-479.2682926829269
-3.589111328125,4.802490234375,5.143798828125,8.810975609756099,-443.0487804878049,202.4085365853659
-1.059814453125,3.341064453125,3.662109375,98.20121951219514,147.0121951219512,115.3963414634146
1.38037109375,1.274658203125,-0.358642578125,80.45731707317074,126.3109756097561,403.2621951219513
1.134521484375,7.999755859375,-0.99462890625,-348.6585365853659,-484.0243902439025,467.5000000000001
0.14453125,5.490478515625,-4.22900390625,24.90853658536586,998.9939024390245,-221.0060975609756
0.151611328125,2.09716796875,-0.236083984375,612.5,-484.6341463414635,-665.8231707317074
-2.467529296875,3.871337890625,2.74658203125,-132.8353658536585,232.9268292682927,84.66463414634147
0.772216796875,2.773193359375,1.6865234375,-194.7865853658537,-138.2926829268293,368.2012195121952
-1.032470703125,1.0107421875,-0.06298828125,25.0609756097561,228.5670731707317,285.7926829268293
-0.394287109375,7.999755859375,1.235107421875,-290.7012195121952,-514.5731707317074,346.189024390244
-1.1044921875,4.040283203125,-6.7548828125,377.439024390244,769.5121951219513,-22.28658536585366
1.575439453125,-1.270751953125,-0.94384765625,570.609756097561,-262.0731707317074,-863.8719512195123
-4.344970703125,7.095458984375,3.574951171875,-181.8292682926829,318.5670731707318,150.8536585365854
0.503173828125,2.503662109375,3.254150390625,-160.5182926829268,-171.890243902439,160.4573170731707
-1.4130859375,2.5224609375,1.32373046875,-33.26219512195122,-47.86585365853659,186.7378048780488
0.553466796875,6.20947265625,7.385498046875,-38.26219512195122,-2.835365853658537,694.1768292682927
1.07177734375,0.112060546875,-4.955078125,16.55487804878049,580.7012195121952,-433.689024390244
1.018798828125,-2.531982421875,-1.64794921875,631.6768292682927,-70.82317073170732,-179.8170731707317
-3.56005859375,3.11474609375,5.02734375,195.5487804878049,-277.2560975609757,-23.93292682926829
-4.907958984375,3.86328125,2.773681640625,-334.6951219512196,-240.9451219512195,326.8902439024391
-0.819580078125,2.442626953125,0.11083984375,-146.5243902439024,-54.02439024390245,845.7012195121952
2.9716796875,-0.805419921875,7.298583984375,-73.68902439024392,423.8109756097562,-390.4268292682927
5.4228515625,-1.193359375,2.152587890625,-209.8780487804878,257.469512195122,39.26829268292683
1.222412109375,-0.605224609375,0.901123046875,560.3658536585366,286.0975609756098,-597.3170731707318
-2.126220703125,6.178466796875,2.255615234375,302.1646341463415,-449.0548780487806,-123.9939024390244
-6.15087890625,7.6357421875,6.285888671875,-132.3170731707317,-394.8170731707318,270.6707317073171
-0.3662109375,-6.648681640625,-8,-82.04268292682927,0.5792682926829269,735.6402439024391
1.454345703125,3.197265625,0.854248046875,-171.3414634146341,545.6707317073171,88.75000000000001
7.023193359375,-2.0869140625,3.3896484375,121.9817073170732,255.1219512195122,-536.829268292683
1.292236328125,-0.674072265625,2.179443359375,508.2317073170732,735.3048780487806,-999.0243902439025
-0.321044921875,4.509765625,0.86962890625,-256.6158536585366,-190.640243902439,-107.8048780487805
-3.857177734375,3.642578125,2.23193359375,-136.9512195121951,-428.2621951219513,-336.9207317073171
1.384521484375,-8,-8,239.1158536585366,-308.5670731707318,998.9939024390245
7.999755859375,5.0576171875,1.94677734375,58.65853658536586,780.0000000000001,-257.9268292682927
-0.655029296875,0.54931640625,-1.164306640625,130.6707317073171,-999.0243902439025,-630.4268292682927
-0.963134765625,-0.757080078125,1.76513671875,359.0548780487805,537.9878048780488,217.5304878048781
1.549072265625,7.999755859375,4.804931640625,-35.82317073170732,-573.0487804878049,-242.9878048780488
